Region,Country,Item Type,Origin State,Sales Channel,Order Priority,Order Date,Order ID,Ship Date,Units Sold,Exchange Rate (INR per USD),Unit Price (USD),Unit Cost (USD),Unit Price (INR),Unit Cost (INR),Total Revenue (USD),Total Cost (USD),Total Profit (USD),Total Revenue (INR),Total Cost (INR),Total Profit (INR)
Europe,Spain,Cardamom,Kerala,Offline,M,5/25/2021,399603661,6/7/2021,446,73.85,25.09,20.7,1852.9,1528.69,11190.14,9232.2,1957.94,826393.4,681795.74,144597.66
North America,United States,Coriander Seeds,Madhya Pradesh,Offline,L,11/18/2021,539702622,12/13/2021,1298,73.94,2.14,1.42,158.23,104.99,2777.72,1843.16,934.56,205382.54,136277.02,69105.52
Asia,Nepal,Black Pepper,Karnataka,Offline,C,11/14/2025,239525986,11/16/2025,558,87.14,9.13,6.74,795.59,587.32,5094.54,3760.92,1333.62,443939.22,327724.56,116214.66
Europe,Netherlands,Turmeric,Andhra Pradesh,Online,L,1/16/2019,414125447,2/16/2019,1299,69.85,2.55,1.85,178.12,129.22,3312.45,2403.15,909.3,231377.88,167856.78,63521.1
Asia,Malaysia,Garam Masala,Kerala,Online,L,3/1/2021,990730597,3/23/2021,200,73.74,8.21,5.35,605.41,394.51,1642.0,1070.0,572.0,121082.0,78902.0,42180.0
Europe,Netherlands,Fennel Seeds,Gujarat,Online,M,2/3/2021,624819043,2/16/2021,940,74.36,3.51,2.39,261.0,177.72,3299.4,2246.6,1052.8,245340.0,167056.8,78283.2
Asia,Vietnam,Fennel Seeds,Rajasthan,Online,H,7/24/2019,344129986,8/4/2019,518,70.72,2.65,1.8,187.41,127.3,1372.7,932.4,440.3,97078.38,65941.4,31136.98
Asia,South Korea,Coriander Seeds,Rajasthan,Offline,M,6/23/2019,251503239,7/9/2019,7315,69.52,1.55,0.99,107.76,68.82,11338.25,7241.85,4096.4,788264.4,503418.3,284846.1
Australia and Oceania,Australia,Cloves,Tamil Nadu,Online,L,1/3/2019,348238781,2/6/2019,392,70.09,9.28,7.13,650.44,499.74,3637.76,2794.96,842.8,254972.48,195898.08,59074.4
Middle East and North Africa,Jordan,Fenugreek Seeds,Madhya Pradesh,Online,C,3/1/2023,833765307,3/2/2023,300,82.58,2.77,1.78,228.75,146.99,831.0,534.0,297.0,68625.0,44097.0,24528.0
North America,United States,Turmeric,Telangana,Offline,L,4/1/2020,127271384,4/28/2020,873,73.06,2.39,1.64,174.61,119.82,2086.47,1431.72,654.75,152434.53,104602.86,47831.67
Europe,Netherlands,Turmeric,Maharashtra,Offline,M,10/30/2022,241515656,11/11/2022,4227,78.77,2.55,1.61,200.86,126.82,10778.85,6805.47,3973.38,849035.22,536068.14,312967.08
Asia,Malaysia,Red Chilli,Telangana,Offline,M,7/21/2022,260122778,8/13/2022,8101,78.86,3.05,1.99,240.52,156.93,24708.05,16120.99,8587.06,1948452.52,1271289.93,677162.59
Middle East and North Africa,Oman,Turmeric,Telangana,Online,M,12/9/2023,314119928,12/15/2023,1697,82.92,2.55,1.68,211.45,139.31,4327.35,2850.96,1476.39,358830.65,236409.07,122421.58
Europe,Spain,Red Chilli,Madhya Pradesh,Online,H,6/11/2024,524221438,6/22/2024,4804,83.61,3.37,2.18,281.77,182.27,16189.48,10472.72,5716.76,1353623.08,875625.08,477998.0
Middle East and North Africa,United Arab Emirates,Black Pepper,Kerala,Offline,C,8/20/2023,378967379,8/23/2023,4565,82.46,8.97,6.75,739.67,556.6,40948.05,30813.75,10134.3,3376593.55,2540879.0,835714.55
Europe,France,Saffron,Jammu and Kashmir,Online,M,2/29/2024,648605554,3/22/2024,7,82.99,2405.17,2136.31,199605.06,177292.37,16836.19,14954.17,1882.02,1397235.42,1241046.59,156188.83
Asia,Indonesia,Cumin Seeds,Gujarat,Offline,M,7/31/2024,371572269,8/7/2024,2306,83.9,4.14,2.89,347.35,242.47,9546.84,6664.34,2882.5,800989.1,559135.82,241853.28
Asia,Thailand,Turmeric,Maharashtra,Online,M,12/14/2022,605700095,12/31/2022,1112,79.14,2.27,1.51,179.65,119.5,2524.24,1679.12,845.12,199770.8,132884.0,66886.8
Europe,Netherlands,Cardamom,Kerala,Offline,L,5/24/2020,180658657,6/17/2020,200,73.89,22.45,17.02,1658.83,1257.61,4490.0,3404.0,1086.0,331766.0,251522.0,80244.0
Asia,South Korea,Cinnamon,Kerala,Online,M,2/12/2023,528363849,2/22/2023,668,82.25,5.41,3.89,444.97,319.95,3613.88,2598.52,1015.36,297239.96,213726.6,83513.36
North America,United States,Cinnamon,Tamil Nadu,Online,C,10/9/2023,584414948,10/13/2023,1985,82.11,6.13,4.19,503.33,344.04,12168.05,8317.15,3850.9,999110.05,682919.4,316190.65
North America,United States,Cinnamon,Kerala,Online,L,1/26/2022,868368542,2/11/2022,754,77.82,5.63,4.3,438.13,334.63,4245.02,3242.2,1002.82,330350.02,252311.02,78039.0
Asia,Japan,Coriander Seeds,Gujarat,Online,C,12/6/2025,704899411,12/9/2025,1717,87.76,2.02,1.35,177.28,118.48,3468.34,2317.95,1150.39,304389.76,203430.16,100959.6
Europe,Russia,Coriander Seeds,Gujarat,Offline,M,5/11/2020,184110103,5/28/2020,1709,74.79,1.83,1.23,136.87,91.99,3127.47,2102.07,1025.4,233910.83,157210.91,76699.92
Asia,India,Turmeric,Andhra Pradesh,Offline,L,10/16/2019,730756799,11/22/2019,2175,70.12,2.06,1.38,144.45,96.77,4480.5,3001.5,1479.0,314178.75,210474.75,103704.0
North America,United States,Mustard Seeds,Madhya Pradesh,Offline,M,2/3/2023,598739957,2/13/2023,893,82.67,1.28,0.82,105.82,67.79,1143.04,732.26,410.78,94497.26,60536.47,33960.79
Middle East and North Africa,Iran,Cinnamon,Tamil Nadu,Offline,M,6/24/2021,643756776,7/3/2021,1437,74.03,4.81,3.53,356.08,261.33,6911.97,5072.61,1839.36,511686.96,375531.21,136155.75
Middle East and North Africa,Saudi Arabia,Fenugreek Seeds,Rajasthan,Offline,L,7/29/2023,248696911,8/8/2023,1452,82.62,2.72,1.71,224.73,141.28,3949.44,2482.92,1466.52,326307.96,205138.56,121169.4
North America,Canada,Black Pepper,Karnataka,Offline,H,7/11/2024,898114031,7/23/2024,693,83.06,9.49,7.44,788.24,617.97,6576.57,5155.92,1420.65,546250.32,428253.21,117997.11
Europe,Germany,Turmeric,Karnataka,Online,L,8/10/2022,280477320,9/11/2022,508,77.85,2.21,1.59,172.05,123.78,1122.68,807.72,314.96,87401.4,62880.24,24521.16
Asia,Pakistan,Red Chilli,Madhya Pradesh,Offline,L,3/27/2025,428056966,4/30/2025,1024,86.34,3.18,1.77,274.56,152.82,3256.32,1812.48,1443.84,281149.44,156487.68,124661.76
Sub-Saharan Africa,Kenya,Turmeric,Andhra Pradesh,Online,M,8/15/2025,802349523,8/24/2025,2589,87.42,2.11,1.36,184.46,118.89,5462.79,3521.04,1941.75,477566.94,307806.21,169760.73
North America,United States,Turmeric,Andhra Pradesh,Online,L,7/19/2022,964808550,8/21/2022,2797,79.54,2.72,1.74,216.35,138.4,7607.84,4866.78,2741.06,605130.95,387104.8,218026.15
Europe,Belgium,Cumin Seeds,Gujarat,Online,M,2/3/2024,420177045,2/26/2024,980,82.81,5.04,3.52,417.36,291.49,4939.2,3449.6,1489.6,409012.8,285660.2,123352.6
Middle East and North Africa,Egypt,Turmeric,Odisha,Online,M,4/17/2025,239865816,5/3/2025,696,86.78,2.79,1.78,242.12,154.47,1941.84,1238.88,702.96,168515.52,107511.12,61004.4
North America,United States,Cumin Seeds,Gujarat,Online,M,3/27/2019,654763540,4/13/2019,1134,70.1,4.03,2.79,282.5,195.58,4570.02,3163.86,1406.16,320355.0,221787.72,98567.28
North America,United States,Black Pepper,Karnataka,Online,M,2/17/2022,542996851,3/11/2022,200,78.07,8.97,6.98,700.29,544.93,1794.0,1396.0,398.0,140058.0,108986.0,31072.0
Asia,Indonesia,Cumin Seeds,Rajasthan,Online,M,12/5/2020,489621270,12/18/2020,467,74.61,4.1,3.03,305.9,226.07,1914.7,1415.01,499.69,142855.3,105574.69,37280.61
Sub-Saharan Africa,South Africa,Cinnamon,Kerala,Online,L,10/30/2022,637534103,11/30/2022,1513,78.34,5.23,5.07,409.72,397.18,7912.99,7670.91,242.08,619906.36,600933.34,18973.02
Middle East and North Africa,Saudi Arabia,Saffron,Jammu and Kashmir,Online,M,4/9/2022,112916101,4/30/2022,16,78.06,2203.93,1951.43,172038.78,152328.63,35262.88,31222.88,4040.0,2752620.48,2437258.08,315362.4
Europe,Belgium,Coriander Seeds,Rajasthan,Offline,L,12/22/2024,169992395,1/8/2025,723,84.16,1.96,1.18,164.95,99.31,1417.08,853.14,563.94,119258.85,71801.13,47457.72
Central America and the Caribbean,Panama,Cumin Seeds,Gujarat,Offline,M,2/26/2021,645593010,3/5/2021,407,74.26,4.19,2.68,311.15,199.02,1705.33,1090.76,614.57,126638.05,81001.14,45636.91
North America,United States,Cardamom,Kerala,Online,M,10/29/2023,914233664,11/22/2023,168,83.3,25.12,21.16,2092.5,1762.63,4220.16,3554.88,665.28,351540.0,296121.84,55418.16
Europe,Netherlands,Turmeric,Karnataka,Offline,M,5/4/2020,842467396,5/12/2020,546,74.53,2.24,1.34,166.95,99.87,1223.04,731.64,491.4,91154.7,54529.02,36625.68
Sub-Saharan Africa,Nigeria,Cloves,Kerala,Offline,M,5/19/2022,755164014,5/25/2022,251,79.13,10.52,8.72,832.45,690.01,2640.52,2188.72,451.8,208944.95,173192.51,35752.44
Europe,Spain,Mustard Seeds,Madhya Pradesh,Offline,M,10/25/2020,781418461,10/30/2020,1613,75.76,1.19,0.83,90.15,62.88,1919.47,1338.79,580.68,145411.95,101425.44,43986.51
Middle East and North Africa,Egypt,Coriander Seeds,Madhya Pradesh,Offline,M,6/5/2025,896613898,6/22/2025,1039,86.65,1.8,1.11,155.97,96.18,1870.2,1153.29,716.91,162052.83,99931.02,62121.81
Middle East and North Africa,Turkey,Cumin Seeds,Gujarat,Offline,H,11/10/2021,623081063,11/13/2021,1007,74.39,3.61,2.59,268.55,192.67,3635.27,2608.13,1027.14,270429.85,194018.69,76411.16
Asia,Bangladesh,Coriander Seeds,Rajasthan,Offline,M,11/17/2019,913366250,12/3/2019,7909,70.59,1.58,1.01,111.53,71.3,12496.22,7988.09,4508.13,882090.77,563911.7,318179.07
Middle East and North Africa,Saudi Arabia,Red Chilli,Andhra Pradesh,Offline,L,10/11/2025,129619176,11/1/2025,679,87.86,3.38,2.15,296.97,188.9,2295.02,1459.85,835.17,201642.63,128263.1,73379.53
Middle East and North Africa,United Arab Emirates,Red Chilli,Telangana,Offline,L,11/5/2019,744306554,12/5/2019,1056,70.86,2.59,1.56,183.53,110.54,2735.04,1647.36,1087.68,193807.68,116730.24,77077.44
Middle East and North Africa,United Arab Emirates,Turmeric,Telangana,Online,L,4/30/2023,318000724,5/13/2023,544,82.37,2.79,1.91,229.81,157.33,1517.76,1039.04,478.72,125016.64,85587.52,39429.12
Sub-Saharan Africa,Ghana,Cloves,Kerala,Online,H,9/16/2020,128882074,9/24/2020,142,73.21,9.23,6.88,675.73,503.68,1310.66,976.96,333.7,95953.66,71522.56,24431.1
North America,United States,Red Chilli,Telangana,Offline,L,9/27/2024,402127374,10/11/2024,1860,84.22,3.56,1.99,299.82,167.6,6621.6,3701.4,2920.2,557665.2,311736.0,245929.2
Asia,Vietnam,Turmeric,Tamil Nadu,Offline,M,2/23/2022,395317413,3/4/2022,4245,77.86,1.98,1.27,154.16,98.88,8405.1,5391.15,3013.95,654409.2,419745.6,234663.6
Europe,Spain,Garam Masala,Maharashtra,Online,L,5/31/2022,309380456,7/1/2022,1199,78.35,8.05,4.82,630.72,377.65,9651.95,5779.18,3872.77,756233.28,452802.35,303430.93
Middle East and North Africa,United Arab Emirates,Nutmeg,Tamil Nadu,Offline,M,10/5/2024,111510888,10/30/2024,213,83.45,11.62,8.62,969.69,719.34,2475.06,1836.06,639.0,206543.97,153219.42,53324.55
Middle East and North Africa,Morocco,Coriander Seeds,Rajasthan,Online,L,12/6/2019,807597118,1/8/2020,560,71.36,1.61,1.07,114.89,76.36,901.6,599.2,302.4,64338.4,42761.6,21576.8
Asia,Singapore,Coriander Seeds,Gujarat,Online,L,2/9/2023,955398043,3/3/2023,3412,81.64,1.82,1.12,148.58,91.44,6209.84,3821.44,2388.4,506954.96,311993.28,194961.68
Middle East and North Africa,Morocco,Cloves,Tamil Nadu,Online,M,12/1/2019,145413053,12/25/2019,260,71.31,11.02,8.96,785.84,638.94,2865.2,2329.6,535.6,204318.4,166124.4,38194.0
Middle East and North Africa,Egypt,Coriander Seeds,Madhya Pradesh,Offline,M,8/14/2024,185580129,8/20/2024,4860,82.83,1.94,1.15,160.69,95.25,9428.4,5589.0,3839.4,780953.4,462915.0,318038.4
Middle East and North Africa,Turkey,Coriander Seeds,Madhya Pradesh,Offline,L,2/13/2021,514120953,3/22/2021,804,73.45,1.84,1.15,135.15,84.47,1479.36,924.6,554.76,108660.6,67913.88,40746.72
Asia,Bangladesh,Red Chilli,Madhya Pradesh,Online,C,1/1/2024,648943152,1/6/2024,1025,84.6,3.17,2.2,268.18,186.12,3249.25,2255.0,994.25,274884.5,190773.0,84111.5
Asia,Indonesia,Fennel Seeds,Gujarat,Online,L,4/22/2023,294329719,5/5/2023,1018,82.26,2.92,2.01,240.2,165.34,2972.56,2046.18,926.38,244523.6,168316.12,76207.48
Australia and Oceania,Australia,Turmeric,Tamil Nadu,Online,M,2/27/2019,336414932,3/5/2019,1652,69.84,2.55,1.75,178.09,122.22,4212.6,2891.0,1321.6,294204.68,201907.44,92297.24
Europe,Germany,Black Pepper,Kerala,Online,M,6/25/2021,610966118,7/11/2021,684,74.18,7.73,5.91,573.41,438.4,5287.32,4042.44,1244.88,392212.44,299865.6,92346.84
Europe,France,Dry Ginger,Karnataka,Offline,L,7/6/2025,244246881,8/11/2025,485,87.21,4.11,2.87,358.43,250.29,1993.35,1391.95,601.4,173838.55,121390.65,52447.9
Central America and the Caribbean,Trinidad and Tobago,Turmeric,Telangana,Offline,L,8/31/2022,358626167,10/5/2022,6595,78.86,2.37,1.44,186.9,113.56,15630.15,9496.8,6133.35,1232605.5,748928.2,483677.3
Middle East and North Africa,United Arab Emirates,Black Pepper,Tamil Nadu,Offline,C,2/24/2020,835166339,3/1/2020,297,73.01,8.3,5.66,605.98,413.24,2465.1,1681.02,784.08,179976.06,122732.28,57243.78
Australia and Oceania,Australia,Fennel Seeds,Rajasthan,Online,M,7/16/2024,131403943,7/29/2024,339,83.5,3.3,2.2,275.55,183.7,1118.7,745.8,372.9,93411.45,62274.3,31137.15
North America,United States,Coriander Seeds,Gujarat,Offline,L,5/4/2024,359912483,6/13/2024,4541,84.03,2.07,1.28,173.94,107.56,9399.87,5812.48,3587.39,789861.54,488429.96,301431.58
Europe,Sweden,Coriander Seeds,Rajasthan,Online,L,7/20/2021,530093881,8/27/2021,1520,73.14,2.16,1.35,157.98,98.74,3283.2,2052.0,1231.2,240129.6,150084.8,90044.8
Sub-Saharan Africa,Nigeria,Cinnamon,Kerala,Offline,L,11/4/2023,236843261,12/3/2023,3372,83.71,5.1,3.3,426.92,276.24,17197.2,11127.6,6069.6,1439574.24,931481.28,508092.96
Europe,Netherlands,Mustard Seeds,Rajasthan,Offline,H,3/4/2019,508784549,3/10/2019,910,69.57,1.31,0.83,91.14,57.74,1192.1,755.3,436.8,82937.4,52543.4,30394.0
Asia,Sri Lanka,Cloves,Kerala,Online,M,2/20/2020,949362292,3/15/2020,319,74.05,10.93,8.95,809.37,662.75,3486.67,2855.05,631.62,258189.03,211417.25,46771.78
Asia,Singapore,Cumin Seeds,Rajasthan,Online,L,11/14/2023,597851406,12/23/2023,3369,83.1,4.66,3.24,387.25,269.24,15699.54,10915.56,4783.98,1304645.25,907069.56,397575.69
Asia,Indonesia,Cinnamon,Kerala,Online,H,6/4/2023,770233713,6/15/2023,200,82.54,5.07,3.73,418.48,307.87,1014.0,746.0,268.0,83696.0,61574.0,22122.0
Asia,Sri Lanka,Cumin Seeds,Rajasthan,Online,H,7/23/2022,204494262,8/1/2022,3023,77.71,4.35,2.83,338.04,219.92,13150.05,8555.09,4594.96,1021894.92,664818.16,357076.76
North America,United States,Fennel Seeds,Rajasthan,Online,L,1/5/2019,124474726,2/14/2019,470,69.54,2.64,1.65,183.59,114.74,1240.8,775.5,465.3,86287.3,53927.8,32359.5
Sub-Saharan Africa,Tanzania,Garam Masala,Gujarat,Online,H,9/11/2019,966922829,9/23/2019,653,70.35,6.84,4.07,481.19,286.32,4466.52,2657.71,1808.81,314217.07,186966.96,127250.11
North America,United States,Garam Masala,Kerala,Online,L,1/29/2023,182440508,2/23/2023,252,82.44,9.02,5.31,743.61,437.76,2273.04,1338.12,934.92,187389.72,110315.52,77074.2
Middle East and North Africa,Morocco,Red Chilli,Andhra Pradesh,Online,L,9/22/2025,455444111,10/12/2025,767,87.26,3.47,2.02,302.79,176.27,2661.49,1549.34,1112.15,232239.93,135199.09,97040.84
Middle East and North Africa,Oman,Saffron,Jammu and Kashmir,Online,L,5/25/2025,469021087,6/8/2025,2,86.54,2431.6,2317.41,210430.66,200548.66,4863.2,4634.82,228.38,420861.32,401097.32,19764.0
Asia,Thailand,Fenugreek Seeds,Madhya Pradesh,Offline,L,9/13/2025,711504224,10/22/2025,4110,87.25,2.76,1.76,240.81,153.56,11343.6,7233.6,4110.0,989729.1,631131.6,358597.5
Europe,Spain,Cloves,Tamil Nadu,Online,C,9/24/2023,746050920,9/30/2023,492,82.12,12.49,10.07,1025.68,826.95,6145.08,4954.44,1190.64,504634.56,406859.4,97775.16
Sub-Saharan Africa,South Africa,Red Chilli,Andhra Pradesh,Offline,M,10/25/2021,531093054,11/16/2021,678,73.99,3.15,1.87,233.07,138.36,2135.7,1267.86,867.84,158021.46,93808.08,64213.38
Europe,United Kingdom,Cumin Seeds,Gujarat,Online,H,10/24/2021,637661829,11/4/2021,2036,74.66,4.76,3.14,355.38,234.43,9691.36,6393.04,3298.32,723553.68,477299.48,246254.2
North America,Mexico,Garam Masala,Gujarat,Offline,M,10/27/2025,383037176,11/16/2025,820,86.95,9.27,5.31,806.03,461.7,7601.4,4354.2,3247.2,660944.6,378594.0,282350.6
Sub-Saharan Africa,Nigeria,Turmeric,Odisha,Online,H,2/4/2025,683647300,2/15/2025,663,86.89,2.55,2.06,221.57,178.99,1690.65,1365.78,324.87,146900.91,118670.37,28230.54
Sub-Saharan Africa,Kenya,Red Chilli,Karnataka,Offline,H,7/2/2024,991313680,7/6/2024,1734,83.54,3.09,2.91,258.14,243.1,5358.06,5045.94,312.12,447614.76,421535.4,26079.36
Asia,South Korea,Mustard Seeds,Rajasthan,Online,C,10/4/2023,350811681,10/5/2023,3550,83.77,1.4,0.9,117.28,75.39,4970.0,3195.0,1775.0,416344.0,267634.5,148709.5
Asia,Thailand,Coriander Seeds,Madhya Pradesh,Offline,M,3/1/2022,123083107,3/22/2022,803,78.76,1.69,1.01,133.1,79.55,1357.07,811.03,546.04,106879.3,63878.65,43000.65
Asia,Pakistan,Cinnamon,Tamil Nadu,Online,M,12/6/2022,108794896,12/22/2022,1427,79.34,5.32,3.65,422.09,289.59,7591.64,5208.55,2383.09,602322.43,413244.93,189077.5
Middle East and North Africa,Iran,Cumin Seeds,Rajasthan,Offline,M,4/20/2022,638247880,5/4/2022,391,78.25,4.15,3.68,324.74,287.96,1622.65,1438.88,183.77,126973.34,112592.36,14380.98
North America,United States,Red Chilli,Karnataka,Online,C,2/25/2020,896807576,3/2/2020,899,73.35,3.05,2.05,223.72,150.37,2741.95,1842.95,899.0,201124.28,135182.63,65941.65
Asia,Vietnam,Black Pepper,Karnataka,Online,H,9/13/2024,998651818,9/17/2024,200,84.98,9.17,6.54,779.27,555.77,1834.0,1308.0,526.0,155854.0,111154.0,44700.0
Europe,United Kingdom,Dry Ginger,Sikkim,Offline,M,11/12/2025,343370445,12/4/2025,381,88.36,4.29,3.12,379.06,275.68,1634.49,1188.72,445.77,144421.86,105034.08,39387.78
Asia,Vietnam,Mustard Seeds,Rajasthan,Online,C,4/30/2023,191303115,5/2/2023,800,82.39,1.41,0.95,116.17,78.27,1128.0,760.0,368.0,92936.0,62616.0,30320.0
Middle East and North Africa,Turkey,Cardamom,Kerala,Offline,M,8/23/2020,526632599,9/7/2020,746,74.16,22.57,17.92,1673.79,1328.95,16837.22,13368.32,3468.9,1248647.34,991396.7,257250.64
Europe,Spain,Dry Ginger,Odisha,Online,L,7/11/2024,387899314,8/17/2024,1904,83.61,4.19,2.94,350.33,245.81,7977.76,5597.76,2380.0,667028.32,468022.24,199006.08
Middle East and North Africa,Oman,Coriander Seeds,Gujarat,Online,H,7/24/2024,257195786,8/4/2024,4429,83.51,1.98,1.41,165.35,117.75,8769.42,6244.89,2524.53,732335.15,521514.75,210820.4
Sub-Saharan Africa,Nigeria,Cumin Seeds,Rajasthan,Offline,M,9/17/2019,573899016,9/29/2019,784,70.41,3.36,2.38,236.58,167.58,2634.24,1865.92,768.32,185478.72,131382.72,54096.0
Europe,Spain,Red Chilli,Andhra Pradesh,Online,H,7/22/2019,676439604,7/28/2019,500,69.98,2.98,1.85,208.54,129.46,1490.0,925.0,565.0,104270.0,64730.0,39540.0
Europe,Poland,Nutmeg,Kerala,Online,H,11/1/2022,284073370,11/11/2022,117,79.28,13.2,10.35,1046.5,820.55,1544.4,1210.95,333.45,122440.5,96004.35,26436.15
Middle East and North Africa,Egypt,Turmeric,Andhra Pradesh,Online,H,12/25/2023,333776611,1/5/2024,585,83.49,2.08,1.44,173.66,120.23,1216.8,842.4,374.4,101591.1,70334.55,31256.55
Middle East and North Africa,Saudi Arabia,Fenugreek Seeds,Rajasthan,Offline,H,12/29/2023,108637895,1/5/2024,343,83.66,2.71,1.95,226.72,163.14,929.53,668.85,260.68,77764.96,55957.02,21807.94
Europe,Russia,Turmeric,Telangana,Offline,H,8/28/2025,999492819,9/5/2025,5088,87.5,2.5,1.72,218.75,150.5,12720.0,8751.36,3968.64,1113000.0,765744.0,347256.0
North America,United States,Coriander Seeds,Madhya Pradesh,Online,H,8/5/2022,872510537,8/11/2022,1757,78.35,2.04,1.29,159.83,101.07,3584.28,2266.53,1317.75,280821.31,177579.99,103241.32
Middle East and North Africa,Jordan,Coriander Seeds,Rajasthan,Offline,M,8/24/2023,506397708,9/1/2023,1250,82.65,1.69,1.07,139.68,88.44,2112.5,1337.5,775.0,174600.0,110550.0,64050.0
Asia,India,Turmeric,Karnataka,Online,L,12/10/2023,929714718,1/11/2024,500,83.55,2.45,1.62,204.7,135.35,1225.0,810.0,415.0,102350.0,67675.0,34675.0
Sub-Saharan Africa,Kenya,Cumin Seeds,Gujarat,Offline,L,2/14/2024,184808082,3/17/2024,4401,82.55,4.17,2.99,344.23,246.82,18352.17,13158.99,5193.18,1514956.23,1086254.82,428701.41
Asia,Vietnam,Red Chilli,Madhya Pradesh,Offline,M,8/19/2023,817716082,8/26/2023,623,83.25,3.38,2.14,281.38,178.16,2105.74,1333.22,772.52,175299.74,110993.68,64306.06
Europe,Spain,Cinnamon,Kerala,Online,L,8/19/2023,982466774,9/26/2023,1191,82.54,5.75,4.28,474.61,353.27,6848.25,5097.48,1750.77,565260.51,420744.57,144515.94
Australia and Oceania,Australia,Cardamom,Sikkim,Online,L,9/1/2019,939931941,10/8/2019,105,70.77,22.35,18.61,1581.71,1317.03,2346.75,1954.05,392.7,166079.55,138288.15,27791.4
North America,United States,Cumin Seeds,Gujarat,Online,L,7/17/2022,873990720,8/5/2022,1913,78.23,4.84,3.32,378.63,259.72,9258.92,6351.16,2907.76,724319.19,496844.36,227474.83
Middle East and North Africa,United Arab Emirates,Cumin Seeds,Rajasthan,Offline,M,5/25/2022,425561484,6/16/2022,2275,78.34,4.24,2.73,332.16,213.87,9646.0,6210.75,3435.25,755664.0,486554.25,269109.75
Europe,Spain,Cumin Seeds,Rajasthan,Online,H,4/20/2022,628001874,5/2/2022,3149,78.85,4.6,3.24,362.71,255.47,14485.4,10202.76,4282.64,1142173.79,804475.03,337698.76
North America,United States,Cumin Seeds,Gujarat,Offline,L,5/20/2019,548801974,6/6/2019,487,70.45,4.06,2.7,286.03,190.22,1977.22,1314.9,662.32,139296.61,92637.14,46659.47
Middle East and North Africa,United Arab Emirates,Mustard Seeds,Rajasthan,Offline,L,8/11/2025,131592924,8/24/2025,3769,87.03,1.34,0.94,116.62,81.81,5050.46,3542.86,1507.6,439540.78,308341.89,131198.89
Europe,Germany,Cinnamon,Tamil Nadu,Offline,M,7/6/2025,463445605,7/20/2025,1052,87.1,6.25,5.51,544.38,479.92,6575.0,5796.52,778.48,572687.76,504875.84,67811.92
Asia,Singapore,Nutmeg,Tamil Nadu,Online,L,8/21/2025,641263760,9/16/2025,492,87.38,12.24,9.6,1069.53,838.85,6022.08,4723.2,1298.88,526208.76,412714.2,113494.56
Middle East and North Africa,Morocco,Cloves,Tamil Nadu,Offline,H,6/28/2024,273204463,7/10/2024,208,83.67,11.93,10.24,998.18,856.78,2481.44,2129.92,351.52,207621.44,178210.24,29411.2
Sub-Saharan Africa,South Africa,Dry Ginger,Kerala,Offline,M,8/16/2024,224241970,9/9/2024,1161,83.74,3.65,2.49,305.65,208.51,4237.65,2890.89,1346.76,354859.65,242080.11,112779.54
Asia,Singapore,Cloves,Tamil Nadu,Online,H,3/4/2019,140367993,3/11/2019,130,69.81,9.92,7.66,692.52,534.74,1289.6,995.8,293.8,90027.6,69516.2,20511.4
North America,Canada,Cloves,Kerala,Offline,L,5/18/2023,713026291,6/11/2023,116,81.95,11.76,9.73,963.73,797.37,1364.16,1128.68,235.48,111792.68,92494.92,19297.76
Europe,United Kingdom,Fenugreek Seeds,Madhya Pradesh,Online,M,5/3/2025,461671680,5/15/2025,1954,87.38,3.25,2.13,283.99,186.12,6350.5,4162.02,2188.48,554916.46,363678.48,191237.98
Middle East and North Africa,Oman,Cumin Seeds,Rajasthan,Online,H,9/16/2024,841920669,9/26/2024,300,84.27,4.38,3.02,369.1,254.5,1314.0,906.0,408.0,110730.0,76350.0,34380.0
Australia and Oceania,Fiji,Cumin Seeds,Rajasthan,Online,C,1/9/2019,370653250,1/15/2019,2034,69.7,4.15,2.91,289.26,202.83,8441.1,5918.94,2522.16,588354.84,412556.22,175798.62
Middle East and North Africa,Kuwait,Cardamom,Kerala,Online,H,5/3/2023,830364289,5/11/2023,391,83.16,28.21,21.88,2345.94,1819.54,11030.11,8555.08,2475.03,917262.54,711440.14,205822.4
Asia,Thailand,Red Chilli,Telangana,Online,L,3/26/2019,957447201,4/24/2019,4901,70.15,2.83,1.81,198.52,126.97,13869.83,8870.81,4999.02,972946.52,622279.97,350666.55
Asia,Japan,Turmeric,Telangana,Offline,C,12/24/2022,719629188,12/31/2022,680,79.13,2.36,1.41,186.75,111.57,1604.8,958.8,646.0,126990.0,75867.6,51122.4
Middle East and North Africa,Jordan,Dry Ginger,Sikkim,Online,C,4/28/2025,149705484,5/4/2025,2688,87.56,3.97,3.34,347.61,292.45,10671.36,8977.92,1693.44,934375.68,786105.6,148270.08
North America,United States,Turmeric,Tamil Nadu,Offline,L,9/24/2023,867982289,10/12/2023,1152,83.57,2.63,1.86,219.79,155.44,3029.76,2142.72,887.04,253198.08,179066.88,74131.2
Europe,Germany,Cinnamon,Kerala,Online,L,9/25/2025,114493515,11/1/2025,2422,87.31,6.01,4.1,524.73,357.97,14556.22,9930.2,4626.02,1270896.06,867003.34,403892.72
Asia,South Korea,Red Chilli,Telangana,Offline,M,11/7/2021,675147949,12/2/2021,2418,74.75,2.99,1.85,223.5,138.29,7229.82,4473.3,2756.52,540423.0,334385.22,206037.78
Europe,France,Red Chilli,Madhya Pradesh,Offline,L,9/16/2022,572557732,10/1/2022,3305,79.06,2.83,1.73,223.74,136.77,9353.15,5717.65,3635.5,739460.7,452024.85,287435.85
Europe,Germany,Mustard Seeds,Rajasthan,Offline,L,9/18/2024,887161650,9/29/2024,5906,83.68,1.43,0.92,119.66,76.99,8445.58,5433.52,3012.06,706711.96,454702.94,252009.02
Central America and the Caribbean,Jamaica,Cumin Seeds,Rajasthan,Online,L,8/25/2025,238208496,9/30/2025,300,86.5,4.48,3.12,387.52,269.88,1344.0,936.0,408.0,116256.0,80964.0,35292.0
Asia,South Korea,Red Chilli,Telangana,Offline,M,7/31/2022,927865143,8/7/2022,7620,78.74,2.88,1.72,226.77,135.43,21945.6,13106.4,8839.2,1727987.4,1031976.6,696010.8
North America,Canada,Dry Ginger,Kerala,Offline,M,9/21/2021,379449738,10/14/2021,2795,75.07,3.7,2.81,277.76,210.95,10341.5,7853.95,2487.55,776339.2,589605.25,186733.95
Asia,South Korea,Red Chilli,Telangana,Offline,M,10/12/2022,469044623,10/26/2022,7424,78.45,2.93,1.77,229.86,138.86,21752.32,13140.48,8611.84,1706480.64,1030896.64,675584.0
Europe,Sweden,Dry Ginger,Odisha,Offline,C,12/15/2024,927217440,12/20/2024,4072,84.8,4.15,2.85,351.92,241.68,16898.8,11605.2,5293.6,1433018.24,984120.96,448897.28
Sub-Saharan Africa,Kenya,Fenugreek Seeds,Rajasthan,Online,L,10/22/2020,248453898,11/7/2020,300,74.44,2.68,1.64,199.5,122.08,804.0,492.0,312.0,59850.0,36624.0,23226.0
Asia,India,Saffron,Jammu and Kashmir,Offline,M,12/12/2024,952137810,12/20/2024,7,83.78,2351.82,2018.42,197035.48,169103.23,16462.74,14128.94,2333.8,1379248.36,1183722.61,195525.75
Middle East and North Africa,Kuwait,Fenugreek Seeds,Rajasthan,Offline,C,4/25/2023,778951445,5/2/2023,4516,82.54,2.7,1.57,222.86,129.59,12193.2,7090.12,5103.08,1006435.76,585228.44,421207.32
Asia,Pakistan,Red Chilli,Telangana,Online,M,3/25/2025,888632194,4/1/2025,2554,86.49,3.53,2.32,305.31,200.66,9015.62,5925.28,3090.34,779761.74,512485.64,267276.1
Sub-Saharan Africa,Ghana,Turmeric,Maharashtra,Offline,L,10/31/2023,983239521,11/22/2023,1298,82.65,2.05,1.42,169.43,117.36,2660.9,1843.16,817.74,219920.14,152333.28,67586.86
North America,United States,Coriander Seeds,Rajasthan,Offline,M,10/12/2020,576298886,10/25/2020,569,74.4,1.84,1.19,136.9,88.54,1046.96,677.11,369.85,77896.1,50379.26,27516.84
Europe,Belgium,Dry Ginger,Karnataka,Online,H,10/24/2024,409637555,10/28/2024,452,83.85,4.3,3.01,360.55,252.39,1943.6,1360.52,583.08,162968.6,114080.28,48888.32
North America,Canada,Mustard Seeds,Rajasthan,Offline,M,4/4/2022,553687930,4/10/2022,3782,79.17,1.3,0.89,102.92,70.46,4916.6,3365.98,1550.62,389243.44,266479.72,122763.72
North America,Canada,Dry Ginger,Karnataka,Online,M,2/3/2021,169557397,2/22/2021,1527,73.41,3.51,2.39,257.67,175.45,5359.77,3649.53,1710.24,393462.09,267912.15,125549.94
Central America and the Caribbean,Jamaica,Garam Masala,Maharashtra,Online,M,11/20/2025,349952662,12/11/2025,179,86.72,9.94,6.22,862.0,539.4,1779.26,1113.38,665.88,154298.0,96552.6,57745.4
Middle East and North Africa,Iran,Turmeric,Telangana,Offline,M,11/9/2025,241761234,11/21/2025,1353,88.43,2.8,1.77,247.6,156.52,3788.4,2394.81,1393.59,335002.8,211771.56,123231.24
Middle East and North Africa,Kuwait,Garam Masala,Maharashtra,Offline,H,10/5/2023,261042128,10/8/2023,644,82.7,8.04,4.8,664.91,396.96,5177.76,3091.2,2086.56,428202.04,255642.24,172559.8
Asia,India,Mustard Seeds,Rajasthan,Online,H,4/7/2019,381465090,4/14/2019,1542,69.53,1.17,0.73,81.35,50.76,1804.14,1125.66,678.48,125441.7,78271.92,47169.78
Middle East and North Africa,United Arab Emirates,Black Pepper,Karnataka,Offline,L,2/1/2021,730117083,2/17/2021,1021,72.84,7.65,5.49,557.23,399.89,7810.65,5605.29,2205.36,568931.83,408287.69,160644.14
Sub-Saharan Africa,Ghana,Fenugreek Seeds,Rajasthan,Offline,C,9/28/2025,824638543,10/3/2025,410,87.23,2.9,1.8,252.97,157.01,1189.0,738.0,451.0,103717.7,64374.1,39343.6
Asia,Japan,Cloves,Tamil Nadu,Offline,L,6/19/2019,778165935,7/19/2019,857,69.71,9.44,7.64,658.06,532.58,8090.08,6547.48,1542.6,563957.42,456421.06,107536.36
Central America and the Caribbean,Guatemala,Cardamom,Sikkim,Offline,M,2/3/2024,679846860,2/13/2024,125,83.22,23.5,19.7,1955.67,1639.43,2937.5,2462.5,475.0,244458.75,204928.75,39530.0
Middle East and North Africa,Saudi Arabia,Black Pepper,Karnataka,Offline,L,9/3/2021,567683416,10/9/2021,932,73.62,8.08,5.44,594.85,400.49,7530.56,5070.08,2460.48,554400.2,373256.68,181143.52
Europe,Netherlands,Cumin Seeds,Rajasthan,Offline,H,2/1/2023,954607868,2/12/2023,380,81.95,4.91,3.4,402.37,278.63,1865.8,1292.0,573.8,152900.6,105879.4,47021.2
Asia,Bangladesh,Coriander Seeds,Madhya Pradesh,Online,L,7/30/2025,363689838,8/9/2025,500,86.49,2.0,1.35,172.98,116.76,1000.0,675.0,325.0,86490.0,58380.0,28110.0
Sub-Saharan Africa,Kenya,Red Chilli,Andhra Pradesh,Offline,L,4/25/2021,852991644,5/16/2021,1160,73.18,2.93,1.79,214.42,130.99,3398.8,2076.4,1322.4,248727.2,151948.4,96778.8
Europe,Poland,Garam Masala,Kerala,Online,M,12/3/2020,441300002,12/22/2020,164,73.5,8.09,6.0,594.62,441.0,1326.76,984.0,342.76,97517.68,72324.0,25193.68
Middle East and North Africa,Saudi Arabia,Fennel Seeds,Rajasthan,Offline,L,6/27/2020,346578849,7/23/2020,3621,74.79,2.89,1.84,216.14,137.61,10464.69,6662.64,3802.05,782642.94,498285.81,284357.13
Asia,Singapore,Red Chilli,Karnataka,Offline,M,11/24/2021,897041077,12/13/2021,1778,73.68,2.77,1.74,204.09,128.2,4925.06,3093.72,1831.34,362872.02,227939.6,134932.42
Asia,Bangladesh,Fennel Seeds,Rajasthan,Offline,C,10/23/2024,536423712,10/26/2024,2611,83.88,2.78,1.56,233.19,130.85,7258.58,4073.16,3185.42,608859.09,341649.35,267209.74
Sub-Saharan Africa,Ghana,Cardamom,Karnataka,Online,H,8/21/2022,562830917,8/30/2022,50,77.02,21.66,16.38,1668.25,1261.59,1083.0,819.0,264.0,83412.5,63079.5,20333.0
North America,United States,Cumin Seeds,Gujarat,Offline,L,11/30/2021,153150686,1/6/2022,1062,74.29,4.37,2.62,324.65,194.64,4640.94,2782.44,1858.5,344778.3,206707.68,138070.62
Asia,Indonesia,Coriander Seeds,Gujarat,Online,H,2/17/2025,217133032,3/1/2025,3067,86.51,1.8,1.13,155.72,97.76,5520.6,3465.71,2054.89,477593.24,299829.92,177763.32
Europe,Sweden,Cinnamon,Tamil Nadu,Offline,C,3/16/2022,606941136,3/17/2022,570,78.54,5.53,4.09,434.33,321.23,3152.1,2331.3,820.8,247568.1,183101.1,64467.0
Asia,Indonesia,Cloves,Kerala,Online,M,3/12/2025,717718704,3/21/2025,942,87.11,12.83,11.03,1117.62,960.82,12085.86,10390.26,1695.6,1052798.04,905092.44,147705.6
Europe,Netherlands,Fenugreek Seeds,Madhya Pradesh,Offline,M,12/30/2021,826009743,1/22/2022,4225,74.19,2.81,1.76,208.47,130.57,11872.25,7436.0,4436.25,880785.75,551658.25,329127.5
North America,United States,Fenugreek Seeds,Rajasthan,Offline,H,4/16/2025,818148616,4/23/2025,2681,86.85,3.47,2.12,301.37,184.12,9303.07,5683.72,3619.35,807972.97,493625.72,314347.25
Sub-Saharan Africa,Nigeria,Red Chilli,Andhra Pradesh,Online,M,11/12/2019,799163458,11/24/2019,1011,70.54,2.59,1.69,182.7,119.21,2618.49,1708.59,909.9,184709.7,120521.31,64188.39
Europe,France,Turmeric,Telangana,Offline,H,10/15/2024,435187068,10/27/2024,5260,84.03,2.67,1.7,224.36,142.85,14044.2,8942.0,5102.2,1180133.6,751391.0,428742.6
Middle East and North Africa,United Arab Emirates,Turmeric,Tamil Nadu,Online,L,8/1/2020,861760533,8/23/2020,3947,74.74,2.22,1.64,165.92,122.57,8762.34,6473.08,2289.26,654886.24,483783.79,171102.45
Europe,Russia,Garam Masala,Maharashtra,Online,L,8/26/2025,588560324,9/21/2025,623,86.86,8.72,5.26,757.42,456.88,5432.56,3276.98,2155.58,471872.66,284636.24,187236.42
Asia,Japan,Black Pepper,Kerala,Offline,M,9/2/2022,783574874,9/17/2022,1237,78.82,8.09,5.99,637.65,472.13,10007.33,7409.63,2597.7,788773.05,584024.81,204748.24
Europe,Germany,Mustard Seeds,Gujarat,Online,L,4/11/2021,298321915,4/28/2021,800,73.74,1.36,0.98,100.29,72.27,1088.0,784.0,304.0,80232.0,57816.0,22416.0
North America,United States,Cinnamon,Kerala,Online,M,8/3/2023,893593971,8/14/2023,200,82.64,6.7,5.22,553.69,431.38,1340.0,1044.0,296.0,110738.0,86276.0,24462.0
Middle East and North Africa,United Arab Emirates,Turmeric,Tamil Nadu,Online,H,12/10/2019,206481524,12/19/2019,718,72.0,2.13,1.43,153.36,102.96,1529.34,1026.74,502.6,110112.48,73925.28,36187.2
Asia,Japan,Red Chilli,Madhya Pradesh,Online,M,12/24/2019,105540102,1/2/2020,2088,70.57,2.66,1.68,187.72,118.56,5554.08,3507.84,2046.24,391959.36,247553.28,144406.08
Europe,France,Turmeric,Maharashtra,Offline,H,7/4/2024,410590520,7/13/2024,1676,84.02,2.71,1.77,227.69,148.72,4541.96,2966.52,1575.44,381608.44,249254.72,132353.72
North America,Mexico,Cumin Seeds,Gujarat,Offline,L,11/4/2025,640285212,11/24/2025,1335,87.43,4.91,3.34,429.28,292.02,6554.85,4458.9,2095.95,573088.8,389846.7,183242.1
Asia,Japan,Mustard Seeds,Rajasthan,Online,M,4/4/2024,708075299,4/28/2024,813,83.23,1.4,1.0,116.52,83.23,1138.2,813.0,325.2,94730.76,67665.99,27064.77
Middle East and North Africa,Iran,Cardamom,Karnataka,Offline,H,6/7/2022,714366008,6/11/2022,931,78.46,21.93,16.22,1720.63,1272.62,20416.83,15100.82,5316.01,1601906.53,1184809.22,417097.31
Australia and Oceania,Australia,Fenugreek Seeds,Rajasthan,Online,M,9/30/2025,903613125,10/16/2025,1048,87.18,3.69,2.29,321.69,199.64,3867.12,2399.92,1467.2,337131.12,209222.72,127908.4
Asia,Vietnam,Cumin Seeds,Gujarat,Offline,L,3/25/2025,835615687,4/6/2025,2655,85.9,4.33,2.78,371.95,238.8,11496.15,7380.9,4115.25,987527.25,634014.0,353513.25
North America,United States,Garam Masala,Kerala,Offline,M,2/17/2020,751933101,2/22/2020,400,73.79,8.63,5.21,636.81,384.45,3452.0,2084.0,1368.0,254724.0,153780.0,100944.0
Middle East and North Africa,Oman,Cardamom,Kerala,Offline,H,12/13/2025,261735109,12/16/2025,321,86.34,26.01,29.91,2245.7,2582.43,8349.21,9601.11,-1251.9,720869.7,828960.03,-108090.33
North America,United States,Black Pepper,Tamil Nadu,Online,M,7/19/2019,964619830,8/12/2019,225,70.4,7.94,5.83,558.98,410.43,1786.5,1311.75,474.75,125770.5,92346.75,33423.75
North America,United States,Fennel Seeds,Gujarat,Offline,M,5/25/2023,111283068,5/31/2023,303,82.53,2.94,1.85,242.64,152.68,890.82,560.55,330.27,73519.92,46262.04,27257.88
Middle East and North Africa,Turkey,Fenugreek Seeds,Rajasthan,Online,H,3/11/2021,459104396,3/14/2021,672,74.05,3.07,2.05,227.33,151.8,2063.04,1377.6,685.44,152765.76,102009.6,50756.16
Europe,Germany,Cumin Seeds,Rajasthan,Offline,M,8/6/2024,723895210,8/20/2024,5789,84.79,4.66,3.36,395.12,284.89,26976.74,19451.04,7525.7,2287349.68,1649228.21,638121.47
Middle East and North Africa,Qatar,Cloves,Kerala,Online,M,8/31/2019,920223152,9/5/2019,104,70.76,9.76,7.31,690.62,517.26,1015.04,760.24,254.8,71824.48,53795.04,18029.44
Asia,Malaysia,Cardamom,Sikkim,Online,M,11/6/2023,349385173,11/20/2023,288,83.03,24.82,20.31,2060.8,1686.34,7148.16,5849.28,1298.88,593510.4,485665.92,107844.48
Middle East and North Africa,Turkey,Red Chilli,Telangana,Offline,L,9/19/2024,339889046,10/14/2024,4525,84.04,3.21,1.93,269.77,162.2,14525.25,8733.25,5792.0,1220709.25,733955.0,486754.25
North America,United States,Cardamom,Kerala,Online,H,2/12/2025,895660689,2/22/2025,424,87.03,25.39,22.29,2209.69,1939.9,10765.36,9450.96,1314.4,936908.56,822517.6,114390.96
Sub-Saharan Africa,Ethiopia,Garam Masala,Maharashtra,Offline,M,4/6/2025,128503908,4/19/2025,2097,86.75,7.3,4.72,633.27,409.46,15308.1,9897.84,5410.26,1327967.19,858637.62,469329.57
Sub-Saharan Africa,Kenya,Cumin Seeds,Rajasthan,Offline,H,2/21/2025,346100956,2/25/2025,1836,86.49,4.58,2.8,396.12,242.17,8408.88,5140.8,3268.08,727276.32,444624.12,282652.2
Sub-Saharan Africa,Kenya,Nutmeg,Tamil Nadu,Offline,H,12/9/2023,269902581,12/18/2023,597,82.85,11.05,7.39,915.49,612.26,6596.85,4411.83,2185.02,546547.53,365519.22,181028.31
Asia,South Korea,Cinnamon,Kerala,Online,C,9/29/2022,215624312,10/5/2022,221,78.68,5.6,3.82,440.61,300.56,1237.6,844.22,393.38,97374.81,66423.76,30951.05
North America,United States,Cinnamon,Kerala,Online,M,7/17/2022,420841848,8/3/2022,280,78.19,6.17,4.87,482.43,380.79,1727.6,1363.6,364.0,135080.4,106621.2,28459.2
Europe,Spain,Mustard Seeds,Rajasthan,Offline,M,6/15/2019,485871476,6/26/2019,11274,70.76,1.17,0.79,82.79,55.9,13190.58,8906.46,4284.12,933374.46,630216.6,303157.86
Asia,India,Cardamom,Tamil Nadu,Online,L,4/19/2021,928564638,5/3/2021,50,73.73,20.52,17.16,1512.94,1265.21,1026.0,858.0,168.0,75647.0,63260.5,12386.5
North America,United States,Coriander Seeds,Madhya Pradesh,Online,L,10/12/2024,679105989,11/12/2024,1195,84.19,1.95,1.28,164.17,107.76,2330.25,1529.6,800.65,196183.15,128773.2,67409.95
Middle East and North Africa,Saudi Arabia,Cardamom,Sikkim,Offline,M,3/14/2024,487550250,3/30/2024,1042,83.1,23.56,20.58,1957.84,1710.2,24549.52,21444.36,3105.16,2040069.28,1782028.4,258040.88
Middle East and North Africa,Jordan,Dry Ginger,Odisha,Online,M,5/8/2019,568247932,6/1/2019,300,70.06,3.21,2.47,224.89,173.05,963.0,741.0,222.0,67467.0,51915.0,15552.0
Middle East and North Africa,Saudi Arabia,Cardamom,Kerala,Offline,H,7/16/2025,658841917,7/24/2025,957,88.76,25.96,19.23,2304.21,1706.85,24843.72,18403.11,6440.61,2205128.97,1633455.45,571673.52
Asia,India,Garam Masala,Gujarat,Offline,M,10/20/2024,286798624,11/12/2024,769,84.28,7.14,3.9,601.76,328.69,5490.66,2999.1,2491.56,462753.44,252762.61,209990.83
Central America and the Caribbean,Jamaica,Cardamom,Kerala,Offline,M,4/7/2019,343298242,4/25/2019,93,69.25,21.72,17.27,1504.11,1195.95,2019.96,1606.11,413.85,139882.23,111223.35,28658.88
Asia,Japan,Black Pepper,Karnataka,Offline,H,1/31/2020,715140763,2/11/2020,889,73.74,7.16,5.21,527.98,384.19,6365.24,4631.69,1733.55,469374.22,341544.91,127829.31
Europe,Russia,Garam Masala,Kerala,Online,M,1/20/2025,220183005,1/28/2025,1266,87.23,10.26,6.94,894.98,605.38,12989.16,8786.04,4203.12,1133044.68,766411.08,366633.6
Middle East and North Africa,Iran,Red Chilli,Karnataka,Online,L,2/17/2020,327067056,3/21/2020,1668,74.02,3.0,2.06,222.06,152.48,5004.0,3436.08,1567.92,370396.08,254336.64,116059.44
Asia,South Korea,Cumin Seeds,Gujarat,Offline,M,7/19/2023,698329891,7/26/2023,1914,82.98,4.38,2.94,363.45,243.96,8383.32,5627.16,2756.16,695643.3,466939.44,228703.86
Asia,Thailand,Black Pepper,Kerala,Online,M,2/16/2021,607039636,2/26/2021,463,73.87,8.14,6.39,601.3,472.03,3768.82,2958.57,810.25,278401.9,218549.89,59852.01
Europe,Spain,Cumin Seeds,Gujarat,Online,L,7/25/2020,246146676,8/21/2020,436,74.18,4.64,2.84,344.2,210.67,2023.04,1238.24,784.8,150071.2,91852.12,58219.08
Asia,Singapore,Black Pepper,Kerala,Offline,M,10/10/2021,643613974,10/17/2021,3662,74.6,7.31,5.19,545.33,387.17,26769.22,19005.78,7763.44,1996998.46,1417816.54,579181.92
North America,United States,Red Chilli,Karnataka,Offline,M,1/6/2023,171845245,1/17/2023,738,82.51,3.48,2.35,287.13,193.9,2568.24,1734.3,833.94,211901.94,143098.2,68803.74
Asia,South Korea,Red Chilli,Karnataka,Offline,L,6/4/2019,646038708,7/13/2019,1214,69.88,2.5,1.76,174.7,122.99,3035.0,2136.64,898.36,212085.8,149309.86,62775.94
Europe,Italy,Coriander Seeds,Rajasthan,Online,L,7/28/2020,963386009,8/24/2020,4138,74.65,1.67,1.11,124.67,82.86,6910.46,4593.18,2317.28,515884.46,342874.68,173009.78
Asia,Nepal,Cinnamon,Kerala,Offline,L,2/18/2020,898647169,3/26/2020,208,73.7,4.32,3.32,318.38,244.68,898.56,690.56,208.0,66223.04,50893.44,15329.6
Europe,Netherlands,Coriander Seeds,Gujarat,Offline,M,3/21/2025,441239453,4/14/2025,2443,87.53,2.07,1.23,181.19,107.66,5057.01,3004.89,2052.12,442647.17,263013.38,179633.79
Asia,Japan,Dry Ginger,Odisha,Offline,L,3/9/2020,748702751,3/24/2020,857,73.53,3.5,2.32,257.36,170.59,2999.5,1988.24,1011.26,220557.52,146195.63,74361.89
Middle East and North Africa,Kuwait,Nutmeg,Kerala,Online,M,1/22/2025,804440091,2/8/2025,100,86.15,12.5,9.49,1076.88,817.56,1250.0,949.0,301.0,107688.0,81756.0,25932.0
Asia,Indonesia,Turmeric,Tamil Nadu,Online,H,9/6/2023,538626758,9/12/2023,1541,83.39,2.72,2.02,226.82,168.45,4191.52,3112.82,1078.7,349529.62,259581.45,89948.17
Asia,Malaysia,Black Pepper,Kerala,Offline,H,8/23/2019,204172270,8/27/2019,482,70.45,7.11,5.45,500.9,383.95,3427.02,2626.9,800.12,241433.8,185063.9,56369.9
Europe,France,Nutmeg,Kerala,Offline,C,3/8/2025,558274674,3/14/2025,851,86.04,13.68,10.23,1177.03,880.19,11641.68,8705.73,2935.95,1001652.53,749041.69,252610.84
Europe,United Kingdom,Turmeric,Tamil Nadu,Online,H,7/25/2023,208422169,8/5/2023,4834,82.59,2.46,1.78,203.17,147.01,11891.64,8604.52,3287.12,982123.78,710646.34,271477.44
Asia,Sri Lanka,Mustard Seeds,Rajasthan,Online,L,10/23/2023,657431462,11/11/2023,800,82.81,1.43,0.96,118.42,79.5,1144.0,768.0,376.0,94736.0,63600.0,31136.0
Europe,Poland,Cumin Seeds,Gujarat,Online,M,4/26/2021,946297021,5/7/2021,325,73.45,4.59,3.01,337.14,221.08,1491.75,978.25,513.5,109570.5,71851.0,37719.5
Middle East and North Africa,Oman,Fenugreek Seeds,Madhya Pradesh,Online,H,1/4/2021,679938491,1/9/2021,300,72.69,2.44,1.66,177.36,120.67,732.0,498.0,234.0,53208.0,36201.0,17007.0
Middle East and North Africa,United Arab Emirates,Cardamom,Kerala,Offline,H,12/31/2020,149537867,1/11/2021,644,74.16,21.22,18.03,1573.68,1337.1,13665.68,11611.32,2054.36,1013449.92,861092.4,152357.52
Middle East and North Africa,United Arab Emirates,Mustard Seeds,Rajasthan,Offline,M,12/1/2024,547320353,12/21/2024,3322,84.51,1.38,0.83,116.62,70.14,4584.36,2757.26,1827.1,387411.64,233005.08,154406.56
Europe,Italy,Red Chilli,Karnataka,Offline,H,9/23/2020,986054699,10/5/2020,606,74.49,3.16,2.14,235.39,159.41,1914.96,1296.84,618.12,142646.34,96602.46,46043.88
Europe,Netherlands,Black Pepper,Karnataka,Offline,M,10/30/2021,432765221,11/19/2021,1870,73.51,8.22,5.92,604.25,435.18,15371.4,11070.4,4301.0,1129947.5,813786.6,316160.9
North America,United States,Cumin Seeds,Gujarat,Offline,M,1/11/2022,495859524,1/20/2022,465,78.6,4.17,2.87,327.76,225.58,1939.05,1334.55,604.5,152408.4,104894.7,47513.7
Europe,Netherlands,Cumin Seeds,Gujarat,Offline,L,12/26/2020,986924648,1/29/2021,478,75.31,4.34,2.98,326.85,224.42,2074.52,1424.44,650.08,156234.3,107272.76,48961.54
North America,United States,Black Pepper,Kerala,Offline,H,3/27/2024,634430963,4/3/2024,3249,84.07,9.3,6.61,781.85,555.7,30215.7,21475.89,8739.81,2540230.65,1805469.3,734761.35
Europe,Belgium,Fennel Seeds,Rajasthan,Offline,L,11/3/2025,893444891,12/10/2025,391,87.5,3.83,2.66,335.12,232.75,1497.53,1040.06,457.47,131031.92,91005.25,40026.67
Asia,South Korea,Cloves,Tamil Nadu,Offline,H,3/18/2023,839086709,3/21/2023,410,81.76,11.4,8.23,932.06,672.88,4674.0,3374.3,1299.7,382144.6,275880.8,106263.8
Asia,Indonesia,Mustard Seeds,Rajasthan,Offline,H,12/30/2021,638696547,1/10/2022,8893,73.57,1.15,0.71,84.61,52.23,10226.95,6314.03,3912.92,752436.73,464481.39,287955.34
Middle East and North Africa,Saudi Arabia,Cardamom,Sikkim,Offline,L,9/5/2019,656317673,9/17/2019,174,71.38,21.32,16.88,1521.82,1204.89,3709.68,2937.12,772.56,264796.68,209650.86,55145.82
Asia,Japan,Turmeric,Andhra Pradesh,Online,C,8/18/2019,459298996,8/24/2019,2465,71.15,2.05,1.29,145.86,91.78,5053.25,3179.85,1873.4,359544.9,226237.7,133307.2
Australia and Oceania,Australia,Cumin Seeds,Rajasthan,Offline,H,10/28/2020,389363963,11/9/2020,667,75.09,3.62,2.58,271.83,193.73,2414.54,1720.86,693.68,181310.61,129217.91,52092.7
Europe,Germany,Turmeric,Odisha,Offline,C,5/14/2019,606506528,5/15/2019,1386,70.57,2.25,1.54,158.78,108.68,3118.5,2134.44,984.06,220069.08,150630.48,69438.6
North America,United States,Coriander Seeds,Gujarat,Offline,L,12/7/2021,828656429,1/6/2022,4054,74.6,1.8,1.09,134.28,81.31,7297.2,4418.86,2878.34,544371.12,329630.74,214740.38
Middle East and North Africa,Iran,Nutmeg,Kerala,Online,C,12/21/2022,465007410,12/25/2022,766,79.78,12.31,9.02,982.09,719.62,9429.46,6909.32,2520.14,752280.94,551228.92,201052.02
Middle East and North Africa,Jordan,Cumin Seeds,Rajasthan,Offline,L,10/5/2020,475459690,10/31/2020,346,74.13,4.4,2.99,326.17,221.65,1522.4,1034.54,487.86,112854.82,76690.9,36163.92
Middle East and North Africa,Egypt,Red Chilli,Telangana,Online,M,7/31/2021,224893429,8/10/2021,1375,74.61,3.19,2.11,238.01,157.43,4386.25,2901.25,1485.0,327263.75,216466.25,110797.5
Europe,Russia,Cinnamon,Kerala,Offline,H,11/28/2025,929857182,12/8/2025,389,87.79,6.16,4.54,540.79,398.57,2396.24,1766.06,630.18,210367.31,155043.73,55323.58
Asia,Malaysia,Cinnamon,Kerala,Online,L,1/25/2022,101272965,2/10/2022,1462,78.62,5.29,3.98,415.9,312.91,7733.98,5818.76,1915.22,608045.8,457474.42,150571.38
Middle East and North Africa,Jordan,Coriander Seeds,Gujarat,Offline,H,10/9/2023,934995600,10/17/2023,8449,83.16,1.74,1.17,144.7,97.3,14701.26,9885.33,4815.93,1222570.3,822087.7,400482.6
Europe,Sweden,Cardamom,Kerala,Offline,M,3/14/2023,663927999,3/24/2023,120,82.73,28.75,21.31,2378.49,1762.98,3450.0,2557.2,892.8,285418.8,211557.6,73861.2
North America,Canada,Dry Ginger,Odisha,Online,H,5/27/2022,713590689,6/6/2022,634,78.64,4.16,2.8,327.14,220.19,2637.44,1775.2,862.24,207406.76,139600.46,67806.3
Asia,Vietnam,Cinnamon,Kerala,Offline,M,4/5/2023,908263339,4/13/2023,696,82.18,4.89,3.42,401.86,281.06,3403.44,2380.32,1023.12,279694.56,195617.76,84076.8
Europe,France,Turmeric,Andhra Pradesh,Offline,M,11/6/2021,293598104,11/26/2021,519,74.62,2.37,1.45,176.85,108.2,1230.03,752.55,477.48,91785.15,56155.8,35629.35
North America,United States,Red Chilli,Andhra Pradesh,Offline,M,6/14/2025,706343202,6/25/2025,2055,87.09,3.92,2.27,341.39,197.69,8055.6,4664.85,3390.75,701556.45,406252.95,295303.5
Sub-Saharan Africa,Tanzania,Turmeric,Andhra Pradesh,Offline,L,10/28/2022,332946169,12/5/2022,2951,78.96,2.1,1.12,165.82,88.44,6197.1,3305.12,2891.98,489334.82,260986.44,228348.38
Middle East and North Africa,Saudi Arabia,Fenugreek Seeds,Gujarat,Online,M,1/4/2025,571160884,1/16/2025,3016,86.55,3.18,3.01,275.23,260.52,9590.88,9078.16,512.72,830093.68,785728.32,44365.36
Asia,Vietnam,Cardamom,Kerala,Offline,L,10/6/2023,238515483,10/31/2023,317,82.39,26.43,23.56,2177.57,1941.11,8378.31,7468.52,909.79,690289.69,615331.87,74957.82
Middle East and North Africa,United Arab Emirates,Dry Ginger,Odisha,Offline,L,12/29/2024,713652627,1/22/2025,1433,83.96,3.44,2.58,288.82,216.62,4929.52,3697.14,1232.38,413879.06,310416.46,103462.6
Asia,Indonesia,Cinnamon,Tamil Nadu,Offline,L,7/18/2019,488191107,8/24/2019,3179,71.04,4.52,3.31,321.1,235.14,14369.08,10522.49,3846.59,1020776.9,747510.06,273266.84
North America,United States,Black Pepper,Karnataka,Online,H,10/7/2021,185689273,10/19/2021,2766,74.69,8.41,6.09,628.14,454.86,23262.06,16844.94,6417.12,1737435.24,1258142.76,479292.48
North America,United States,Cinnamon,Kerala,Offline,C,4/28/2020,644741734,4/30/2020,226,74.36,5.71,4.35,424.6,323.47,1290.46,983.1,307.36,95959.6,73104.22,22855.38
Europe,Sweden,Nutmeg,Tamil Nadu,Offline,C,12/30/2022,772397620,12/31/2022,117,78.62,12.4,9.02,974.89,709.15,1450.8,1055.34,395.46,114062.13,82970.55,31091.58
Europe,Germany,Red Chilli,Karnataka,Online,H,12/11/2019,440484631,12/19/2019,2330,70.62,3.18,2.25,224.57,158.9,7409.4,5242.5,2166.9,523248.1,370237.0,153011.1
North America,United States,Cardamom,Kerala,Offline,C,3/4/2022,667334170,3/9/2022,1011,78.58,26.36,21.74,2071.37,1708.33,26649.96,21979.14,4670.82,2094155.07,1727121.63,367033.44
Europe,Italy,Garam Masala,Kerala,Offline,M,11/14/2021,477503425,11/21/2021,2289,74.82,8.52,5.04,637.47,377.09,19502.28,11536.56,7965.72,1459168.83,863159.01,596009.82
Sub-Saharan Africa,Tanzania,Red Chilli,Karnataka,Online,M,12/11/2022,219263430,12/20/2022,500,79.5,3.16,2.06,251.22,163.77,1580.0,1030.0,550.0,125610.0,81885.0,43725.0
Middle East and North Africa,United Arab Emirates,Coriander Seeds,Gujarat,Online,H,11/20/2020,895855667,11/24/2020,500,73.47,1.68,1.02,123.43,74.94,840.0,510.0,330.0,61715.0,37470.0,24245.0
North America,Canada,Coriander Seeds,Madhya Pradesh,Online,H,12/7/2021,912970184,12/10/2021,679,74.75,1.96,1.24,146.51,92.69,1330.84,841.96,488.88,99480.29,62936.51,36543.78
North America,United States,Coriander Seeds,Gujarat,Online,H,3/6/2020,468424929,3/15/2020,3938,73.63,1.74,1.39,128.12,102.35,6852.12,5473.82,1378.3,504536.56,403054.3,101482.26
Sub-Saharan Africa,South Africa,Cardamom,Kerala,Online,M,3/24/2021,915882896,4/18/2021,471,74.55,22.16,19.07,1652.03,1421.67,10437.36,8981.97,1455.39,778106.13,669606.57,108499.56
Asia,South Korea,Cumin Seeds,Gujarat,Online,L,9/15/2022,877646873,9/30/2022,300,79.38,4.34,3.15,344.51,250.05,1302.0,945.0,357.0,103353.0,75015.0,28338.0
North America,United States,Dry Ginger,Sikkim,Online,M,8/10/2019,962617959,8/25/2019,526,70.4,3.86,3.05,271.74,214.72,2030.36,1604.3,426.06,142935.24,112942.72,29992.52
Asia,Japan,Coriander Seeds,Rajasthan,Online,M,10/3/2019,813955297,10/22/2019,947,70.54,1.53,0.99,107.93,69.83,1448.91,937.53,511.38,102209.71,66129.01,36080.7
Middle East and North Africa,Morocco,Cumin Seeds,Gujarat,Offline,H,12/7/2019,548979298,12/17/2019,2528,70.39,3.55,2.19,249.88,154.15,8974.4,5536.32,3438.08,631696.64,389691.2,242005.44
North America,Canada,Cloves,Tamil Nadu,Online,C,12/1/2020,927122263,12/4/2020,219,74.22,11.18,8.86,829.78,657.59,2448.42,1940.34,508.08,181721.82,144012.21,37709.61
Europe,Germany,Dry Ginger,Kerala,Online,M,12/22/2019,679822901,1/6/2020,1252,71.4,3.43,2.48,244.9,177.07,4294.36,3104.96,1189.4,306614.8,221691.64,84923.16
Europe,Poland,Fennel Seeds,Rajasthan,Online,M,3/23/2025,490890464,4/7/2025,1981,87.3,3.35,2.09,292.45,182.46,6636.35,4140.29,2496.06,579343.45,361453.26,217890.19
Asia,Vietnam,Black Pepper,Karnataka,Offline,H,4/10/2025,918140562,4/21/2025,1862,86.48,8.99,6.07,777.46,524.93,16739.38,11302.34,5437.04,1447630.52,977419.66,470210.86
Europe,Poland,Garam Masala,Maharashtra,Offline,M,11/9/2025,179866735,11/26/2025,122,87.64,8.66,6.47,758.96,567.03,1056.52,789.34,267.18,92593.12,69177.66,23415.46
Central America and the Caribbean,Trinidad and Tobago,Turmeric,Odisha,Online,L,11/19/2021,919328486,12/13/2021,3753,75.16,2.27,1.68,170.61,126.27,8519.31,6305.04,2214.27,640299.33,473891.31,166408.02
Sub-Saharan Africa,South Africa,Red Chilli,Andhra Pradesh,Offline,L,11/6/2023,191961157,11/24/2023,3830,82.43,3.16,1.75,260.48,144.25,12102.8,6702.5,5400.3,997638.4,552477.5,445160.9
North America,Mexico,Turmeric,Odisha,Offline,L,12/12/2025,139844855,1/14/2026,5738,87.87,2.47,1.6,217.04,140.59,14172.86,9180.8,4992.06,1245375.52,806705.42,438670.1
Asia,South Korea,Turmeric,Karnataka,Online,M,5/6/2024,377026285,5/26/2024,797,83.3,2.41,1.66,200.75,138.28,1920.77,1323.02,597.75,159997.75,110209.16,49788.59
North America,Canada,Garam Masala,Kerala,Offline,L,11/9/2021,351992569,12/4/2021,536,73.69,7.85,5.1,578.47,375.82,4207.6,2733.6,1474.0,310059.92,201439.52,108620.4
Europe,Spain,Saffron,Jammu and Kashmir,Offline,H,4/14/2023,745655053,4/24/2023,1,81.45,2463.98,2074.67,200691.17,168981.87,2463.98,2074.67,389.31,200691.17,168981.87,31709.3
Asia,Thailand,Red Chilli,Andhra Pradesh,Offline,M,4/24/2025,161634636,5/16/2025,3226,86.53,2.92,1.81,252.67,156.62,9419.92,5839.06,3580.86,815113.42,505256.12,309857.3
Middle East and North Africa,United Arab Emirates,Turmeric,Tamil Nadu,Online,L,8/2/2024,544917733,9/3/2024,2160,84.02,2.42,1.61,203.33,135.27,5227.2,3477.6,1749.6,439192.8,292183.2,147009.6
Asia,Indonesia,Black Pepper,Karnataka,Online,M,11/20/2025,946302473,12/6/2025,834,87.17,8.41,6.14,733.1,535.22,7013.94,5120.76,1893.18,611405.4,446373.48,165031.92
Europe,Italy,Cumin Seeds,Gujarat,Online,M,2/7/2024,744534664,2/18/2024,300,83.58,4.61,3.51,385.3,293.37,1383.0,1053.0,330.0,115590.0,88011.0,27579.0
Europe,Belgium,Red Chilli,Madhya Pradesh,Online,M,6/30/2023,496860809,7/5/2023,4665,82.89,3.4,2.1,281.83,174.07,15861.0,9796.5,6064.5,1314736.95,812036.55,502700.4
Europe,Belgium,Mustard Seeds,Rajasthan,Online,L,7/17/2021,323239450,8/21/2021,800,73.81,1.48,0.96,109.24,70.86,1184.0,768.0,416.0,87392.0,56688.0,30704.0
Asia,Thailand,Cinnamon,Tamil Nadu,Offline,M,3/6/2019,842512119,3/26/2019,474,70.51,4.55,3.01,320.82,212.24,2156.7,1426.74,729.96,152068.68,100601.76,51466.92
Europe,Poland,Turmeric,Karnataka,Online,H,10/3/2020,538345973,10/14/2020,591,75.15,2.66,1.81,199.9,136.02,1572.06,1069.71,502.35,118140.9,80387.82,37753.08
North America,Canada,Turmeric,Odisha,Offline,H,4/16/2022,389989736,4/19/2022,1812,79.18,2.36,1.57,186.86,124.31,4276.32,2844.84,1431.48,338590.32,225249.72,113340.6
Asia,South Korea,Dry Ginger,Kerala,Online,M,5/9/2024,938874166,5/15/2024,2040,83.44,3.59,2.63,299.55,219.45,7323.6,5365.2,1958.4,611082.0,447678.0,163404.0
Europe,Italy,Dry Ginger,Karnataka,Online,C,4/18/2025,138781621,4/21/2025,300,86.48,4.42,4.02,382.24,347.65,1326.0,1206.0,120.0,114672.0,104295.0,10377.0
Europe,Poland,Black Pepper,Karnataka,Offline,L,4/11/2021,337031793,4/26/2021,2231,74.29,8.15,6.22,605.46,462.08,18182.65,13876.82,4305.83,1350781.26,1030900.48,319880.78
North America,United States,Cinnamon,Kerala,Offline,C,1/20/2021,586367108,1/24/2021,2715,72.54,6.14,4.38,445.4,317.73,16670.1,11891.7,4778.4,1209261.0,862636.95,346624.05
Asia,Malaysia,Cumin Seeds,Gujarat,Online,H,4/4/2025,753592272,4/14/2025,860,86.98,4.74,3.31,412.29,287.9,4076.4,2846.6,1229.8,354569.4,247594.0,106975.4
Middle East and North Africa,Saudi Arabia,Dry Ginger,Kerala,Offline,L,6/9/2019,993938621,7/18/2019,1052,70.82,3.14,2.07,222.37,146.6,3303.28,2177.64,1125.64,233933.24,154223.2,79710.04
Europe,United Kingdom,Cloves,Tamil Nadu,Online,L,3/31/2022,768551922,4/20/2022,100,78.85,11.9,8.84,938.31,697.03,1190.0,884.0,306.0,93831.0,69703.0,24128.0
Australia and Oceania,Fiji,Cumin Seeds,Gujarat,Online,M,6/28/2024,270015727,7/4/2024,387,83.87,4.91,3.38,411.8,283.48,1900.17,1308.06,592.11,159366.6,109706.76,49659.84
Europe,Germany,Turmeric,Tamil Nadu,Offline,L,5/16/2020,383416602,6/16/2020,2299,74.7,2.28,1.49,170.32,111.3,5241.72,3425.51,1816.21,391565.68,255878.7,135686.98
Middle East and North Africa,Oman,Cardamom,Sikkim,Online,C,10/19/2020,459006974,10/20/2020,989,74.02,21.41,18.84,1584.77,1394.54,21174.49,18632.76,2541.73,1567337.53,1379200.06,188137.47
Europe,Sweden,Black Pepper,Kerala,Offline,H,1/30/2019,528401499,2/10/2019,324,68.86,7.58,6.41,521.96,441.39,2455.92,2076.84,379.08,169115.04,143010.36,26104.68
Central America and the Caribbean,Trinidad and Tobago,Turmeric,Andhra Pradesh,Offline,L,5/21/2023,823486046,6/27/2023,3304,81.97,2.57,1.76,210.66,144.27,8491.28,5815.04,2676.24,696020.64,476668.08,219352.56
Asia,Sri Lanka,Cinnamon,Kerala,Offline,M,11/14/2021,679673526,12/9/2021,2162,74.45,4.98,3.55,370.76,264.3,10766.76,7675.1,3091.66,801583.12,571416.6,230166.52
North America,United States,Cloves,Kerala,Offline,H,5/13/2024,596238091,5/19/2024,347,82.9,12.08,8.34,1001.43,691.39,4191.76,2893.98,1297.78,347496.21,239912.33,107583.88
Middle East and North Africa,Iran,Cloves,Kerala,Offline,L,11/10/2024,843863405,12/9/2024,2283,84.4,11.36,8.67,958.78,731.75,25934.88,19793.61,6141.27,2188894.74,1670585.25,518309.49
Australia and Oceania,Australia,Cinnamon,Kerala,Online,M,10/30/2020,750596833,11/14/2020,200,74.14,4.7,3.3,348.46,244.66,940.0,660.0,280.0,69692.0,48932.0,20760.0
Asia,Vietnam,Black Pepper,Karnataka,Offline,H,9/8/2024,166222561,9/11/2024,1167,85.25,8.02,6.0,683.7,511.5,9359.34,7002.0,2357.34,797877.9,596920.5,200957.4
North America,United States,Cardamom,Kerala,Offline,M,7/18/2025,459258173,7/29/2025,69,87.27,26.51,22.66,2313.53,1977.54,1829.19,1563.54,265.65,159633.57,136450.26,23183.31
Asia,Bangladesh,Fennel Seeds,Gujarat,Online,M,6/23/2024,947578944,7/4/2024,1794,83.66,3.25,2.18,271.89,182.38,5830.5,3910.92,1919.58,487770.66,327189.72,160580.94
North America,Mexico,Red Chilli,Telangana,Offline,L,11/17/2020,272879272,12/4/2020,2005,74.34,3.42,1.98,254.24,147.19,6857.1,3969.9,2887.2,509751.2,295115.95,214635.25
Central America and the Caribbean,Guatemala,Nutmeg,Kerala,Offline,M,10/9/2020,549959519,10/22/2020,123,74.75,11.19,8.27,836.45,618.18,1376.37,1017.21,359.16,102883.35,76036.14,26847.21
Europe,Germany,Red Chilli,Telangana,Offline,M,4/27/2024,245784615,5/4/2024,2186,84.12,3.36,1.99,282.64,167.4,7344.96,4350.14,2994.82,617851.04,365936.4,251914.64
Middle East and North Africa,Jordan,Dry Ginger,Kerala,Offline,C,1/31/2019,431980691,2/3/2019,434,69.78,3.3,2.22,230.27,154.91,1432.2,963.48,468.72,99937.18,67230.94,32706.24
Middle East and North Africa,Qatar,Nutmeg,Tamil Nadu,Online,L,8/31/2022,513555875,10/1/2022,250,78.44,11.84,9.02,928.73,707.53,2960.0,2255.0,705.0,232182.5,176882.5,55300.0
Asia,Japan,Cumin Seeds,Gujarat,Online,H,10/2/2024,430949372,10/13/2024,300,83.48,4.63,3.3,386.51,275.48,1389.0,990.0,399.0,115953.0,82644.0,33309.0
Asia,Indonesia,Black Pepper,Karnataka,Online,H,8/9/2020,617116475,8/20/2020,603,73.57,7.39,5.48,543.68,403.16,4456.17,3304.44,1151.73,327839.04,243105.48,84733.56
Australia and Oceania,Fiji,Black Pepper,Karnataka,Offline,L,8/4/2023,320643420,8/19/2023,794,83.33,8.33,5.57,694.14,464.15,6614.02,4422.58,2191.44,551147.16,368535.1,182612.06
Australia and Oceania,New Zealand,Fennel Seeds,Gujarat,Offline,C,5/10/2025,237524110,5/13/2025,1790,88.01,3.08,2.03,271.07,178.66,5513.2,3633.7,1879.5,485215.3,319801.4,165413.9
Europe,United Kingdom,Cinnamon,Kerala,Offline,L,8/28/2025,231514479,10/2/2025,476,86.93,6.02,4.31,523.32,374.67,2865.52,2051.56,813.96,249100.32,178342.92,70757.4
Europe,United Kingdom,Cumin Seeds,Gujarat,Offline,H,3/4/2021,181235045,3/14/2021,4984,73.11,4.72,3.26,345.08,238.34,23524.48,16247.84,7276.64,1719878.72,1187886.56,531992.16
Europe,Germany,Black Pepper,Kerala,Online,L,10/17/2022,339200983,11/22/2022,538,79.95,9.02,6.76,721.15,540.46,4852.76,3636.88,1215.88,387978.7,290767.48,97211.22
Europe,United Kingdom,Mustard Seeds,Rajasthan,Offline,H,6/14/2024,275465732,6/26/2024,10555,83.63,1.35,0.83,112.9,69.41,14249.25,8760.65,5488.6,1191659.5,732622.55,459036.95
Europe,Italy,Red Chilli,Telangana,Online,M,11/30/2021,911914819,12/9/2021,947,74.51,3.12,1.87,232.47,139.33,2954.64,1770.89,1183.75,220149.09,131945.51,88203.58
Europe,Germany,Red Chilli,Andhra Pradesh,Online,H,9/30/2023,593186481,10/9/2023,3831,82.68,3.29,2.18,272.02,180.24,12603.99,8351.58,4252.41,1042108.62,690499.44,351609.18
Asia,Thailand,Garam Masala,Kerala,Offline,M,6/16/2019,904627601,7/10/2019,130,69.99,6.78,4.6,474.53,321.95,881.4,598.0,283.4,61688.9,41853.5,19835.4
Asia,Indonesia,Black Pepper,Kerala,Online,L,9/18/2025,960039659,10/21/2025,1091,86.35,9.55,6.31,824.64,544.87,10419.05,6884.21,3534.84,899682.24,594453.17,305229.07
Europe,Netherlands,Coriander Seeds,Rajasthan,Offline,L,5/8/2022,200991631,5/22/2022,8155,78.93,1.71,1.05,134.97,82.88,13945.05,8562.75,5382.3,1100680.35,675886.4,424793.95
Asia,Malaysia,Cumin Seeds,Rajasthan,Offline,L,9/7/2023,187763634,10/10/2023,3243,82.26,4.45,2.85,366.06,234.44,14431.35,9242.55,5188.8,1187132.58,760288.92,426843.66
Asia,Japan,Cumin Seeds,Gujarat,Offline,H,5/13/2025,734256339,5/19/2025,467,86.9,4.42,2.82,384.1,245.06,2064.14,1316.94,747.2,179374.7,114443.02,64931.68
Middle East and North Africa,Saudi Arabia,Fenugreek Seeds,Gujarat,Online,M,12/22/2023,160386059,1/1/2024,1556,83.89,2.86,2.0,239.93,167.78,4450.16,3112.0,1338.16,373331.08,261065.68,112265.4
Europe,France,Cloves,Tamil Nadu,Online,M,10/19/2023,924619981,11/7/2023,772,83.38,12.2,9.86,1017.24,822.13,9418.4,7611.92,1806.48,785309.28,634684.36,150624.92
Europe,Italy,Black Pepper,Kerala,Online,H,3/18/2019,653862203,3/27/2019,200,70.32,8.97,6.89,630.77,484.5,1794.0,1378.0,416.0,126154.0,96900.0,29254.0
Asia,Pakistan,Black Pepper,Karnataka,Online,M,7/30/2019,565463382,8/15/2019,3019,69.85,7.51,5.65,524.57,394.65,22672.69,17057.35,5615.34,1583676.83,1191448.35,392228.48
Asia,Thailand,Cinnamon,Kerala,Online,M,8/9/2022,789868787,8/30/2022,200,79.19,5.3,4.14,419.71,327.85,1060.0,828.0,232.0,83942.0,65570.0,18372.0
North America,United States,Turmeric,Andhra Pradesh,Online,M,9/28/2024,943780972,10/20/2024,500,83.26,2.5,1.61,208.15,134.05,1250.0,805.0,445.0,104075.0,67025.0,37050.0
Asia,Japan,Turmeric,Tamil Nadu,Offline,L,9/6/2020,356984905,10/4/2020,4153,73.83,2.1,1.26,155.04,93.03,8721.3,5232.78,3488.52,643881.12,386353.59,257527.53
Europe,Netherlands,Cloves,Kerala,Offline,L,5/26/2025,425784978,6/13/2025,1466,86.81,12.61,9.94,1094.67,862.89,18486.26,14572.04,3914.22,1604786.22,1264996.74,339789.48
Asia,Thailand,Nutmeg,Kerala,Offline,H,11/8/2019,732535256,11/16/2019,155,70.25,10.43,7.89,732.71,554.27,1616.65,1222.95,393.7,113570.05,85911.85,27658.2
Middle East and North Africa,United Arab Emirates,Dry Ginger,Kerala,Offline,H,5/14/2024,458287971,5/22/2024,1372,84.03,4.22,3.02,354.61,253.77,5789.84,4143.44,1646.4,486524.92,348172.44,138352.48
Middle East and North Africa,Morocco,Cloves,Tamil Nadu,Offline,M,10/30/2024,978490570,11/10/2024,1897,83.5,11.37,8.66,949.39,723.11,21568.89,16428.02,5140.87,1800992.83,1371739.67,429253.16
Australia and Oceania,New Zealand,Cloves,Tamil Nadu,Online,L,12/8/2023,715919090,1/3/2024,673,83.32,11.21,8.75,934.02,729.05,7544.33,5888.75,1655.58,628595.46,490650.65,137944.81
Europe,United Kingdom,Cardamom,Kerala,Online,H,7/18/2019,432814241,7/22/2019,123,69.66,24.25,20.53,1689.25,1430.12,2982.75,2525.19,457.56,207777.75,175904.76,31872.99
Europe,Netherlands,Saffron,Jammu and Kashmir,Online,M,9/21/2025,672179660,10/13/2025,11,86.29,2406.14,1987.18,207625.82,171473.76,26467.54,21858.98,4608.56,2283884.02,1886211.36,397672.66
Asia,Bangladesh,Nutmeg,Kerala,Offline,H,9/21/2024,836354289,10/2/2024,242,83.61,11.18,7.71,934.76,644.63,2705.56,1865.82,839.74,226211.92,156000.46,70211.46
Australia and Oceania,New Zealand,Black Pepper,Kerala,Online,H,3/29/2019,782424608,4/5/2019,200,69.88,8.43,6.59,589.09,460.51,1686.0,1318.0,368.0,117818.0,92102.0,25716.0
Middle East and North Africa,United Arab Emirates,Cumin Seeds,Rajasthan,Online,C,4/30/2022,169753216,5/3/2022,300,77.98,4.33,2.9,337.65,226.14,1299.0,870.0,429.0,101295.0,67842.0,33453.0
Asia,Vietnam,Cardamom,Kerala,Offline,H,3/3/2022,959857235,3/6/2022,464,77.86,23.46,19.45,1826.6,1514.38,10885.44,9024.8,1860.64,847542.4,702672.32,144870.08
Australia and Oceania,Australia,Fenugreek Seeds,Rajasthan,Offline,L,8/31/2024,773972172,9/17/2024,2054,83.77,3.0,1.97,251.31,165.03,6162.0,4046.38,2115.62,516190.74,338971.62,177219.12
North America,United States,Black Pepper,Kerala,Offline,L,11/29/2024,452649674,12/17/2024,1462,84.2,9.1,6.79,766.22,571.72,13304.2,9926.98,3377.22,1120213.64,835854.64,284359.0
Middle East and North Africa,Turkey,Black Pepper,Karnataka,Offline,L,10/31/2021,636019724,12/3/2021,3029,74.19,8.05,5.84,597.23,433.27,24383.45,17689.36,6694.09,1809009.67,1312374.83,496634.84
Europe,Germany,Cardamom,Kerala,Online,M,10/2/2024,347032415,10/24/2024,337,83.52,26.47,21.58,2210.77,1802.36,8920.39,7272.46,1647.93,745029.49,607395.32,137634.17
Sub-Saharan Africa,South Africa,Cumin Seeds,Rajasthan,Online,H,12/25/2023,905870358,12/30/2023,300,84.02,4.75,3.19,399.09,268.02,1425.0,957.0,468.0,119727.0,80406.0,39321.0
Middle East and North Africa,Egypt,Red Chilli,Andhra Pradesh,Online,L,3/30/2021,683500690,4/28/2021,3118,73.57,3.01,2.03,221.45,149.35,9385.18,6329.54,3055.64,690481.1,465673.3,224807.8
Asia,India,Mustard Seeds,Rajasthan,Offline,L,1/7/2022,607621476,1/27/2022,9396,78.55,1.2,0.86,94.26,67.55,11275.2,8080.56,3194.64,885666.96,634699.8,250967.16
Europe,Belgium,Red Chilli,Andhra Pradesh,Offline,M,10/30/2025,878291180,11/22/2025,790,87.36,3.67,2.42,320.61,211.41,2899.3,1911.8,987.5,253281.9,167013.9,86268.0
North America,United States,Fennel Seeds,Rajasthan,Offline,H,1/13/2025,510935739,1/20/2025,952,85.9,3.53,2.39,303.23,205.3,3360.56,2275.28,1085.28,288674.96,195445.6,93229.36
Middle East and North Africa,United Arab Emirates,Black Pepper,Kerala,Online,L,11/13/2021,508133382,12/19/2021,481,75.18,8.8,6.81,661.58,511.98,4232.8,3275.61,957.19,318219.98,246262.38,71957.6
North America,United States,Black Pepper,Kerala,Offline,M,12/17/2023,552304545,12/25/2023,3405,83.47,8.26,6.31,689.46,526.7,28125.3,21485.55,6639.75,2347611.3,1793413.5,554197.8
North America,Canada,Dry Ginger,Kerala,Online,L,10/2/2024,429924887,11/6/2024,2417,84.37,4.08,2.93,344.23,247.2,9861.36,7081.81,2779.55,832003.91,597482.4,234521.51
Middle East and North Africa,Morocco,Coriander Seeds,Rajasthan,Offline,L,9/29/2025,603962185,10/29/2025,853,86.81,1.97,1.31,171.02,113.72,1680.41,1117.43,562.98,145880.06,97003.16,48876.9
Europe,Germany,Black Pepper,Kerala,Online,M,3/30/2024,919739881,4/11/2024,260,82.16,10.23,7.94,840.5,652.35,2659.8,2064.4,595.4,218530.0,169611.0,48919.0
North America,United States,Garam Masala,Kerala,Online,L,4/28/2019,465955922,6/2/2019,630,69.47,7.67,4.91,532.83,341.1,4832.1,3093.3,1738.8,335682.9,214893.0,120789.9
Middle East and North Africa,Qatar,Dry Ginger,Kerala,Offline,L,10/3/2024,851940074,11/9/2024,2075,83.79,3.76,2.46,315.05,206.12,7802.0,5104.5,2697.5,653728.75,427699.0,226029.75
Europe,Poland,Turmeric,Tamil Nadu,Online,C,9/29/2023,169796334,10/3/2023,4283,82.83,2.6,1.72,215.36,142.47,11135.8,7366.76,3769.04,922386.88,610199.01,312187.87
Europe,Sweden,Coriander Seeds,Madhya Pradesh,Offline,L,2/28/2021,270610292,3/31/2021,714,73.24,1.82,1.14,133.3,83.49,1299.48,813.96,485.52,95176.2,59611.86,35564.34
North America,United States,Fenugreek Seeds,Madhya Pradesh,Offline,M,8/11/2023,947876268,8/24/2023,3051,82.42,2.78,1.87,229.13,154.13,8481.78,5705.37,2776.41,699075.63,470250.63,228825.0
Asia,Bangladesh,Turmeric,Tamil Nadu,Offline,L,6/9/2024,436963834,7/19/2024,951,83.31,2.66,1.88,221.6,156.62,2529.66,1787.88,741.78,210741.6,148945.62,61795.98
Sub-Saharan Africa,Nigeria,Garam Masala,Kerala,Offline,L,1/4/2023,340479038,1/31/2023,1421,82.99,7.18,4.71,595.87,390.88,10202.78,6692.91,3509.87,846731.27,555440.48,291290.79
Asia,Japan,Red Chilli,Telangana,Online,H,12/16/2025,517896432,12/26/2025,1010,87.8,3.15,2.21,276.57,194.04,3181.5,2232.1,949.4,279335.7,195980.4,83355.3
Middle East and North Africa,Iran,Black Pepper,Karnataka,Offline,H,5/14/2020,863930569,5/19/2020,3115,74.27,6.68,5.33,496.12,395.86,20808.2,16602.95,4205.25,1545413.8,1233103.9,312309.9
North America,United States,Black Pepper,Kerala,Online,M,1/12/2025,270138660,1/31/2025,562,86.07,10.6,8.46,912.34,728.15,5957.2,4754.52,1202.68,512735.08,409220.3,103514.78
Middle East and North Africa,Saudi Arabia,Mustard Seeds,Rajasthan,Online,C,12/21/2025,756437937,12/22/2025,1929,87.9,1.52,1.04,133.61,91.42,2932.08,2006.16,925.92,257733.69,176349.18,81384.51
Middle East and North Africa,Saudi Arabia,Black Pepper,Kerala,Online,M,3/25/2023,726395382,4/9/2023,778,81.93,8.71,6.42,713.61,525.99,6776.38,4994.76,1781.62,555188.58,409220.22,145968.36
Europe,Germany,Turmeric,Maharashtra,Online,M,5/27/2024,216103553,6/16/2024,4484,82.68,2.69,1.7,222.41,140.56,12061.96,7622.8,4439.16,997286.44,630271.04,367015.4
Middle East and North Africa,United Arab Emirates,Cardamom,Kerala,Offline,C,3/29/2020,906531691,4/1/2020,568,73.75,23.43,19.01,1727.96,1401.99,13308.24,10797.68,2510.56,981481.28,796330.32,185150.96
Europe,Netherlands,Turmeric,Tamil Nadu,Offline,M,12/29/2025,268531203,1/23/2026,1407,88.06,2.78,1.66,244.81,146.18,3911.46,2335.62,1575.84,344447.67,205675.26,138772.41
Asia,India,Coriander Seeds,Madhya Pradesh,Online,M,11/13/2020,629482263,11/27/2020,1130,74.63,1.69,1.19,126.12,88.81,1909.7,1344.7,565.0,142515.6,100355.3,42160.3
Sub-Saharan Africa,Ghana,Fenugreek Seeds,Gujarat,Online,H,10/3/2024,106579105,10/6/2024,841,84.66,2.78,1.73,235.35,146.46,2337.98,1454.93,883.05,197929.35,123172.86,74756.49
Middle East and North Africa,Saudi Arabia,Turmeric,Tamil Nadu,Offline,M,6/3/2025,684685082,6/14/2025,593,87.05,2.61,1.74,227.2,151.47,1547.73,1031.82,515.91,134729.6,89821.71,44907.89
Europe,Belgium,Turmeric,Telangana,Online,H,6/17/2019,466888736,6/27/2019,500,69.68,2.32,1.6,161.66,111.49,1160.0,800.0,360.0,80830.0,55745.0,25085.0
Asia,Malaysia,Coriander Seeds,Gujarat,Online,H,1/8/2023,434846823,1/12/2023,4732,81.99,1.91,1.17,156.6,95.93,9038.12,5536.44,3501.68,741031.2,453940.76,287090.44
Asia,India,Coriander Seeds,Rajasthan,Online,L,8/18/2021,860450306,9/20/2021,5733,74.0,1.71,1.07,126.54,79.18,9803.43,6134.31,3669.12,725453.82,453938.94,271514.88
North America,United States,Red Chilli,Karnataka,Offline,H,12/12/2019,681060675,12/20/2019,712,71.32,2.78,2.38,198.27,169.74,1979.36,1694.56,284.8,141168.24,120854.88,20313.36
Australia and Oceania,Australia,Black Pepper,Kerala,Online,H,2/22/2019,514018722,3/2/2019,379,70.04,7.91,6.05,554.02,423.74,2997.89,2292.95,704.94,209973.58,160597.46,49376.12
Central America and the Caribbean,Trinidad and Tobago,Black Pepper,Karnataka,Online,H,4/28/2023,301612584,5/7/2023,200,82.54,8.46,5.98,698.29,493.59,1692.0,1196.0,496.0,139658.0,98718.0,40940.0
Asia,Japan,Cumin Seeds,Gujarat,Offline,H,11/4/2025,127065012,11/12/2025,1300,87.83,4.69,3.09,411.92,271.39,6097.0,4017.0,2080.0,535496.0,352807.0,182689.0
Europe,United Kingdom,Fennel Seeds,Gujarat,Offline,C,9/14/2023,527676244,9/18/2023,912,82.71,3.51,2.24,290.31,185.27,3201.12,2042.88,1158.24,264762.72,168966.24,95796.48
Europe,Italy,Cinnamon,Tamil Nadu,Online,H,1/21/2021,836374506,1/30/2021,200,72.95,5.23,3.84,381.53,280.13,1046.0,768.0,278.0,76306.0,56026.0,20280.0
North America,Canada,Cinnamon,Kerala,Online,L,10/2/2022,429022488,10/17/2022,279,79.46,5.32,4.03,422.73,320.22,1484.28,1124.37,359.91,117941.67,89341.38,28600.29
Sub-Saharan Africa,Ghana,Fennel Seeds,Rajasthan,Offline,L,11/3/2021,943622960,12/1/2021,3877,73.96,2.61,1.65,193.04,122.03,10118.97,6397.05,3721.92,748416.08,473110.31,275305.77
Asia,India,Garam Masala,Kerala,Online,C,9/18/2020,694431549,9/23/2020,173,74.4,7.81,5.32,581.06,395.81,1351.13,920.36,430.77,100523.38,68475.13,32048.25
Middle East and North Africa,Egypt,Garam Masala,Maharashtra,Online,L,2/11/2020,150827345,3/21/2020,247,74.3,6.84,4.36,508.21,323.95,1689.48,1076.92,612.56,125527.87,80015.65,45512.22
North America,Mexico,Coriander Seeds,Madhya Pradesh,Online,L,6/15/2025,393890196,6/25/2025,3418,87.06,2.08,2.05,181.08,178.47,7109.44,7006.9,102.54,618931.44,610010.46,8920.98
Asia,South Korea,Cinnamon,Kerala,Offline,H,11/17/2024,825017996,11/23/2024,930,84.83,5.53,4.25,469.11,360.53,5142.9,3952.5,1190.4,436272.3,335292.9,100979.4
North America,Mexico,Turmeric,Tamil Nadu,Offline,L,3/8/2019,222530180,3/19/2019,2273,70.09,2.24,1.51,157.0,105.84,5091.52,3432.23,1659.29,356861.0,240574.32,116286.68
Asia,India,Red Chilli,Andhra Pradesh,Offline,H,12/18/2020,614660918,12/24/2020,2154,75.39,2.96,1.94,223.15,146.26,6375.84,4178.76,2197.08,480665.1,315044.04,165621.06
Europe,United Kingdom,Red Chilli,Karnataka,Online,M,1/21/2021,207679304,2/12/2021,3249,73.69,3.34,2.28,246.12,168.01,10851.66,7407.72,3443.94,799643.88,545864.49,253779.39
Europe,Germany,Coriander Seeds,Gujarat,Offline,M,5/6/2024,700675928,5/14/2024,3954,84.2,1.91,1.16,160.82,97.67,7552.14,4586.64,2965.5,635882.28,386187.18,249695.1
Europe,Netherlands,Fenugreek Seeds,Rajasthan,Online,L,11/18/2025,102966694,12/25/2025,767,87.42,3.0,1.85,262.26,161.73,2301.0,1418.95,882.05,201153.42,124046.91,77106.51
Europe,France,Saffron,Jammu and Kashmir,Offline,H,11/8/2025,171101153,11/11/2025,1,87.42,2206.19,2012.74,192865.13,175953.73,2206.19,2012.74,193.45,192865.13,175953.73,16911.4
Australia and Oceania,New Zealand,Black Pepper,Karnataka,Offline,H,9/23/2021,243526672,9/29/2021,2234,74.53,7.89,5.57,588.04,415.13,17626.26,12443.38,5182.88,1313681.36,927400.42,386280.94
Europe,Russia,Red Chilli,Karnataka,Offline,M,9/22/2025,513041584,10/17/2025,950,87.02,3.33,2.1,289.78,182.74,3163.5,1995.0,1168.5,275291.0,173603.0,101688.0
North America,United States,Red Chilli,Andhra Pradesh,Offline,H,3/8/2022,503526363,3/12/2022,4983,77.52,3.03,1.94,234.89,150.39,15098.49,9667.02,5431.47,1170456.87,749393.37,421063.5
Asia,Sri Lanka,Turmeric,Andhra Pradesh,Online,C,6/10/2023,363624287,6/11/2023,899,83.82,2.52,1.69,211.23,141.66,2265.48,1519.31,746.17,189895.77,127352.34,62543.43
North America,United States,Red Chilli,Telangana,Online,H,8/23/2020,292546068,8/26/2020,691,74.64,3.16,2.25,235.86,167.94,2183.56,1554.75,628.81,162979.26,116046.54,46932.72
Sub-Saharan Africa,South Africa,Mustard Seeds,Rajasthan,Online,M,8/2/2021,424103953,8/17/2021,1808,74.18,1.18,0.84,87.53,62.31,2133.44,1518.72,614.72,158254.24,112656.48,45597.76
Asia,Malaysia,Cinnamon,Kerala,Offline,L,11/27/2023,787909568,12/12/2023,323,83.46,5.49,3.81,458.2,317.98,1773.27,1230.63,542.64,147998.6,102707.54,45291.06
North America,United States,Nutmeg,Tamil Nadu,Offline,M,12/25/2024,391561543,1/19/2025,210,84.28,12.95,9.03,1091.43,761.05,2719.5,1896.3,823.2,229200.3,159820.5,69379.8
Europe,Netherlands,Fenugreek Seeds,Rajasthan,Online,H,4/10/2024,508774043,4/22/2024,399,84.38,3.0,1.96,253.14,165.38,1197.0,782.04,414.96,101002.86,65986.62,35016.24
North America,Canada,Turmeric,Tamil Nadu,Offline,H,9/10/2020,975377630,9/18/2020,598,74.11,2.57,1.72,190.46,127.47,1536.86,1028.56,508.3,113895.08,76227.06,37668.02
Central America and the Caribbean,Jamaica,Garam Masala,Maharashtra,Offline,H,5/29/2021,452205287,6/8/2021,1147,74.11,6.65,4.03,492.83,298.66,7627.55,4622.41,3005.14,565276.01,342563.02,222712.99
Europe,France,Black Pepper,Kerala,Online,L,8/8/2019,535108562,8/20/2019,1175,70.34,7.67,6.02,539.51,423.45,9012.25,7073.5,1938.75,633924.25,497553.75,136370.5
Sub-Saharan Africa,Kenya,Fennel Seeds,Rajasthan,Online,M,4/25/2020,619401720,5/20/2020,1424,73.93,2.69,1.62,198.87,119.77,3830.56,2306.88,1523.68,283190.88,170552.48,112638.4
Asia,Thailand,Turmeric,Maharashtra,Offline,M,9/19/2025,828741409,9/25/2025,1397,88.0,2.79,1.97,245.52,173.36,3897.63,2752.09,1145.54,342991.44,242183.92,100807.52
Middle East and North Africa,Egypt,Mustard Seeds,Madhya Pradesh,Offline,M,6/4/2020,745230874,6/21/2020,2487,73.54,1.19,0.77,87.51,56.63,2959.53,1914.99,1044.54,217637.37,140838.81,76798.56
North America,Mexico,Red Chilli,Telangana,Online,M,1/19/2021,383790685,1/31/2021,1761,73.94,3.23,2.21,238.83,163.41,5688.03,3891.81,1796.22,420579.63,287765.01,132814.62
North America,United States,Dry Ginger,Meghalaya,Online,C,9/25/2024,564543473,10/2/2024,2462,84.92,4.05,2.95,343.93,250.51,9971.1,7262.9,2708.2,846755.66,616755.62,230000.04
Europe,Italy,Coriander Seeds,Madhya Pradesh,Online,M,6/29/2021,265754484,7/24/2021,3631,73.54,1.76,1.16,129.43,85.31,6390.56,4211.96,2178.6,469960.33,309760.61,160199.72
Europe,Netherlands,Black Pepper,Karnataka,Offline,L,7/13/2020,964683119,7/26/2020,1300,73.88,7.32,5.18,540.8,382.7,9516.0,6734.0,2782.0,703040.0,497510.0,205530.0
Asia,Sri Lanka,Cinnamon,Kerala,Offline,L,7/7/2024,842348216,7/21/2024,543,83.95,5.54,3.82,465.08,320.69,3008.22,2074.26,933.96,252538.44,174134.67,78403.77
Middle East and North Africa,Turkey,Fennel Seeds,Gujarat,Offline,M,2/13/2024,991000068,3/8/2024,1630,83.2,3.18,2.06,264.58,171.39,5183.4,3357.8,1825.6,431265.4,279365.7,151899.7
North America,United States,Fennel Seeds,Gujarat,Online,L,2/7/2024,739233639,3/9/2024,1996,83.05,3.5,2.24,290.68,186.03,6986.0,4471.04,2514.96,580197.28,371315.88,208881.4
Australia and Oceania,Australia,Red Chilli,Karnataka,Online,L,2/27/2019,751972575,4/7/2019,1173,70.35,2.83,1.93,199.09,135.78,3319.59,2263.89,1055.7,233532.57,159269.94,74262.63
Middle East and North Africa,Egypt,Nutmeg,Kerala,Offline,L,7/7/2020,433888566,7/30/2020,688,73.82,10.68,7.9,788.4,583.18,7347.84,5435.2,1912.64,542419.2,401227.84,141191.36
Asia,Pakistan,Red Chilli,Karnataka,Offline,L,3/18/2022,711111944,4/15/2022,2482,77.86,3.15,2.26,245.26,175.96,7818.3,5609.32,2208.98,608735.32,436732.72,172002.6
North America,United States,Cinnamon,Kerala,Online,H,8/5/2021,734861991,8/8/2021,2263,74.31,5.49,3.88,407.96,288.32,12423.87,8780.44,3643.43,923213.48,652468.16,270745.32
Sub-Saharan Africa,Ethiopia,Mustard Seeds,Rajasthan,Offline,H,12/26/2022,381915817,12/30/2022,11685,79.85,1.37,0.8,109.39,63.88,16008.45,9348.0,6660.45,1278222.15,746437.8,531784.35
Asia,South Korea,Turmeric,Maharashtra,Online,C,12/29/2020,922847158,12/31/2020,745,74.98,1.91,1.34,143.21,100.47,1422.95,998.3,424.65,106691.45,74850.15,31841.3
Central America and the Caribbean,Panama,Red Chilli,Andhra Pradesh,Offline,M,8/12/2023,725122786,8/19/2023,7870,82.25,3.24,2.08,266.49,171.08,25498.8,16369.6,9129.2,2097276.3,1346399.6,750876.7
North America,United States,Mustard Seeds,Rajasthan,Online,H,2/24/2023,737532299,3/7/2023,1101,82.22,1.54,1.09,126.62,89.62,1695.54,1200.09,495.45,139408.62,98671.62,40737.0
Europe,Sweden,Turmeric,Andhra Pradesh,Offline,M,7/6/2021,881090246,7/11/2021,766,73.52,2.48,1.58,182.33,116.16,1899.68,1210.28,689.4,139664.78,88978.56,50686.22
Middle East and North Africa,Iran,Turmeric,Karnataka,Online,M,1/5/2024,240657624,1/10/2024,1624,83.28,2.7,2.02,224.86,168.23,4384.8,3280.48,1104.32,365172.64,273205.52,91967.12
North America,United States,Turmeric,Tamil Nadu,Online,H,7/11/2023,807206881,7/20/2023,1673,81.62,2.53,1.71,206.5,139.57,4232.69,2860.83,1371.86,345474.5,233500.61,111973.89
Asia,Pakistan,Red Chilli,Telangana,Online,M,9/26/2025,758116591,10/18/2025,4650,87.71,3.57,2.29,313.12,200.86,16600.5,10648.5,5952.0,1456008.0,933999.0,522009.0
Sub-Saharan Africa,Nigeria,Black Pepper,Kerala,Online,H,7/21/2021,583126230,7/27/2021,257,73.91,8.24,6.23,609.02,460.46,2117.68,1601.11,516.57,156518.14,118338.22,38179.92
North America,United States,Coriander Seeds,Rajasthan,Offline,C,12/21/2020,861241347,12/24/2020,3875,73.77,1.93,1.23,142.38,90.74,7478.75,4766.25,2712.5,551722.5,351617.5,200105.0
North America,United States,Red Chilli,Andhra Pradesh,Offline,L,2/3/2021,837863103,2/20/2021,6767,72.86,3.18,1.96,231.69,142.81,21519.06,13263.32,8255.74,1567846.23,966395.27,601450.96
Europe,Russia,Cloves,Tamil Nadu,Online,H,12/25/2024,420650561,12/30/2024,420,84.89,12.19,9.07,1034.81,769.95,5119.8,3809.4,1310.4,434620.2,323379.0,111241.2
Europe,Germany,Nutmeg,Tamil Nadu,Offline,M,11/12/2021,722926539,11/18/2021,1992,74.48,11.96,8.54,890.78,636.06,23824.32,17011.68,6812.64,1774433.76,1267031.52,507402.24
Europe,Italy,Cinnamon,Kerala,Offline,H,8/20/2024,727615558,8/30/2024,849,83.83,5.87,4.65,492.08,389.81,4983.63,3947.85,1035.78,417775.92,330948.69,86827.23
Asia,South Korea,Cardamom,Kerala,Online,L,1/23/2023,571013972,2/2/2023,880,81.18,25.88,21.31,2100.94,1729.95,22774.4,18752.8,4021.6,1848827.2,1522356.0,326471.2
Asia,Bangladesh,Cumin Seeds,Gujarat,Offline,M,12/17/2022,637537808,1/6/2023,5542,79.01,3.83,2.44,302.61,192.78,21225.86,13522.48,7703.38,1677064.62,1068386.76,608677.86
North America,United States,Black Pepper,Karnataka,Offline,L,4/26/2021,797259742,6/2/2021,2450,73.38,7.49,5.07,549.62,372.04,18350.5,12421.5,5929.0,1346569.0,911498.0,435071.0
Sub-Saharan Africa,Kenya,Cumin Seeds,Gujarat,Offline,L,12/25/2024,988156247,1/8/2025,976,84.08,4.21,2.87,353.98,241.31,4108.96,2801.12,1307.84,345484.48,235518.56,109965.92
Europe,Italy,Coriander Seeds,Madhya Pradesh,Offline,L,9/23/2021,665254751,10/28/2021,2936,73.81,1.81,1.48,133.6,109.24,5314.16,4345.28,968.88,392249.6,320728.64,71520.96
Europe,United Kingdom,Red Chilli,Karnataka,Online,H,2/7/2023,520925643,2/16/2023,1385,82.28,3.39,2.32,278.93,190.89,4695.15,3213.2,1481.95,386318.05,264382.65,121935.4
Europe,France,Dry Ginger,Kerala,Offline,M,12/23/2023,638718250,1/7/2024,1469,82.68,4.15,2.85,343.12,235.64,6096.35,4186.65,1909.7,504043.28,346155.16,157888.12
North America,United States,Cardamom,Karnataka,Offline,L,7/8/2025,610344781,8/9/2025,454,86.51,28.18,23.71,2437.85,2051.15,12793.72,10764.34,2029.38,1106783.9,931222.1,175561.8
Middle East and North Africa,Saudi Arabia,Turmeric,Tamil Nadu,Offline,L,12/14/2023,506406632,1/2/2024,4617,84.12,2.46,1.61,206.94,135.43,11357.82,7433.37,3924.45,955441.98,625280.31,330161.67
Sub-Saharan Africa,Kenya,Mustard Seeds,Gujarat,Online,H,2/19/2024,246150955,3/1/2024,800,82.65,1.31,0.87,108.27,71.91,1048.0,696.0,352.0,86616.0,57528.0,29088.0
Middle East and North Africa,Saudi Arabia,Garam Masala,Maharashtra,Online,H,2/24/2024,900548520,3/5/2024,775,82.61,8.56,5.41,707.14,446.92,6634.0,4192.75,2441.25,548033.5,346363.0,201670.5
Central America and the Caribbean,Jamaica,Cumin Seeds,Gujarat,Online,M,1/14/2022,367872545,1/19/2022,1487,77.51,4.74,3.11,367.4,241.06,7048.38,4624.57,2423.81,546323.8,358456.22,187867.58
North America,Mexico,Turmeric,Karnataka,Offline,H,4/21/2023,352825220,4/27/2023,966,82.9,2.8,1.88,232.12,155.85,2704.8,1816.08,888.72,224227.92,150551.1,73676.82
Sub-Saharan Africa,Tanzania,Turmeric,Telangana,Online,M,6/21/2020,965628945,7/15/2020,500,73.72,2.1,1.37,154.81,101.0,1050.0,685.0,365.0,77405.0,50500.0,26905.0
Europe,Sweden,Nutmeg,Kerala,Offline,C,3/20/2023,644302049,3/27/2023,138,82.33,13.28,9.3,1093.34,765.67,1832.64,1283.4,549.24,150880.92,105662.46,45218.46
North America,United States,Turmeric,Andhra Pradesh,Online,C,11/23/2025,567170495,11/29/2025,784,88.11,2.71,1.74,238.78,153.31,2124.64,1364.16,760.48,187203.52,120195.04,67008.48
Europe,Sweden,Garam Masala,Maharashtra,Online,L,3/21/2019,111572098,4/5/2019,100,71.1,8.05,5.29,572.36,376.12,805.0,529.0,276.0,57236.0,37612.0,19624.0
Central America and the Caribbean,Jamaica,Turmeric,Maharashtra,Offline,M,12/10/2025,580768543,1/2/2026,6234,87.87,2.2,1.46,193.31,128.29,13714.8,9101.64,4613.16,1205094.54,799759.86,405334.68
Europe,Russia,Cardamom,Karnataka,Offline,M,9/27/2025,251936766,10/14/2025,392,87.14,25.7,20.91,2239.5,1822.1,10074.4,8196.72,1877.68,877884.0,714263.2,163620.8
Middle East and North Africa,Jordan,Cinnamon,Kerala,Offline,L,2/29/2020,451650527,3/13/2020,651,73.13,4.54,3.25,332.01,237.67,2955.54,2115.75,839.79,216138.51,154723.17,61415.34
Asia,Japan,Cumin Seeds,Gujarat,Online,M,9/3/2022,878252435,9/9/2022,527,78.21,4.17,2.64,326.14,206.47,2197.59,1391.28,806.31,171875.78,108809.69,63066.09
Europe,Italy,Cardamom,Karnataka,Online,L,1/21/2019,434929884,2/13/2019,125,69.5,24.6,19.08,1709.7,1326.06,3075.0,2385.0,690.0,213712.5,165757.5,47955.0
Middle East and North Africa,Oman,Fenugreek Seeds,Rajasthan,Online,C,12/19/2022,175035383,12/26/2022,2308,79.1,2.72,1.65,215.15,130.51,6277.76,3808.2,2469.56,496566.2,301217.08,195349.12
Europe,France,Mustard Seeds,Rajasthan,Online,H,6/5/2020,678030808,6/8/2020,4700,74.26,1.21,0.86,89.85,63.86,5687.0,4042.0,1645.0,422295.0,300142.0,122153.0
Europe,United Kingdom,Black Pepper,Karnataka,Offline,L,3/10/2024,220551480,4/9/2024,1991,84.2,8.59,6.36,723.28,535.51,17102.69,12662.76,4439.93,1440050.48,1066200.41,373850.07
North America,Canada,Cinnamon,Kerala,Online,H,12/29/2025,426442073,1/5/2026,405,88.02,6.03,4.63,530.76,407.53,2442.15,1875.15,567.0,214957.8,165049.65,49908.15
Asia,Vietnam,Cloves,Tamil Nadu,Online,M,12/15/2019,856537502,1/5/2020,100,71.49,10.61,8.68,758.51,620.53,1061.0,868.0,193.0,75851.0,62053.0,13798.0
North America,United States,Cumin Seeds,Rajasthan,Online,L,6/23/2023,992248962,7/23/2023,1263,84.1,4.94,3.52,415.45,296.03,6239.22,4445.76,1793.46,524713.35,373885.89,150827.46
Asia,Thailand,Turmeric,Karnataka,Online,M,12/11/2022,195939340,12/28/2022,720,79.37,2.2,1.48,174.61,117.47,1584.0,1065.6,518.4,125719.2,84578.4,41140.8
Central America and the Caribbean,Guatemala,Black Pepper,Karnataka,Online,L,7/25/2023,981188051,8/31/2023,204,82.53,8.86,6.61,731.22,545.52,1807.44,1348.44,459.0,149168.88,111286.08,37882.8
Middle East and North Africa,Saudi Arabia,Mustard Seeds,Madhya Pradesh,Online,H,11/5/2025,612525606,11/9/2025,800,87.91,1.56,0.98,137.14,86.15,1248.0,784.0,464.0,109712.0,68920.0,40792.0
Asia,Indonesia,Cumin Seeds,Rajasthan,Offline,M,7/17/2021,545346709,7/27/2021,5683,74.3,4.15,2.93,308.35,217.7,23584.45,16651.19,6933.26,1752353.05,1237189.1,515163.95
North America,Canada,Cardamom,Kerala,Offline,M,12/29/2025,759706928,1/19/2026,1359,87.04,31.99,23.13,2784.41,2013.24,43474.41,31433.67,12040.74,3784013.19,2735993.16,1048020.03
North America,Mexico,Red Chilli,Maharashtra,Offline,M,9/21/2021,312109760,10/8/2021,862,74.73,3.03,1.96,226.43,146.47,2611.86,1689.52,922.34,195182.66,126257.14,68925.52
Asia,Indonesia,Cumin Seeds,Gujarat,Online,M,6/10/2025,405384231,6/23/2025,403,86.59,4.78,3.34,413.9,289.21,1926.34,1346.02,580.32,166801.7,116551.63,50250.07
Europe,United Kingdom,Cardamom,Tamil Nadu,Offline,L,2/7/2023,959540309,2/20/2023,142,81.92,23.62,18.37,1934.95,1504.87,3354.04,2608.54,745.5,274762.9,213691.54,61071.36
Asia,Indonesia,Cumin Seeds,Rajasthan,Online,M,11/7/2025,968022964,11/13/2025,1309,88.07,4.48,3.19,394.55,280.94,5864.32,4175.71,1688.61,516465.95,367750.46,148715.49
Europe,Italy,Red Chilli,Karnataka,Offline,M,6/21/2023,577415566,7/9/2023,5415,82.21,2.99,1.67,245.81,137.29,16190.85,9043.05,7147.8,1331061.15,743425.35,587635.8
Europe,Germany,Cloves,Tamil Nadu,Online,C,5/25/2020,982234126,5/31/2020,1250,74.09,11.73,9.43,869.08,698.67,14662.5,11787.5,2875.0,1086350.0,873337.5,213012.5
Europe,Netherlands,Mustard Seeds,Madhya Pradesh,Online,M,9/17/2025,388260720,10/10/2025,800,87.03,1.45,1.0,126.19,87.03,1160.0,800.0,360.0,100952.0,69624.0,31328.0
Australia and Oceania,New Zealand,Coriander Seeds,Rajasthan,Online,H,6/16/2019,456091440,6/25/2019,1933,69.79,1.55,0.98,108.17,68.39,2996.15,1894.34,1101.81,209092.61,132197.87,76894.74
North America,Mexico,Red Chilli,Andhra Pradesh,Offline,M,3/7/2023,596762231,3/22/2023,1469,81.07,3.25,2.09,263.48,169.44,4774.25,3070.21,1704.04,387052.12,248907.36,138144.76
Sub-Saharan Africa,Tanzania,Red Chilli,Telangana,Online,L,8/27/2024,332757593,9/26/2024,500,83.49,3.0,1.94,250.47,161.97,1500.0,970.0,530.0,125235.0,80985.0,44250.0
Europe,Italy,Mustard Seeds,Madhya Pradesh,Offline,L,10/22/2025,586108730,11/30/2025,9001,87.71,1.52,1.02,133.32,89.46,13681.52,9181.02,4500.5,1200013.32,805229.46,394783.86
Asia,India,Fenugreek Seeds,Rajasthan,Offline,C,4/19/2020,543642545,4/20/2020,333,73.57,2.36,1.45,173.63,106.68,785.88,482.85,303.03,57818.79,35524.44,22294.35
Asia,Malaysia,Cinnamon,Tamil Nadu,Offline,M,6/21/2023,141053182,7/13/2023,1446,82.06,5.08,3.52,416.86,288.85,7345.68,5089.92,2255.76,602779.56,417677.1,185102.46
Asia,Bangladesh,Saffron,Jammu and Kashmir,Offline,L,5/4/2022,511161213,5/21/2022,2,77.71,2020.36,1611.41,157002.18,125222.67,4040.72,3222.82,817.9,314004.36,250445.34,63559.02
Asia,Vietnam,Saffron,Jammu and Kashmir,Online,H,2/5/2023,970234669,2/15/2023,22,82.34,2343.6,2186.08,192972.02,180001.83,51559.2,48093.76,3465.44,4245384.44,3960040.26,285344.18
Middle East and North Africa,Qatar,Cumin Seeds,Gujarat,Online,H,7/8/2025,203742280,7/17/2025,1221,87.37,4.76,3.77,415.88,329.38,5811.96,4603.17,1208.79,507789.48,402172.98,105616.5
Middle East and North Africa,Oman,Cinnamon,Kerala,Offline,H,5/13/2020,984437352,5/16/2020,288,73.75,5.06,4.85,373.17,357.69,1457.28,1396.8,60.48,107472.96,103014.72,4458.24
North America,United States,Fennel Seeds,Rajasthan,Offline,H,12/22/2022,170691752,1/2/2023,3193,79.46,3.16,2.05,251.09,162.89,10089.88,6545.65,3544.23,801730.37,520107.77,281622.6
Europe,United Kingdom,Dry Ginger,Kerala,Offline,C,9/15/2023,798288792,9/16/2023,781,83.16,3.77,2.73,313.51,227.03,2944.37,2132.13,812.24,244851.31,177310.43,67540.88
Asia,Malaysia,Cinnamon,Tamil Nadu,Online,H,4/9/2020,669972703,4/17/2020,913,74.26,4.72,3.32,350.51,246.54,4309.36,3031.16,1278.2,320015.63,225091.02,94924.61
Asia,Malaysia,Cumin Seeds,Gujarat,Online,L,4/29/2021,926309468,5/24/2021,928,72.86,4.44,3.17,323.5,230.97,4120.32,2941.76,1178.56,300208.0,214340.16,85867.84
Middle East and North Africa,Kuwait,Turmeric,Telangana,Offline,M,1/19/2021,625077928,2/6/2021,3393,72.99,2.21,1.48,161.31,108.03,7498.53,5021.64,2476.89,547324.83,366545.79,180779.04
Asia,Pakistan,Cloves,Tamil Nadu,Offline,L,4/9/2020,347818289,5/15/2020,747,73.35,10.21,7.78,748.9,570.66,7626.87,5811.66,1815.21,559428.3,426283.02,133145.28
Europe,Germany,Black Pepper,Kerala,Offline,L,6/1/2023,932007679,7/3/2023,1536,81.53,8.06,5.85,657.13,476.95,12380.16,8985.6,3394.56,1009351.68,732595.2,276756.48
Asia,Malaysia,Black Pepper,Karnataka,Online,H,10/26/2022,779909165,11/6/2022,285,79.69,8.51,6.02,678.16,479.73,2425.35,1715.7,709.65,193275.6,136723.05,56552.55
Asia,Pakistan,Cumin Seeds,Gujarat,Online,M,10/7/2020,368656276,10/17/2020,300,75.17,3.86,2.65,290.16,199.2,1158.0,795.0,363.0,87048.0,59760.0,27288.0
Europe,Sweden,Red Chilli,Andhra Pradesh,Offline,M,7/4/2024,521805082,7/29/2024,7829,84.72,3.42,1.99,289.74,168.59,26775.18,15579.71,11195.47,2268374.46,1319891.11,948483.35
Europe,Poland,Turmeric,Telangana,Offline,H,2/15/2021,659352932,2/23/2021,4871,72.66,2.29,1.47,166.39,106.81,11154.59,7160.37,3994.22,810485.69,520271.51,290214.18
Asia,India,Fenugreek Seeds,Rajasthan,Offline,M,8/4/2023,233722636,8/28/2023,1707,83.22,2.69,1.76,223.86,146.47,4591.83,3004.32,1587.51,382129.02,250024.29,132104.73
Europe,Germany,Fennel Seeds,Gujarat,Offline,H,5/29/2021,353474438,6/1/2021,3661,74.07,2.9,1.94,214.8,143.7,10616.9,7102.34,3514.56,786382.8,526085.7,260297.1
Sub-Saharan Africa,Ethiopia,Garam Masala,Gujarat,Online,M,4/23/2025,637391644,5/18/2025,195,86.97,9.06,5.48,787.95,476.6,1766.7,1068.6,698.1,153650.25,92937.0,60713.25
North America,United States,Mustard Seeds,Rajasthan,Offline,L,1/20/2021,728980767,2/25/2021,2280,72.85,1.42,0.91,103.45,66.29,3237.6,2074.8,1162.8,235866.0,151141.2,84724.8
Asia,Indonesia,Garam Masala,Gujarat,Offline,M,8/17/2024,693612578,8/28/2024,2518,84.02,8.33,4.86,699.89,408.34,20974.94,12237.48,8737.46,1762323.02,1028200.12,734122.9
Asia,Bangladesh,Turmeric,Andhra Pradesh,Offline,H,5/14/2021,777674865,5/21/2021,2033,73.76,2.27,1.41,167.44,104.0,4614.91,2866.53,1748.38,340405.52,211432.0,128973.52
Sub-Saharan Africa,South Africa,Fennel Seeds,Gujarat,Offline,M,11/24/2025,526530426,12/12/2025,1914,86.72,3.09,1.95,267.96,169.1,5914.26,3732.3,2181.96,512875.44,323657.4,189218.04
Asia,Sri Lanka,Dry Ginger,Meghalaya,Offline,C,12/24/2020,342859763,12/27/2020,376,74.48,3.54,2.7,263.66,201.1,1331.04,1015.2,315.84,99136.16,75613.6,23522.56
North America,United States,Fennel Seeds,Rajasthan,Online,L,4/24/2025,722514120,5/24/2025,422,87.18,3.78,2.46,329.54,214.46,1595.16,1038.12,557.04,139065.88,90502.12,48563.76
Middle East and North Africa,United Arab Emirates,Red Chilli,Andhra Pradesh,Offline,C,1/15/2025,339255394,1/19/2025,8016,86.21,3.77,2.44,325.01,210.35,30220.32,19559.04,10661.28,2605280.16,1686165.6,919114.56
Europe,Belgium,Cumin Seeds,Gujarat,Online,M,3/30/2024,384258413,4/22/2024,2059,83.12,5.09,3.75,423.08,311.7,10480.31,7721.25,2759.06,871121.72,641790.3,229331.42
Europe,Spain,Garam Masala,Gujarat,Offline,L,10/19/2021,763574881,11/5/2021,253,74.62,7.83,4.38,584.27,326.84,1980.99,1108.14,872.85,147820.31,82690.52,65129.79
Asia,Thailand,Red Chilli,Telangana,Offline,H,2/4/2025,186837803,2/15/2025,1078,86.49,3.36,2.07,290.61,179.03,3622.08,2231.46,1390.62,313277.58,192994.34,120283.24
Middle East and North Africa,Oman,Cloves,Kerala,Offline,L,10/25/2021,968297275,12/1/2021,352,74.65,10.42,8.33,777.85,621.83,3667.84,2932.16,735.68,273803.2,218884.16,54919.04
North America,United States,Black Pepper,Karnataka,Offline,L,12/16/2019,940499494,1/25/2020,3163,70.34,7.47,5.18,525.44,364.36,23627.61,16384.34,7243.27,1661966.72,1152470.68,509496.04
Asia,India,Mustard Seeds,Rajasthan,Offline,L,9/15/2025,895916817,9/30/2025,1276,87.76,1.4,0.93,122.86,81.62,1786.4,1186.68,599.72,156769.36,104147.12,52622.24
Europe,France,Coriander Seeds,Madhya Pradesh,Online,L,2/25/2024,129601425,3/15/2024,1995,82.78,2.05,1.49,169.7,123.34,4089.75,2972.55,1117.2,338551.5,246063.3,92488.2
Asia,Singapore,Turmeric,Telangana,Offline,H,12/14/2023,556448901,12/24/2023,7129,83.3,2.23,1.51,185.76,125.78,15897.67,10764.79,5132.88,1324283.04,896685.62,427597.42
Asia,India,Mustard Seeds,Madhya Pradesh,Online,L,10/8/2025,764726130,10/30/2025,2305,87.26,1.54,1.06,134.38,92.5,3549.7,2443.3,1106.4,309745.9,213212.5,96533.4
Asia,Vietnam,Fennel Seeds,Gujarat,Offline,H,11/2/2020,487743539,11/14/2020,703,74.41,3.05,1.94,226.95,144.36,2144.15,1363.82,780.33,159545.85,101485.08,58060.77
Australia and Oceania,Australia,Black Pepper,Karnataka,Offline,M,6/3/2023,601554664,6/13/2023,404,82.33,8.95,6.15,736.85,506.33,3615.8,2484.6,1131.2,297687.4,204557.32,93130.08
Asia,South Korea,Coriander Seeds,Rajasthan,Online,L,9/18/2021,540398611,10/23/2021,500,73.54,1.76,1.19,129.43,87.51,880.0,595.0,285.0,64715.0,43755.0,20960.0
Australia and Oceania,New Zealand,Cloves,Tamil Nadu,Offline,M,2/18/2020,428662720,3/9/2020,376,74.01,11.13,8.4,823.73,621.68,4184.88,3158.4,1026.48,309722.48,233751.68,75970.8
Middle East and North Africa,Saudi Arabia,Dry Ginger,Odisha,Online,M,12/21/2019,156584530,1/5/2020,1571,70.48,3.59,2.44,253.02,171.97,5639.89,3833.24,1806.65,397494.42,270164.87,127329.55
Europe,Russia,Turmeric,Odisha,Offline,M,3/4/2019,294211518,3/12/2019,531,70.36,2.16,1.44,151.98,101.32,1146.96,764.64,382.32,80701.38,53800.92,26900.46
Europe,Germany,Dry Ginger,Kerala,Online,L,2/26/2024,347183703,4/2/2024,300,83.54,4.34,3.01,362.56,251.46,1302.0,903.0,399.0,108768.0,75438.0,33330.0
Asia,Singapore,Cloves,Kerala,Offline,L,9/23/2025,548311441,10/15/2025,317,86.44,11.68,9.12,1009.62,788.33,3702.56,2891.04,811.52,320049.54,249900.61,70148.93
Europe,Netherlands,Coriander Seeds,Rajasthan,Offline,L,3/14/2021,692547864,4/14/2021,5576,73.11,1.83,1.12,133.79,81.88,10204.08,6245.12,3958.96,746013.04,456562.88,289450.16
North America,Canada,Dry Ginger,Meghalaya,Online,M,3/7/2023,383406561,3/27/2023,685,82.33,3.77,2.93,310.38,241.23,2582.45,2007.05,575.4,212610.3,165242.55,47367.75
Europe,Italy,Cumin Seeds,Gujarat,Online,L,5/26/2022,665866726,6/18/2022,1629,78.31,4.65,3.16,364.14,247.46,7574.85,5147.64,2427.21,593184.06,403112.34,190071.72
Middle East and North Africa,Saudi Arabia,Dry Ginger,Kerala,Offline,C,4/21/2024,296919026,4/22/2024,708,83.43,3.93,2.69,327.88,224.43,2782.44,1904.52,877.92,232139.04,158896.44,73242.6
Australia and Oceania,Australia,Red Chilli,Telangana,Online,H,8/10/2023,110433640,8/20/2023,500,82.49,3.98,2.28,328.31,188.08,1990.0,1140.0,850.0,164155.0,94040.0,70115.0
Middle East and North Africa,Oman,Cumin Seeds,Rajasthan,Online,M,9/1/2025,355766026,9/12/2025,1655,87.16,4.82,2.97,420.11,258.87,7977.1,4915.35,3061.75,695282.05,428429.85,266852.2
Sub-Saharan Africa,South Africa,Cumin Seeds,Gujarat,Online,M,11/30/2025,799414501,12/8/2025,300,87.92,4.64,3.37,407.95,296.29,1392.0,1011.0,381.0,122385.0,88887.0,33498.0
North America,Mexico,Cloves,Tamil Nadu,Offline,L,3/1/2025,393431360,3/28/2025,168,86.75,11.7,8.13,1014.97,705.28,1965.6,1365.84,599.76,170514.96,118487.04,52027.92
Middle East and North Africa,Saudi Arabia,Fennel Seeds,Gujarat,Online,M,8/19/2023,959835115,8/27/2023,2637,82.61,2.92,1.81,241.22,149.52,7700.04,4772.97,2927.07,636097.14,394284.24,241812.9
Middle East and North Africa,United Arab Emirates,Cardamom,Sikkim,Online,M,9/7/2025,842955543,9/14/2025,50,86.95,24.46,19.81,2126.8,1722.48,1223.0,990.5,232.5,106340.0,86124.0,20216.0
Middle East and North Africa,Morocco,Turmeric,Odisha,Offline,L,9/14/2025,320973665,10/16/2025,3628,87.98,2.53,1.8,222.59,158.36,9178.84,6530.4,2648.44,807556.52,574530.08,233026.44
Asia,Singapore,Cinnamon,Kerala,Offline,M,4/19/2022,571298825,4/28/2022,1134,78.34,5.54,4.18,434.0,327.46,6282.36,4740.12,1542.24,492156.0,371339.64,120816.36
Asia,Indonesia,Black Pepper,Kerala,Offline,L,2/14/2020,856325989,3/12/2020,811,74.17,6.7,6.63,496.94,491.75,5433.7,5376.93,56.77,403018.34,398809.25,4209.09
North America,United States,Cinnamon,Kerala,Offline,C,5/28/2019,827039926,5/31/2019,208,70.45,4.62,3.21,325.48,226.14,960.96,667.68,293.28,67699.84,47037.12,20662.72
North America,United States,Dry Ginger,Karnataka,Offline,H,10/1/2025,271057752,10/9/2025,1866,87.71,3.85,2.68,337.68,235.06,7184.1,5000.88,2183.22,630110.88,438621.96,191488.92
Asia,Indonesia,Red Chilli,Telangana,Offline,C,5/9/2025,617499557,5/16/2025,8205,87.34,3.33,2.05,290.84,179.05,27322.65,16820.25,10502.4,2386342.2,1469105.25,917236.95
Europe,Spain,Black Pepper,Tamil Nadu,Offline,M,6/12/2019,117068117,6/29/2019,326,69.82,7.44,5.69,519.46,397.28,2425.44,1854.94,570.5,169343.96,129513.28,39830.68
Asia,Bangladesh,Cumin Seeds,Gujarat,Offline,M,11/1/2024,767003085,11/16/2024,2805,83.84,4.15,2.84,347.94,238.11,11640.75,7966.2,3674.55,975971.7,667898.55,308073.15
Australia and Oceania,Australia,Cinnamon,Kerala,Offline,H,2/25/2025,922422395,2/28/2025,762,86.38,6.12,4.6,528.65,397.35,4663.44,3505.2,1158.24,402831.3,302780.7,100050.6
Sub-Saharan Africa,Ghana,Cumin Seeds,Gujarat,Offline,M,12/4/2023,937203926,12/26/2023,4350,83.63,4.0,2.64,334.52,220.78,17400.0,11484.0,5916.0,1455162.0,960393.0,494769.0
Middle East and North Africa,Saudi Arabia,Cumin Seeds,Gujarat,Online,M,12/27/2021,516752188,1/18/2022,1406,73.77,4.2,3.05,309.83,225.0,5905.2,4288.3,1616.9,435620.98,316350.0,119270.98
Europe,Belgium,Coriander Seeds,Gujarat,Offline,H,6/23/2021,704422302,7/5/2021,1094,74.28,1.75,1.08,129.99,80.22,1914.5,1181.52,732.98,142209.06,87760.68,54448.38
Asia,Singapore,Cumin Seeds,Gujarat,Offline,M,7/23/2022,832383246,8/2/2022,397,79.3,3.79,2.51,300.55,199.04,1504.63,996.47,508.16,119318.35,79018.88,40299.47
Asia,India,Cloves,Tamil Nadu,Online,M,6/18/2022,179240528,6/29/2022,1148,77.57,10.52,8.35,816.04,647.71,12076.96,9585.8,2491.16,936813.92,743571.08,193242.84
Asia,Bangladesh,Cinnamon,Kerala,Online,C,2/27/2020,875951646,2/29/2020,675,73.39,4.33,3.24,317.78,237.78,2922.75,2187.0,735.75,214501.5,160501.5,54000.0
Europe,United Kingdom,Fenugreek Seeds,Rajasthan,Offline,M,4/2/2024,735168142,4/27/2024,553,84.05,2.95,1.96,247.95,164.74,1631.35,1083.88,547.47,137116.35,91101.22,46015.13
Middle East and North Africa,Saudi Arabia,Black Pepper,Kerala,Online,H,6/10/2022,294871151,6/15/2022,203,78.76,8.44,5.98,664.73,470.98,1713.32,1213.94,499.38,134940.19,95608.94,39331.25
Sub-Saharan Africa,Kenya,Cumin Seeds,Rajasthan,Offline,H,10/22/2025,288938697,11/1/2025,819,87.82,4.25,2.79,373.23,245.02,3480.75,2285.01,1195.74,305675.37,200671.38,105003.99
North America,Mexico,Coriander Seeds,Rajasthan,Offline,L,3/25/2019,762699730,4/11/2019,763,70.39,1.55,0.99,109.1,69.69,1182.65,755.37,427.28,83243.3,53173.47,30069.83
Middle East and North Africa,Egypt,Turmeric,Maharashtra,Offline,M,8/13/2019,441793245,9/7/2019,1752,70.57,2.13,1.29,150.31,91.04,3731.76,2260.08,1471.68,263343.12,159502.08,103841.04
North America,Mexico,Turmeric,Telangana,Online,L,2/23/2021,779783996,3/30/2021,4471,72.6,2.3,1.47,166.98,106.72,10283.3,6572.37,3710.93,746567.58,477145.12,269422.46
North America,United States,Cardamom,Sikkim,Online,M,9/10/2023,305251025,10/3/2023,570,82.85,28.61,25.12,2370.34,2081.19,16307.7,14318.4,1989.3,1351093.8,1186278.3,164815.5
Asia,Bangladesh,Dry Ginger,Meghalaya,Online,M,5/3/2020,720097771,5/8/2020,434,73.91,3.14,2.38,232.08,175.91,1362.76,1032.92,329.84,100722.72,76344.94,24377.78
North America,United States,Red Chilli,Andhra Pradesh,Offline,M,3/29/2019,238394485,4/13/2019,1924,70.29,2.98,1.77,209.46,124.41,5733.52,3405.48,2328.04,403001.04,239364.84,163636.2
North America,United States,Cumin Seeds,Rajasthan,Online,M,6/1/2023,843897516,6/17/2023,500,82.46,4.48,2.87,369.42,236.66,2240.0,1435.0,805.0,184710.0,118330.0,66380.0
Asia,South Korea,Black Pepper,Kerala,Online,L,5/25/2023,642391475,6/29/2023,1253,83.34,8.4,6.33,700.06,527.54,10525.2,7931.49,2593.71,877175.18,661007.62,216167.56
Sub-Saharan Africa,Tanzania,Mustard Seeds,Madhya Pradesh,Offline,H,11/2/2021,513644530,11/9/2021,6145,74.78,1.26,0.83,94.22,62.07,7742.7,5100.35,2642.35,578981.9,381420.15,197561.75
Asia,Japan,Cloves,Tamil Nadu,Offline,H,9/16/2021,432610020,9/25/2021,102,74.54,9.47,7.34,705.89,547.12,965.94,748.68,217.26,72000.78,55806.24,16194.54
Asia,Bangladesh,Red Chilli,Madhya Pradesh,Online,L,11/30/2021,844384425,12/31/2021,787,73.75,3.13,1.98,230.84,146.03,2463.31,1558.26,905.05,181671.08,114925.61,66745.47
Middle East and North Africa,Jordan,Black Pepper,Karnataka,Offline,L,12/22/2024,983075886,1/16/2025,2407,84.69,8.29,6.2,702.08,525.08,19954.03,14923.4,5030.63,1689906.56,1263867.56,426039.0
North America,Mexico,Red Chilli,Karnataka,Online,M,6/17/2025,513794014,7/5/2025,500,86.96,3.73,2.52,324.36,219.14,1865.0,1260.0,605.0,162180.0,109570.0,52610.0
Middle East and North Africa,Saudi Arabia,Cumin Seeds,Gujarat,Offline,H,11/7/2025,220248336,11/11/2025,1160,86.27,4.09,2.83,352.84,244.14,4744.4,3282.8,1461.6,409294.4,283202.4,126092.0
North America,United States,Cumin Seeds,Rajasthan,Online,M,3/26/2021,317372193,4/3/2021,300,73.19,4.5,3.39,329.36,248.11,1350.0,1017.0,333.0,98808.0,74433.0,24375.0
Middle East and North Africa,United Arab Emirates,Turmeric,Maharashtra,Online,H,6/5/2019,696952009,6/13/2019,1417,70.29,2.07,1.39,145.5,97.7,2933.19,1969.63,963.56,206173.5,138440.9,67732.6
North America,United States,Turmeric,Odisha,Offline,H,3/12/2024,980322272,3/23/2024,2954,83.71,2.92,1.87,244.43,156.54,8625.68,5523.98,3101.7,722046.22,462419.16,259627.06
Asia,India,Fenugreek Seeds,Madhya Pradesh,Offline,M,1/13/2022,544360731,1/27/2022,611,78.3,2.41,1.47,188.7,115.1,1472.51,898.17,574.34,115295.7,70326.1,44969.6
Asia,Indonesia,Black Pepper,Karnataka,Offline,M,12/13/2020,556327891,1/3/2021,2719,74.28,8.36,6.24,620.98,463.51,22730.84,16966.56,5764.28,1688444.62,1260283.69,428160.93
Australia and Oceania,Fiji,Turmeric,Odisha,Offline,C,11/27/2022,159903398,11/28/2022,839,78.91,2.25,1.45,177.55,114.42,1887.75,1216.55,671.2,148964.45,95998.38,52966.07
Asia,Singapore,Nutmeg,Tamil Nadu,Offline,H,6/8/2024,625705981,6/16/2024,239,82.69,11.75,7.92,971.61,654.9,2808.25,1892.88,915.37,232214.79,156521.1,75693.69
Asia,Malaysia,Fenugreek Seeds,Gujarat,Online,L,2/23/2025,415273591,3/23/2025,300,86.46,3.13,2.14,270.62,185.02,939.0,642.0,297.0,81186.0,55506.0,25680.0
Europe,Spain,Cumin Seeds,Gujarat,Offline,M,12/26/2024,379425242,1/11/2025,361,84.74,4.69,3.12,397.43,264.39,1693.09,1126.32,566.77,143472.23,95444.79,48027.44
Asia,Bangladesh,Black Pepper,Tamil Nadu,Offline,C,4/9/2020,258950604,4/11/2020,4984,73.88,7.3,5.27,539.32,389.35,36383.2,26265.68,10117.52,2687970.88,1940520.4,747450.48
Middle East and North Africa,Egypt,Coriander Seeds,Madhya Pradesh,Online,L,10/11/2020,872609410,11/2/2020,525,73.98,1.87,1.19,138.34,88.04,981.75,624.75,357.0,72628.5,46221.0,26407.5
North America,Canada,Cardamom,Karnataka,Offline,L,11/16/2025,970665588,12/11/2025,89,87.8,28.22,23.59,2477.72,2071.2,2511.58,2099.51,412.07,220517.08,184336.8,36180.28
Middle East and North Africa,Kuwait,Coriander Seeds,Rajasthan,Offline,M,12/11/2022,150424491,12/24/2022,1872,78.79,1.91,1.17,150.49,92.18,3575.52,2190.24,1385.28,281717.28,172560.96,109156.32
Sub-Saharan Africa,Tanzania,Coriander Seeds,Madhya Pradesh,Offline,M,11/27/2024,670510123,12/5/2024,916,84.33,2.08,1.17,175.41,98.67,1905.28,1071.72,833.56,160675.56,90381.72,70293.84
Europe,Spain,Black Pepper,Karnataka,Online,M,10/6/2021,464961135,10/25/2021,847,74.13,8.04,5.77,596.01,427.73,6809.88,4887.19,1922.69,504820.47,362287.31,142533.16
North America,Canada,Red Chilli,Karnataka,Offline,H,7/14/2023,948586345,7/22/2023,1076,82.37,3.36,2.33,276.76,191.92,3615.36,2507.08,1108.28,297793.76,206505.92,91287.84
Asia,South Korea,Mustard Seeds,Rajasthan,Offline,M,8/28/2023,431122324,9/16/2023,5895,83.48,1.27,0.89,106.02,74.3,7486.65,5246.55,2240.1,624987.9,437998.5,186989.4
Central America and the Caribbean,Trinidad and Tobago,Saffron,Jammu and Kashmir,Offline,L,6/24/2019,184820579,7/12/2019,13,69.52,2138.26,1873.21,148651.84,130225.56,27797.38,24351.73,3445.65,1932473.92,1692932.28,239541.64
Australia and Oceania,Australia,Cardamom,Kerala,Offline,H,2/28/2022,107993806,3/7/2022,105,78.1,25.14,20.03,1963.43,1564.34,2639.7,2103.15,536.55,206160.15,164255.7,41904.45
Asia,Malaysia,Red Chilli,Andhra Pradesh,Online,L,10/28/2024,128607788,12/4/2024,895,84.79,3.47,2.24,294.22,189.93,3105.65,2004.8,1100.85,263326.9,169987.35,93339.55
Middle East and North Africa,Kuwait,Turmeric,Andhra Pradesh,Offline,M,3/10/2022,419554912,3/22/2022,687,78.0,2.52,1.72,196.56,134.16,1731.24,1181.64,549.6,135036.72,92167.92,42868.8
Asia,Japan,Mustard Seeds,Rajasthan,Offline,M,2/23/2021,597688267,3/19/2021,1381,74.43,1.18,0.79,87.83,58.8,1629.58,1090.99,538.59,121293.23,81202.8,40090.43
North America,United States,Coriander Seeds,Rajasthan,Offline,M,11/3/2023,363930565,11/22/2023,655,83.33,1.85,1.16,154.16,96.66,1211.75,759.8,451.95,100974.8,63312.3,37662.5
Middle East and North Africa,Iran,Mustard Seeds,Rajasthan,Online,H,10/20/2021,581638723,10/25/2021,2477,74.58,1.27,1.01,94.72,75.33,3145.79,2501.77,644.02,234621.44,186592.41,48029.03
Europe,Netherlands,Nutmeg,Kerala,Online,M,4/4/2023,732023416,4/19/2023,107,82.15,12.37,9.85,1016.2,809.18,1323.59,1053.95,269.64,108733.4,86582.26,22151.14
Asia,Bangladesh,Garam Masala,Maharashtra,Online,L,2/13/2024,493053148,3/6/2024,100,83.96,7.96,4.95,668.32,415.6,796.0,495.0,301.0,66832.0,41560.0,25272.0
Europe,Netherlands,Mustard Seeds,Rajasthan,Online,H,1/5/2025,339299995,1/16/2025,1082,87.29,1.63,1.11,142.28,96.89,1763.66,1201.02,562.64,153946.96,104834.98,49111.98
Asia,Indonesia,Coriander Seeds,Madhya Pradesh,Offline,H,8/6/2023,572922751,8/16/2023,1726,83.0,1.68,1.0,139.44,83.0,2899.68,1726.0,1173.68,240673.44,143258.0,97415.44
North America,United States,Garam Masala,Gujarat,Offline,M,2/27/2019,546936529,3/5/2019,471,69.89,6.66,3.93,465.47,274.67,3136.86,1851.03,1285.83,219236.37,129369.57,89866.8
North America,United States,Fenugreek Seeds,Madhya Pradesh,Online,L,9/23/2021,996320994,10/9/2021,2540,74.56,3.04,2.04,226.66,152.1,7721.6,5181.6,2540.0,575716.4,386334.0,189382.4
Central America and the Caribbean,Panama,Cinnamon,Kerala,Offline,M,10/27/2019,556809837,11/7/2019,2872,71.11,4.44,3.21,315.73,228.26,12751.68,9219.12,3532.56,906776.56,655562.72,251213.84
Europe,Italy,Turmeric,Karnataka,Online,L,7/4/2022,143654619,7/22/2022,1076,78.56,2.57,1.87,201.9,146.91,2765.32,2012.12,753.2,217244.4,158075.16,59169.24
Sub-Saharan Africa,South Africa,Mustard Seeds,Rajasthan,Online,L,4/18/2020,618913421,5/17/2020,1527,74.06,1.19,0.84,88.13,62.21,1817.13,1282.68,534.45,134574.51,94994.67,39579.84
Europe,Netherlands,Red Chilli,Telangana,Offline,M,8/27/2022,355969220,9/4/2022,2447,78.29,2.84,1.85,222.34,144.84,6949.48,4526.95,2422.53,544065.98,354423.48,189642.5
North America,United States,Red Chilli,Telangana,Offline,M,9/19/2024,769997700,9/30/2024,1015,83.77,3.67,2.32,307.44,194.35,3725.05,2354.8,1370.25,312051.6,197265.25,114786.35
Australia and Oceania,Australia,Fenugreek Seeds,Gujarat,Offline,H,8/5/2021,416342002,8/16/2021,4652,73.66,2.68,1.8,197.41,132.59,12467.36,8373.6,4093.76,918351.32,616808.68,301542.64
Australia and Oceania,New Zealand,Cinnamon,Kerala,Online,M,6/16/2022,367554961,7/4/2022,909,79.14,5.59,4.06,442.39,321.31,5081.31,3690.54,1390.77,402132.51,292070.79,110061.72
Sub-Saharan Africa,Ethiopia,Saffron,Jammu and Kashmir,Offline,L,7/14/2022,234645018,8/2/2022,26,78.75,1967.08,1565.36,154907.55,123272.1,51144.08,40699.36,10444.72,4027596.3,3205074.6,822521.7
Middle East and North Africa,United Arab Emirates,Cumin Seeds,Rajasthan,Offline,M,10/12/2024,611055155,10/21/2024,443,83.84,4.49,3.09,376.44,259.07,1989.07,1368.87,620.2,166762.92,114768.01,51994.91
Europe,Sweden,Black Pepper,Karnataka,Online,L,11/13/2021,479397423,12/1/2021,1042,74.3,8.52,6.09,633.04,452.49,8877.84,6345.78,2532.06,659627.68,471494.58,188133.1
Asia,India,Black Pepper,Kerala,Offline,L,6/2/2020,518084218,6/21/2020,1575,74.13,7.03,5.19,521.13,384.73,11072.25,8174.25,2898.0,820779.75,605949.75,214830.0
Europe,France,Cardamom,Tamil Nadu,Online,L,5/14/2022,455839346,6/6/2022,423,78.6,23.97,19.33,1884.04,1519.34,10139.31,8176.59,1962.72,796948.92,642680.82,154268.1
Middle East and North Africa,United Arab Emirates,Turmeric,Andhra Pradesh,Offline,M,12/22/2025,428195937,1/2/2026,1016,87.59,2.64,1.68,231.24,147.15,2682.24,1706.88,975.36,234939.84,149504.4,85435.44
Europe,Russia,Dry Ginger,Kerala,Offline,L,2/21/2022,451613073,3/24/2022,748,77.97,3.6,2.41,280.69,187.91,2692.8,1802.68,890.12,209956.12,140556.68,69399.44
Central America and the Caribbean,Jamaica,Turmeric,Telangana,Online,M,8/28/2023,925536968,9/22/2023,1446,83.86,2.33,1.57,195.39,131.66,3369.18,2270.22,1098.96,282533.94,190380.36,92153.58
Asia,Malaysia,Dry Ginger,Kerala,Offline,M,11/3/2022,915903241,11/13/2022,4599,78.68,3.19,2.32,250.99,182.54,14670.81,10669.68,4001.13,1154303.01,839501.46,314801.55
Asia,Vietnam,Fennel Seeds,Gujarat,Online,M,5/17/2019,234330608,6/4/2019,300,69.56,2.55,1.65,177.38,114.77,765.0,495.0,270.0,53214.0,34431.0,18783.0
Europe,Italy,Garam Masala,Gujarat,Online,H,2/19/2019,914629451,2/24/2019,1423,70.0,7.12,4.04,498.4,282.8,10131.76,5748.92,4382.84,709223.2,402424.4,306798.8
Europe,United Kingdom,Fenugreek Seeds,Rajasthan,Offline,M,6/13/2021,354249225,6/25/2021,1562,72.89,2.76,1.52,201.18,110.79,4311.12,2374.24,1936.88,314243.16,173053.98,141189.18
Europe,Poland,Mustard Seeds,Rajasthan,Offline,H,12/29/2022,955963161,1/1/2023,11831,79.19,1.59,1.03,125.91,81.57,18811.29,12185.93,6625.36,1489641.21,965054.67,524586.54
Australia and Oceania,Australia,Cardamom,Sikkim,Offline,H,12/23/2021,149494530,1/4/2022,137,74.59,25.75,22.41,1920.69,1671.56,3527.75,3070.17,457.58,263134.53,229003.72,34130.81
Europe,Belgium,Nutmeg,Tamil Nadu,Online,L,3/11/2019,396461165,4/9/2019,379,69.82,11.37,8.24,793.85,575.32,4309.23,3122.96,1186.27,300869.15,218046.28,82822.87
Australia and Oceania,Australia,Cinnamon,Kerala,Offline,L,4/7/2025,269431444,5/3/2025,3354,86.88,5.34,3.78,463.94,328.41,17910.36,12678.12,5232.24,1556054.76,1101487.14,454567.62
Asia,Japan,Garam Masala,Maharashtra,Offline,M,6/15/2025,266320814,6/29/2025,195,87.08,7.29,4.33,634.81,377.06,1421.55,844.35,577.2,123787.95,73526.7,50261.25
Europe,Spain,Cloves,Tamil Nadu,Offline,L,5/7/2019,772115323,6/7/2019,948,70.42,9.46,7.44,666.17,523.92,8968.08,7053.12,1914.96,631529.16,496676.16,134853.0
North America,United States,Red Chilli,Telangana,Offline,L,1/23/2024,740390963,2/18/2024,2162,83.09,3.45,2.18,286.66,181.14,7458.9,4713.16,2745.74,619758.92,391624.68,228134.24
North America,United States,Cumin Seeds,Rajasthan,Offline,L,3/4/2020,188840804,3/31/2020,1432,73.96,3.85,2.79,284.75,206.35,5513.2,3995.28,1517.92,407762.0,295493.2,112268.8
Central America and the Caribbean,Panama,Garam Masala,Maharashtra,Offline,H,10/21/2022,260932051,10/31/2022,2492,78.68,7.87,4.49,619.21,353.27,19612.04,11189.08,8422.96,1543071.32,880348.84,662722.48
Europe,Netherlands,Cinnamon,Kerala,Offline,C,7/2/2021,742021222,7/6/2021,2136,74.73,4.87,3.35,363.94,250.35,10402.32,7155.6,3246.72,777375.84,534747.6,242628.24
Middle East and North Africa,Saudi Arabia,Coriander Seeds,Rajasthan,Online,M,12/6/2025,623150420,12/18/2025,3335,88.6,1.99,1.33,176.31,117.84,6636.65,4435.55,2201.1,587993.85,392996.4,194997.45
North America,United States,Cumin Seeds,Gujarat,Offline,M,2/27/2025,476669711,3/7/2025,3447,86.83,5.0,3.61,434.15,313.46,17235.0,12443.67,4791.33,1496515.05,1080496.62,416018.43
Middle East and North Africa,Qatar,Mustard Seeds,Rajasthan,Online,L,10/13/2022,153196219,10/29/2022,2693,77.79,1.42,0.91,110.46,70.79,3824.06,2450.63,1373.43,297468.78,190637.47,106831.31
Asia,Vietnam,Dry Ginger,Odisha,Offline,H,9/29/2020,640538003,10/8/2020,773,74.12,3.13,2.22,232.0,164.55,2419.49,1716.06,703.43,179336.0,127197.15,52138.85
North America,United States,Garam Masala,Gujarat,Offline,M,7/30/2024,802145924,8/11/2024,137,83.1,7.89,4.58,655.66,380.6,1080.93,627.46,453.47,89825.42,52142.2,37683.22
Middle East and North Africa,Egypt,Turmeric,Karnataka,Offline,M,11/27/2023,191517181,12/2/2023,673,81.95,2.46,1.61,201.6,131.94,1655.58,1083.53,572.05,135676.8,88795.62,46881.18
Middle East and North Africa,Saudi Arabia,Turmeric,Maharashtra,Offline,H,2/15/2019,646050957,2/22/2019,5439,69.44,2.19,1.5,152.07,104.16,11911.41,8158.5,3752.91,827108.73,566526.24,260582.49
Europe,Spain,Fennel Seeds,Rajasthan,Offline,M,3/20/2024,826634590,3/25/2024,727,83.63,3.47,2.15,290.2,179.8,2522.69,1563.05,959.64,210975.4,130714.6,80260.8
Europe,Italy,Cloves,Tamil Nadu,Offline,M,1/5/2023,893700338,1/30/2023,654,81.47,10.95,8.12,892.1,661.54,7161.3,5310.48,1850.82,583433.4,432647.16,150786.24
Middle East and North Africa,Saudi Arabia,Fenugreek Seeds,Madhya Pradesh,Offline,H,12/22/2024,825102498,12/25/2024,3019,83.61,2.7,1.7,225.75,142.14,8151.3,5132.3,3019.0,681539.25,429120.66,252418.59
Asia,Japan,Cloves,Kerala,Offline,C,2/28/2019,972920572,3/1/2019,102,70.41,9.31,7.15,655.52,503.43,949.62,729.3,220.32,66863.04,51349.86,15513.18
North America,United States,Red Chilli,Andhra Pradesh,Offline,H,9/5/2022,405797549,9/16/2022,1624,78.91,3.05,1.91,240.68,150.72,4953.2,3101.84,1851.36,390864.32,244769.28,146095.04
Europe,Germany,Turmeric,Andhra Pradesh,Offline,M,3/13/2022,805238278,3/24/2022,627,77.47,2.5,1.7,193.68,131.7,1567.5,1065.9,501.6,121437.36,82575.9,38861.46
Australia and Oceania,New Zealand,Turmeric,Maharashtra,Online,L,7/25/2024,125508825,9/1/2024,1038,83.84,2.42,1.69,202.89,141.69,2511.96,1754.22,757.74,210599.82,147074.22,63525.6
North America,United States,Mustard Seeds,Madhya Pradesh,Online,M,7/16/2025,237804364,7/31/2025,1064,87.07,1.55,1.14,134.96,99.26,1649.2,1212.96,436.24,143597.44,105612.64,37984.8
Asia,Japan,Turmeric,Tamil Nadu,Online,H,2/24/2025,694335403,3/6/2025,2430,86.29,2.85,1.92,245.93,165.68,6925.5,4665.6,2259.9,597609.9,402602.4,195007.5
Europe,Poland,Cloves,Tamil Nadu,Online,H,11/19/2020,799335636,11/27/2020,373,74.32,9.86,7.45,732.8,553.68,3677.78,2778.85,898.93,273334.4,206522.64,66811.76
Asia,India,Cinnamon,Kerala,Online,H,6/7/2025,623879080,6/11/2025,943,87.53,5.81,4.42,508.55,386.88,5478.83,4168.06,1310.77,479562.65,364827.84,114734.81
Middle East and North Africa,Iran,Red Chilli,Karnataka,Offline,L,12/20/2025,627076168,1/7/2026,5133,87.39,3.48,2.12,304.12,185.27,17862.84,10881.96,6980.88,1561047.96,950990.91,610057.05
North America,United States,Nutmeg,Kerala,Offline,H,12/8/2025,686888304,12/13/2025,225,87.72,14.94,11.22,1310.54,984.22,3361.5,2524.5,837.0,294871.5,221449.5,73422.0
Europe,Russia,Black Pepper,Karnataka,Offline,L,3/30/2022,175518449,4/22/2022,1262,78.25,8.64,6.21,676.08,485.93,10903.68,7837.02,3066.66,853212.96,613243.66,239969.3
Asia,India,Nutmeg,Tamil Nadu,Offline,L,1/18/2025,317494585,2/1/2025,394,86.63,11.44,8.5,991.05,736.36,4507.36,3349.0,1158.36,390473.7,290125.84,100347.86
Asia,South Korea,Cumin Seeds,Gujarat,Online,C,2/10/2023,280774175,2/12/2023,300,81.48,4.06,2.82,330.81,229.77,1218.0,846.0,372.0,99243.0,68931.0,30312.0
Middle East and North Africa,Morocco,Coriander Seeds,Madhya Pradesh,Offline,L,2/20/2024,476702412,3/31/2024,6169,83.01,1.9,1.17,157.72,97.12,11721.1,7217.73,4503.37,972974.68,599133.28,373841.4
Asia,Pakistan,Cloves,Tamil Nadu,Online,M,9/22/2019,351321728,10/10/2019,100,70.14,10.01,7.42,702.1,520.44,1001.0,742.0,259.0,70210.0,52044.0,18166.0
Europe,Germany,Cumin Seeds,Gujarat,Online,C,1/31/2024,952385039,2/4/2024,1136,83.77,4.72,3.2,395.39,268.06,5361.92,3635.2,1726.72,449163.04,304516.16,144646.88
Europe,Spain,Coriander Seeds,Madhya Pradesh,Offline,H,2/22/2025,171394227,3/3/2025,742,86.51,2.16,1.46,186.86,126.3,1602.72,1083.32,519.4,138650.12,93714.6,44935.52
Sub-Saharan Africa,Kenya,Turmeric,Tamil Nadu,Online,C,10/26/2021,292831376,11/2/2021,1041,73.93,2.35,1.51,173.74,111.63,2446.35,1571.91,874.44,180863.34,116206.83,64656.51
North America,United States,Black Pepper,Karnataka,Offline,M,3/17/2021,307790525,4/7/2021,779,73.21,8.05,5.38,589.34,393.87,6270.95,4191.02,2079.93,459095.86,306824.73,152271.13
Asia,Vietnam,Cardamom,Sikkim,Offline,M,11/20/2019,920440956,12/14/2019,529,70.26,20.52,17.02,1441.74,1195.83,10855.08,9003.58,1851.5,762680.46,632594.07,130086.39
Sub-Saharan Africa,Ghana,Mustard Seeds,Rajasthan,Online,H,9/18/2024,858171056,9/28/2024,3824,83.1,1.4,0.92,116.34,76.45,5353.6,3518.08,1835.52,444884.16,292344.8,152539.36
Australia and Oceania,New Zealand,Turmeric,Karnataka,Offline,M,3/30/2025,780645799,4/10/2025,4119,86.67,2.93,1.91,253.94,165.54,12068.67,7867.29,4201.38,1045978.86,681859.26,364119.6
Europe,France,Cardamom,Kerala,Offline,H,10/6/2025,950720665,10/16/2025,143,87.48,26.47,21.07,2315.6,1843.2,3785.21,3013.01,772.2,331130.8,263577.6,67553.2
North America,Mexico,Saffron,Jammu and Kashmir,Online,M,11/11/2024,793412891,11/17/2024,1,84.87,2859.21,2591.65,242661.15,219953.34,2859.21,2591.65,267.56,242661.15,219953.34,22707.81
North America,United States,Fennel Seeds,Rajasthan,Online,L,11/18/2025,687759045,12/1/2025,471,87.69,3.46,2.27,303.41,199.06,1629.66,1069.17,560.49,142906.11,93757.26,49148.85
Europe,France,Cinnamon,Kerala,Offline,L,5/15/2022,391237713,6/3/2022,348,78.46,5.69,3.86,446.44,302.86,1980.12,1343.28,636.84,155361.12,105395.28,49965.84
North America,United States,Red Chilli,Maharashtra,Online,H,4/20/2022,376423080,4/24/2022,4013,78.46,3.08,1.99,241.66,156.14,12360.04,7985.87,4374.17,969781.58,626589.82,343191.76
Middle East and North Africa,Egypt,Fennel Seeds,Gujarat,Online,M,6/21/2019,586054386,7/3/2019,368,70.79,2.71,1.77,191.84,125.3,997.28,651.36,345.92,70597.12,46110.4,24486.72
Middle East and North Africa,Jordan,Mustard Seeds,Rajasthan,Offline,H,3/18/2023,401295312,3/28/2023,801,81.87,1.4,0.86,114.62,70.41,1121.4,688.86,432.54,91810.62,56398.41,35412.21
North America,Mexico,Coriander Seeds,Madhya Pradesh,Offline,M,2/5/2024,110691695,2/19/2024,5032,83.07,1.96,1.24,162.82,103.01,9862.72,6239.68,3623.04,819310.24,518346.32,300963.92
Europe,France,Cumin Seeds,Rajasthan,Offline,C,10/29/2025,644933475,10/31/2025,767,87.42,5.36,3.51,468.57,306.84,4111.12,2692.17,1418.95,359393.19,235346.28,124046.91
Middle East and North Africa,Saudi Arabia,Cinnamon,Kerala,Offline,L,11/18/2021,438686157,12/22/2021,2734,74.78,5.6,4.08,418.77,305.1,15310.4,11154.72,4155.68,1144917.18,834143.4,310773.78
Middle East and North Africa,Iran,Cardamom,Karnataka,Online,C,1/28/2023,301271076,2/1/2023,75,82.64,26.19,27.16,2164.34,2244.5,1964.25,2037.0,-72.75,162325.5,168337.5,-6012.0
Central America and the Caribbean,Jamaica,Garam Masala,Maharashtra,Offline,L,11/20/2021,934707459,12/6/2021,221,75.03,7.3,6.66,547.72,499.7,1613.3,1471.86,141.44,121046.12,110433.7,10612.42
Asia,Japan,Turmeric,Andhra Pradesh,Online,H,8/1/2020,852620507,8/11/2020,1199,73.75,2.32,1.67,171.1,123.16,2781.68,2002.33,779.35,205148.9,147668.84,57480.06
Asia,Bangladesh,Coriander Seeds,Madhya Pradesh,Offline,M,10/9/2021,505023516,10/17/2021,1575,74.28,1.65,1.15,122.56,85.42,2598.75,1811.25,787.5,193032.0,134536.5,58495.5
North America,United States,Red Chilli,Karnataka,Offline,M,11/9/2022,155593194,11/19/2022,1376,77.99,3.49,2.15,272.19,167.68,4802.24,2958.4,1843.84,374533.44,230727.68,143805.76
Asia,Bangladesh,Turmeric,Andhra Pradesh,Offline,H,2/1/2022,488559694,2/4/2022,1416,78.3,2.27,1.5,177.74,117.45,3214.32,2124.0,1090.32,251679.84,166309.2,85370.64
North America,United States,Cardamom,Kerala,Offline,L,5/15/2019,393909699,6/20/2019,669,69.57,25.07,21.03,1744.12,1463.06,16771.83,14069.07,2702.76,1166816.28,978787.14,188029.14
Middle East and North Africa,Qatar,Cardamom,Tamil Nadu,Online,L,4/11/2019,389915712,5/18/2019,50,69.88,21.58,16.28,1508.01,1137.65,1079.0,814.0,265.0,75400.5,56882.5,18518.0
Asia,Indonesia,Coriander Seeds,Madhya Pradesh,Online,H,12/21/2023,515713610,12/27/2023,500,82.83,1.64,1.09,135.84,90.28,820.0,545.0,275.0,67920.0,45140.0,22780.0
North America,United States,Black Pepper,Kerala,Online,L,7/3/2020,616442767,7/30/2020,200,74.9,8.97,6.83,671.85,511.57,1794.0,1366.0,428.0,134370.0,102314.0,32056.0
Asia,Sri Lanka,Cinnamon,Kerala,Offline,L,4/4/2021,569882895,5/13/2021,1165,73.79,5.24,3.94,386.66,290.73,6104.6,4590.1,1514.5,450458.9,338700.45,111758.45
Europe,Germany,Black Pepper,Karnataka,Offline,L,7/16/2022,413624097,7/31/2022,834,79.1,9.58,6.17,757.78,488.05,7989.72,5145.78,2843.94,631988.52,407033.7,224954.82
Middle East and North Africa,United Arab Emirates,Cumin Seeds,Rajasthan,Online,H,1/8/2019,230802961,1/11/2019,300,68.72,4.48,2.96,307.87,203.41,1344.0,888.0,456.0,92361.0,61023.0,31338.0
Asia,Japan,Cloves,Tamil Nadu,Online,H,5/1/2024,779177376,5/7/2024,239,82.79,11.97,8.6,991.0,711.99,2860.83,2055.4,805.43,236849.0,170165.61,66683.39
North America,United States,Fenugreek Seeds,Gujarat,Online,C,2/2/2021,294570532,2/5/2021,1508,74.03,2.85,1.86,210.99,137.7,4297.8,2804.88,1492.92,318172.92,207651.6,110521.32
Europe,Germany,Turmeric,Telangana,Online,M,1/20/2022,672325380,2/4/2022,3356,78.57,2.63,1.76,206.64,138.28,8826.28,5906.56,2919.72,693483.84,464067.68,229416.16
Middle East and North Africa,Turkey,Turmeric,Telangana,Offline,H,2/23/2019,617805648,3/7/2019,1586,69.26,2.06,1.3,142.68,90.04,3267.16,2061.8,1205.36,226290.48,142803.44,83487.04
Sub-Saharan Africa,Ghana,Cinnamon,Kerala,Offline,M,12/12/2022,436464229,12/17/2022,903,79.14,4.58,3.41,362.46,269.87,4135.74,3079.23,1056.51,327301.38,243692.61,83608.77
Sub-Saharan Africa,South Africa,Fennel Seeds,Rajasthan,Online,M,10/23/2019,853936565,11/4/2019,463,70.51,2.71,1.89,191.08,133.26,1254.73,875.07,379.66,88470.04,61699.38,26770.66
North America,United States,Cumin Seeds,Rajasthan,Offline,M,10/17/2024,847269409,10/27/2024,762,84.14,4.38,2.86,368.53,240.64,3337.56,2179.32,1158.24,280819.86,183367.68,97452.18
Middle East and North Africa,Saudi Arabia,Coriander Seeds,Rajasthan,Offline,H,3/23/2025,632277375,3/28/2025,2652,86.82,1.95,1.29,169.3,112.0,5171.4,3421.08,1750.32,448983.6,297024.0,151959.6
Europe,United Kingdom,Cloves,Kerala,Online,L,1/8/2024,515729442,1/31/2024,247,83.83,12.77,11.03,1070.51,924.64,3154.19,2724.41,429.78,264415.97,228386.08,36029.89
Asia,Japan,Black Pepper,Karnataka,Online,M,12/9/2025,406134751,12/31/2025,1183,87.73,8.81,5.91,772.9,518.48,10422.23,6991.53,3430.7,914340.7,613361.84,300978.86
Europe,Spain,Saffron,Jammu and Kashmir,Offline,H,11/16/2023,841969303,11/21/2023,6,83.24,2333.0,1900.92,194198.92,158232.58,13998.0,11405.52,2592.48,1165193.52,949395.48,215798.04
Asia,Indonesia,Fennel Seeds,Gujarat,Online,H,7/28/2021,999262715,8/3/2021,2530,74.15,2.63,1.65,195.01,122.35,6653.9,4174.5,2479.4,493375.3,309545.5,183829.8
North America,Mexico,Dry Ginger,Meghalaya,Offline,L,11/18/2020,625603520,12/4/2020,2630,74.18,3.3,2.46,244.79,182.48,8679.0,6469.8,2209.2,643797.7,479922.4,163875.3
Middle East and North Africa,Saudi Arabia,Garam Masala,Gujarat,Offline,L,5/30/2025,323783378,6/24/2025,917,87.62,8.53,4.95,747.4,433.72,7822.01,4539.15,3282.86,685365.8,397721.24,287644.56
Asia,Indonesia,Cloves,Kerala,Offline,C,3/15/2023,297664670,3/19/2023,1168,81.65,10.57,7.97,863.04,650.75,12345.76,9308.96,3036.8,1008030.72,760076.0,247954.72
Asia,Bangladesh,Turmeric,Telangana,Offline,M,8/4/2022,508679152,8/19/2022,4436,78.79,2.22,1.39,174.91,109.52,9847.92,6166.04,3681.88,775900.76,485830.72,290070.04
Asia,Singapore,Nutmeg,Kerala,Offline,M,10/4/2020,725275198,10/24/2020,250,74.74,10.65,8.23,795.98,615.11,2662.5,2057.5,605.0,198995.0,153777.5,45217.5
Asia,Indonesia,Coriander Seeds,Gujarat,Offline,M,9/2/2023,822472671,9/23/2023,2780,83.87,1.75,1.03,146.77,86.39,4865.0,2863.4,2001.6,408020.6,240164.2,167856.4
Sub-Saharan Africa,Tanzania,Fennel Seeds,Gujarat,Online,M,12/2/2025,558587332,12/11/2025,300,88.03,2.89,1.92,254.41,169.02,867.0,576.0,291.0,76323.0,50706.0,25617.0
Central America and the Caribbean,Jamaica,Red Chilli,Telangana,Offline,H,12/12/2021,726019043,12/17/2021,5639,74.46,2.84,1.94,211.47,144.45,16014.76,10939.66,5075.1,1192479.33,814553.55,377925.78
Asia,Malaysia,Fenugreek Seeds,Gujarat,Online,H,2/1/2023,595130336,2/5/2023,1388,81.59,2.84,1.85,231.72,150.94,3941.92,2567.8,1374.12,321627.36,209504.72,112122.64
Asia,Thailand,Garam Masala,Gujarat,Offline,H,4/13/2021,861358410,4/17/2021,1441,74.13,7.24,3.93,536.7,291.33,10432.84,5663.13,4769.71,773384.7,419806.53,353578.17
Europe,Russia,Cloves,Kerala,Online,H,9/26/2020,472574334,10/8/2020,269,73.4,10.62,8.17,779.51,599.68,2856.78,2197.73,659.05,209688.19,161313.92,48374.27
North America,Canada,Fennel Seeds,Gujarat,Online,H,10/14/2025,124577790,10/24/2025,496,87.49,3.66,2.22,320.21,194.23,1815.36,1101.12,714.24,158824.16,96338.08,62486.08
Middle East and North Africa,Iran,Mustard Seeds,Rajasthan,Online,L,7/7/2025,548414330,8/15/2025,1066,87.91,1.44,1.0,126.59,87.91,1535.04,1066.0,469.04,134944.94,93712.06,41232.88
Middle East and North Africa,United Arab Emirates,Cinnamon,Kerala,Offline,M,9/26/2021,475085875,10/13/2021,1798,73.63,4.9,3.45,360.79,254.02,8810.2,6203.1,2607.1,648700.42,456727.96,191972.46
Asia,Pakistan,Cumin Seeds,Rajasthan,Offline,M,8/1/2021,330665452,8/21/2021,4371,74.55,4.28,3.02,319.07,225.14,18707.88,13200.42,5507.46,1394654.97,984086.94,410568.03
Central America and the Caribbean,Panama,Turmeric,Tamil Nadu,Offline,L,10/8/2019,690216449,11/10/2019,4732,71.4,2.13,1.59,152.08,113.53,10079.16,7523.88,2555.28,719642.56,537223.96,182418.6
Europe,Netherlands,Mustard Seeds,Rajasthan,Offline,L,3/4/2024,295479230,3/18/2024,3425,82.74,1.44,0.89,119.15,73.64,4932.0,3048.25,1883.75,408088.75,252217.0,155871.75
Europe,Germany,Turmeric,Tamil Nadu,Online,C,10/24/2024,395128841,10/25/2024,1512,84.0,2.43,1.74,204.12,146.16,3674.16,2630.88,1043.28,308629.44,220993.92,87635.52
Middle East and North Africa,Turkey,Cumin Seeds,Gujarat,Online,L,12/9/2025,825562152,1/4/2026,1433,88.66,5.08,3.4,450.39,301.44,7279.64,4872.2,2407.44,645408.87,431963.52,213445.35
Middle East and North Africa,United Arab Emirates,Garam Masala,Maharashtra,Online,C,6/14/2024,234016023,6/17/2024,873,83.9,8.53,5.11,715.67,428.73,7446.69,4461.03,2985.66,624779.91,374281.29,250498.62
Middle East and North Africa,Kuwait,Fenugreek Seeds,Rajasthan,Online,C,12/7/2024,882922801,12/12/2024,300,84.14,2.98,1.94,250.74,163.23,894.0,582.0,312.0,75222.0,48969.0,26253.0
Middle East and North Africa,Qatar,Turmeric,Maharashtra,Online,C,6/11/2019,246539592,6/18/2019,1368,71.04,2.25,1.37,159.84,97.32,3078.0,1874.16,1203.84,218661.12,133133.76,85527.36
Middle East and North Africa,Iran,Cumin Seeds,Gujarat,Offline,L,10/12/2021,760266726,11/17/2021,420,74.08,4.08,2.74,302.25,202.98,1713.6,1150.8,562.8,126945.0,85251.6,41693.4
Sub-Saharan Africa,Ghana,Dry Ginger,Odisha,Online,L,12/5/2020,353584212,1/14/2021,1018,74.46,3.21,2.25,239.02,167.53,3267.78,2290.5,977.28,243322.36,170545.54,72776.82
Middle East and North Africa,Oman,Red Chilli,Andhra Pradesh,Offline,C,11/28/2019,177523919,12/5/2019,2421,70.74,2.63,1.7,186.05,120.26,6367.23,4115.7,2251.53,450427.05,291149.46,159277.59
Middle East and North Africa,Iran,Fenugreek Seeds,Gujarat,Online,C,10/31/2025,961791159,11/3/2025,666,87.87,2.81,1.99,246.91,174.86,1871.46,1325.34,546.12,164442.06,116456.76,47985.3
North America,United States,Fenugreek Seeds,Rajasthan,Online,M,10/8/2023,924112606,10/27/2023,509,82.95,3.06,1.95,253.83,161.75,1557.54,992.55,564.99,129199.47,82330.75,46868.72
Middle East and North Africa,Kuwait,Black Pepper,Karnataka,Offline,H,1/30/2023,947121393,2/2/2023,460,81.25,7.95,5.87,645.94,476.94,3657.0,2700.2,956.8,297132.4,219392.4,77740.0
Sub-Saharan Africa,South Africa,Dry Ginger,Meghalaya,Offline,C,4/28/2025,536179698,5/3/2025,2623,86.95,3.74,2.74,325.19,238.24,9810.02,7187.02,2623.0,852973.37,624903.52,228069.85
Asia,Japan,Cumin Seeds,Gujarat,Online,L,10/29/2020,472014332,11/17/2020,937,75.16,4.08,2.86,306.65,214.96,3822.96,2679.82,1143.14,287331.05,201417.52,85913.53
Europe,Belgium,Mustard Seeds,Rajasthan,Online,C,11/8/2022,407211186,11/11/2022,3189,78.93,1.52,1.03,119.97,81.3,4847.28,3284.67,1562.61,382584.33,259265.7,123318.63
North America,United States,Cinnamon,Kerala,Offline,L,8/24/2021,607077952,9/6/2021,555,73.94,5.01,3.6,370.44,266.18,2780.55,1998.0,782.55,205594.2,147729.9,57864.3
North America,Canada,Turmeric,Odisha,Online,L,11/28/2025,613663467,12/23/2025,2213,87.21,2.87,1.94,250.29,169.19,6351.31,4293.22,2058.09,553891.77,374417.47,179474.3
Asia,Bangladesh,Nutmeg,Kerala,Offline,H,8/19/2023,890029167,8/24/2023,825,84.08,11.9,8.21,1000.55,690.3,9817.5,6773.25,3044.25,825453.75,569497.5,255956.25
Middle East and North Africa,Egypt,Cloves,Kerala,Online,L,1/19/2025,122473948,2/23/2025,152,86.26,13.83,11.13,1192.98,960.07,2102.16,1691.76,410.4,181332.96,145930.64,35402.32
North America,Canada,Coriander Seeds,Gujarat,Online,H,1/9/2024,630374133,1/15/2024,2582,84.15,2.13,1.4,179.24,117.81,5499.66,3614.8,1884.86,462797.68,304185.42,158612.26
Asia,Vietnam,Turmeric,Andhra Pradesh,Online,M,1/24/2020,141568325,2/7/2020,2881,73.01,2.14,1.46,156.24,106.59,6165.34,4206.26,1959.08,450127.44,307085.79,143041.65
North America,United States,Cumin Seeds,Gujarat,Online,L,4/10/2020,562778428,5/19/2020,764,73.37,4.52,3.3,331.63,242.12,3453.28,2521.2,932.08,253365.32,184979.68,68385.64
North America,Canada,Black Pepper,Kerala,Online,L,10/25/2021,132594471,11/30/2021,371,74.55,9.16,6.97,682.88,519.61,3398.36,2585.87,812.49,253348.48,192775.31,60573.17
Middle East and North Africa,Morocco,Mustard Seeds,Rajasthan,Offline,M,7/18/2025,931723180,7/24/2025,3143,87.05,1.42,0.95,123.61,82.7,4463.06,2985.85,1477.21,388506.23,259926.1,128580.13
Sub-Saharan Africa,South Africa,Coriander Seeds,Rajasthan,Offline,L,7/13/2023,470729253,8/3/2023,6314,82.4,1.81,1.08,149.14,88.99,11428.34,6819.12,4609.22,941669.96,561882.86,379787.1
Middle East and North Africa,Saudi Arabia,Turmeric,Telangana,Offline,L,6/20/2023,299836639,6/30/2023,1306,83.21,2.33,1.46,193.88,121.49,3042.98,1906.76,1136.22,253207.28,158665.94,94541.34
Asia,Malaysia,Turmeric,Andhra Pradesh,Offline,M,6/4/2022,311985881,6/15/2022,2329,78.38,1.98,1.29,155.19,101.11,4611.42,3004.41,1607.01,361437.51,235485.19,125952.32
Europe,United Kingdom,Red Chilli,Telangana,Offline,M,11/9/2023,504120410,11/14/2023,577,83.44,3.48,2.2,290.37,183.57,2007.96,1269.4,738.56,167543.49,105919.89,61623.6
Asia,India,Cinnamon,Kerala,Online,M,4/18/2023,906306410,4/27/2023,497,83.19,5.34,4.06,444.23,337.75,2653.98,2017.82,636.16,220782.31,167861.75,52920.56
Sub-Saharan Africa,Tanzania,Dry Ginger,Kerala,Offline,H,9/27/2023,296205336,10/4/2023,4331,83.06,3.7,2.7,307.32,224.26,16024.7,11693.7,4331.0,1331002.92,971270.06,359732.86
Asia,Malaysia,Black Pepper,Karnataka,Offline,L,3/29/2023,599522549,4/11/2023,900,82.03,7.46,5.3,611.94,434.76,6714.0,4770.0,1944.0,550746.0,391284.0,159462.0
Asia,South Korea,Cinnamon,Kerala,Offline,M,9/16/2020,740359494,9/24/2020,3735,74.8,4.93,3.35,368.76,250.58,18413.55,12512.25,5901.3,1377318.6,935916.3,441402.3
Asia,Singapore,Dry Ginger,Kerala,Offline,M,9/6/2019,810234429,9/22/2019,1280,70.98,3.19,2.31,226.43,163.96,4083.2,2956.8,1126.4,289830.4,209868.8,79961.6
Asia,South Korea,Black Pepper,Kerala,Offline,M,11/20/2019,562319870,11/29/2019,4945,70.13,7.71,5.72,540.7,401.14,38125.95,28285.4,9840.55,2673761.5,1983637.3,690124.2
Europe,United Kingdom,Cumin Seeds,Rajasthan,Offline,C,8/9/2025,649418155,8/15/2025,2261,86.79,4.78,4.45,414.86,386.22,10807.58,10061.45,746.13,937998.46,873243.42,64755.04
Asia,Japan,Red Chilli,Karnataka,Online,M,5/19/2024,123775784,6/4/2024,500,82.44,3.26,2.35,268.75,193.73,1630.0,1175.0,455.0,134375.0,96865.0,37510.0
Australia and Oceania,Australia,Black Pepper,Karnataka,Offline,M,12/31/2022,911130840,1/15/2023,1849,78.6,8.2,5.96,644.52,468.46,15161.8,11020.04,4141.76,1191717.48,866182.54,325534.94
North America,Canada,Red Chilli,Andhra Pradesh,Online,C,1/29/2021,155083233,2/1/2021,2984,73.66,3.09,1.8,227.61,132.59,9220.56,5371.2,3849.36,679188.24,395648.56,283539.68
Europe,Germany,Cumin Seeds,Gujarat,Offline,M,1/9/2025,620458422,1/24/2025,3461,85.76,4.95,3.23,424.51,277.0,17131.95,11179.03,5952.92,1469229.11,958697.0,510532.11
Middle East and North Africa,Oman,Cumin Seeds,Gujarat,Offline,H,2/23/2023,169527053,3/1/2023,4079,81.9,4.65,2.74,380.84,224.41,18967.35,11176.46,7790.89,1553446.36,915368.39,638077.97
Middle East and North Africa,United Arab Emirates,Coriander Seeds,Madhya Pradesh,Online,M,9/16/2022,801648267,9/22/2022,538,79.21,1.68,1.14,133.07,90.3,903.84,613.32,290.52,71591.66,48581.4,23010.26
Middle East and North Africa,Egypt,Fennel Seeds,Gujarat,Offline,L,6/7/2023,751009830,6/21/2023,1826,81.95,3.02,1.99,247.49,163.08,5514.52,3633.74,1880.78,451916.74,297784.08,154132.66
Asia,Bangladesh,Coriander Seeds,Madhya Pradesh,Offline,M,5/31/2020,676829933,6/17/2020,4198,74.17,1.73,1.06,128.31,78.62,7262.54,4449.88,2812.66,538645.38,330046.76,208598.62
Asia,Thailand,Mustard Seeds,Rajasthan,Online,H,11/13/2022,293921162,11/23/2022,5611,78.98,1.29,0.82,101.88,64.76,7238.19,4601.02,2637.17,571648.68,363368.36,208280.32
Middle East and North Africa,Oman,Cumin Seeds,Rajasthan,Offline,M,3/10/2024,842932122,3/28/2024,5229,82.74,4.72,3.11,390.53,257.32,24680.88,16262.19,8418.69,2042081.37,1345526.28,696555.09
Middle East and North Africa,Saudi Arabia,Coriander Seeds,Gujarat,Offline,L,12/17/2025,944953423,1/8/2026,1800,87.58,2.03,1.38,177.79,120.86,3654.0,2484.0,1170.0,320022.0,217548.0,102474.0
Europe,Germany,Turmeric,Odisha,Offline,H,12/24/2023,641243908,1/3/2024,1567,83.27,2.71,1.83,225.66,152.38,4246.57,2867.61,1378.96,353609.22,238779.46,114829.76
Sub-Saharan Africa,Kenya,Mustard Seeds,Madhya Pradesh,Offline,M,12/22/2021,809114803,1/3/2022,1677,74.63,1.21,0.86,90.3,64.18,2029.17,1442.22,586.95,151433.1,107629.86,43803.24
Europe,Germany,Mustard Seeds,Gujarat,Offline,H,5/1/2025,376930804,5/13/2025,2707,87.04,1.55,1.04,134.91,90.52,4195.85,2815.28,1380.57,365201.37,245037.64,120163.73
Europe,United Kingdom,Coriander Seeds,Gujarat,Online,L,9/24/2023,422408096,10/6/2023,532,83.31,1.96,1.3,163.29,108.3,1042.72,691.6,351.12,86870.28,57615.6,29254.68
Asia,Indonesia,Cloves,Kerala,Online,L,1/23/2022,691420521,2/14/2022,314,78.69,11.11,12.04,874.25,947.43,3488.54,3780.56,-292.02,274514.5,297493.02,-22978.52
North America,Canada,Dry Ginger,Karnataka,Offline,L,9/2/2020,640134621,10/10/2020,786,74.19,3.82,2.49,283.41,184.73,3002.52,1957.14,1045.38,222760.26,145197.78,77562.48
Asia,Singapore,Black Pepper,Kerala,Online,L,10/11/2020,903504172,11/16/2020,200,74.71,8.14,6.37,608.14,475.9,1628.0,1274.0,354.0,121628.0,95180.0,26448.0
Middle East and North Africa,Turkey,Cloves,Tamil Nadu,Offline,H,2/27/2023,894101783,3/2/2023,634,82.3,11.84,8.68,974.43,714.36,7506.56,5503.12,2003.44,617788.62,452904.24,164884.38
Central America and the Caribbean,Trinidad and Tobago,Garam Masala,Maharashtra,Online,C,7/18/2024,314870301,7/24/2024,309,83.86,9.48,5.69,794.99,477.16,2929.32,1758.21,1171.11,245651.91,147442.44,98209.47
Middle East and North Africa,Saudi Arabia,Garam Masala,Gujarat,Online,L,2/22/2022,881895893,3/28/2022,454,76.85,6.88,4.15,528.73,318.93,3123.52,1884.1,1239.42,240043.42,144794.22,95249.2
Europe,Netherlands,Dry Ginger,Kerala,Offline,H,2/20/2024,559561577,3/3/2024,2928,83.5,3.88,2.73,323.98,227.96,11360.64,7993.44,3367.2,948613.44,667466.88,281146.56
Europe,Germany,Coriander Seeds,Rajasthan,Offline,M,5/24/2022,259114957,6/17/2022,3193,78.88,1.86,1.13,146.72,89.13,5938.98,3608.09,2330.89,468476.96,284592.09,183884.87
Asia,India,Fennel Seeds,Gujarat,Offline,H,12/6/2024,779251964,12/15/2024,3193,83.33,2.74,1.65,228.32,137.49,8748.82,5268.45,3480.37,729025.76,439005.57,290020.19
Central America and the Caribbean,Guatemala,Dry Ginger,Sikkim,Online,M,4/28/2021,575846866,5/17/2021,334,74.85,3.47,3.43,259.73,256.74,1158.98,1145.62,13.36,86749.82,85751.16,998.66
Europe,Germany,Garam Masala,Kerala,Offline,M,8/9/2019,827569086,8/25/2019,419,70.72,7.69,4.74,543.84,335.21,3222.11,1986.06,1236.05,227868.96,140452.99,87415.97
North America,United States,Fenugreek Seeds,Rajasthan,Offline,M,12/31/2022,396188669,1/14/2023,3878,79.47,3.12,1.93,247.95,153.38,12099.36,7484.54,4614.82,961550.1,594807.64,366742.46
Asia,Vietnam,Cloves,Kerala,Offline,L,11/24/2022,891488852,12/15/2022,114,79.15,10.73,9.2,849.28,728.18,1223.22,1048.8,174.42,96817.92,83012.52,13805.4
Middle East and North Africa,United Arab Emirates,Fennel Seeds,Gujarat,Offline,M,9/13/2024,470398763,9/20/2024,1423,83.62,2.69,1.83,224.94,153.02,3827.87,2604.09,1223.78,320089.62,217747.46,102342.16
Europe,United Kingdom,Dry Ginger,Kerala,Online,M,6/29/2023,126765237,7/6/2023,2012,82.75,4.12,3.03,340.93,250.73,8289.44,6096.36,2193.08,685951.16,504468.76,181482.4
Asia,South Korea,Cinnamon,Kerala,Offline,L,10/5/2021,513512636,11/12/2021,1367,74.36,4.96,3.76,368.83,279.59,6780.32,5139.92,1640.4,504190.61,382199.53,121991.08
North America,United States,Cardamom,Tamil Nadu,Online,M,10/30/2024,246025904,11/4/2024,87,84.32,27.8,22.32,2344.1,1882.02,2418.6,1941.84,476.76,203936.7,163735.74,40200.96
Asia,South Korea,Red Chilli,Andhra Pradesh,Online,C,12/21/2023,978094158,12/24/2023,4013,83.39,3.14,1.94,261.84,161.78,12600.82,7785.22,4815.6,1050763.92,649223.14,401540.78
Middle East and North Africa,Egypt,Red Chilli,Maharashtra,Offline,M,9/7/2025,755377273,9/17/2025,2054,87.06,3.67,2.3,319.51,200.24,7538.18,4724.2,2813.98,656273.54,411292.96,244980.58
Middle East and North Africa,Egypt,Turmeric,Andhra Pradesh,Offline,L,10/24/2019,685121983,12/2/2019,1500,70.56,2.19,1.33,154.53,93.84,3285.0,1995.0,1290.0,231795.0,140760.0,91035.0
Asia,Vietnam,Garam Masala,Maharashtra,Online,M,8/8/2020,773046029,8/13/2020,100,73.82,7.01,4.59,517.48,338.83,701.0,459.0,242.0,51748.0,33883.0,17865.0
Europe,United Kingdom,Dry Ginger,Kerala,Online,H,1/24/2022,428756550,1/30/2022,2634,77.75,4.36,2.79,338.99,216.92,11484.24,7348.86,4135.38,892899.66,571367.28,321532.38
Europe,Germany,Cinnamon,Tamil Nadu,Online,M,12/12/2020,553054982,12/18/2020,1706,75.59,5.32,4.01,402.14,303.12,9075.92,6841.06,2234.86,686050.84,517122.72,168928.12
Europe,Sweden,Coriander Seeds,Gujarat,Online,L,8/12/2025,513977296,9/8/2025,1160,86.22,2.28,1.51,196.58,130.19,2644.8,1751.6,893.2,228032.8,151020.4,77012.4
Australia and Oceania,Australia,Mustard Seeds,Rajasthan,Online,H,4/18/2021,471832814,4/24/2021,6456,73.47,1.23,0.79,90.37,58.04,7940.88,5100.24,2840.64,583428.72,374706.24,208722.48
North America,Canada,Garam Masala,Gujarat,Online,C,1/27/2023,990813967,1/31/2023,361,82.54,8.66,4.97,714.8,410.22,3126.26,1794.17,1332.09,258042.8,148089.42,109953.38
Sub-Saharan Africa,South Africa,Nutmeg,Tamil Nadu,Online,L,11/15/2025,598854284,11/29/2025,306,87.26,12.59,9.22,1098.6,804.54,3852.54,2821.32,1031.22,336171.6,246189.24,89982.36
Middle East and North Africa,United Arab Emirates,Cloves,Kerala,Online,L,9/1/2022,593634757,9/13/2022,104,78.64,10.64,8.39,836.73,659.79,1106.56,872.56,234.0,87019.92,68618.16,18401.76
North America,United States,Red Chilli,Telangana,Offline,M,10/8/2024,521346685,10/22/2024,621,84.32,3.41,2.2,287.53,185.5,2117.61,1366.2,751.41,178556.13,115195.5,63360.63
Europe,Poland,Dry Ginger,Odisha,Online,M,4/11/2021,861551871,4/17/2021,1709,73.03,3.89,2.75,284.09,200.83,6648.01,4699.75,1948.26,485509.81,343218.47,142291.34
Asia,Sri Lanka,Dry Ginger,Meghalaya,Online,M,7/1/2021,275857839,7/10/2021,1990,73.65,3.72,2.95,273.98,217.27,7402.8,5870.5,1532.3,545220.2,432367.3,112852.9
Asia,Japan,Mustard Seeds,Madhya Pradesh,Online,M,1/31/2025,537793412,2/19/2025,1120,86.42,1.5,1.05,129.63,90.74,1680.0,1176.0,504.0,145185.6,101628.8,43556.8
Europe,France,Cumin Seeds,Gujarat,Offline,L,7/30/2021,641304384,8/24/2021,320,74.58,3.95,2.67,294.59,199.13,1264.0,854.4,409.6,94268.8,63721.6,30547.2
Asia,Vietnam,Saffron,Jammu and Kashmir,Offline,C,12/28/2020,858005135,1/1/2021,15,75.17,1819.67,1393.67,136784.59,104762.17,27295.05,20905.05,6390.0,2051768.85,1571432.55,480336.3
North America,Mexico,Black Pepper,Kerala,Offline,M,9/6/2019,770103276,9/14/2019,557,70.84,7.26,5.93,514.3,420.08,4043.82,3303.01,740.81,286465.1,233984.56,52480.54
Europe,Spain,Cumin Seeds,Rajasthan,Online,H,11/9/2025,326375044,11/18/2025,395,87.23,4.32,2.92,376.83,254.71,1706.4,1153.4,553.0,148847.85,100610.45,48237.4
Middle East and North Africa,United Arab Emirates,Cumin Seeds,Gujarat,Online,C,8/3/2023,698795411,8/8/2023,959,83.52,4.07,2.71,339.93,226.34,3903.13,2598.89,1304.24,325992.87,217060.06,108932.81
North America,United States,Red Chilli,Telangana,Offline,H,11/6/2019,452369159,11/13/2019,1459,71.08,2.9,1.73,206.13,122.97,4231.1,2524.07,1707.03,300743.67,179413.23,121330.44
Middle East and North Africa,United Arab Emirates,Fennel Seeds,Rajasthan,Online,L,12/30/2021,463257687,1/11/2022,300,73.99,2.94,1.93,217.53,142.8,882.0,579.0,303.0,65259.0,42840.0,22419.0
Asia,India,Turmeric,Odisha,Online,L,5/4/2021,747550444,6/7/2021,862,73.42,2.06,1.41,151.25,103.52,1775.72,1215.42,560.3,130377.5,89234.24,41143.26
Europe,Germany,Cumin Seeds,Gujarat,Online,M,3/17/2019,159346193,3/25/2019,300,70.1,4.03,2.66,282.5,186.47,1209.0,798.0,411.0,84750.0,55941.0,28809.0
Middle East and North Africa,Oman,Nutmeg,Kerala,Online,L,7/20/2019,114671522,8/29/2019,100,70.51,12.41,9.02,875.03,636.0,1241.0,902.0,339.0,87503.0,63600.0,23903.0
Asia,Pakistan,Black Pepper,Kerala,Online,H,1/26/2024,163365739,2/2/2024,1153,83.01,8.47,6.49,703.09,538.73,9765.91,7482.97,2282.94,810662.77,621155.69,189507.08
Asia,Japan,Black Pepper,Kerala,Online,L,10/11/2024,220490242,10/31/2024,837,84.63,8.24,6.66,697.35,563.64,6896.88,5574.42,1322.46,583681.95,471766.68,111915.27
Asia,Sri Lanka,Cardamom,Kerala,Offline,C,1/4/2024,191430828,1/6/2024,1244,83.23,26.49,22.4,2204.76,1864.35,32953.56,27865.6,5087.96,2742721.44,2319251.4,423470.04
Europe,Italy,Cumin Seeds,Gujarat,Online,H,3/10/2020,285747020,3/17/2020,1128,74.42,4.62,2.96,343.82,220.28,5211.36,3338.88,1872.48,387828.96,248475.84,139353.12
Asia,India,Turmeric,Telangana,Online,M,8/16/2020,986267930,9/9/2020,2577,73.47,2.26,1.52,166.04,111.67,5824.02,3917.04,1906.98,427885.08,287773.59,140111.49
North America,United States,Cardamom,Karnataka,Offline,M,8/3/2024,545799658,8/26/2024,1020,83.32,26.47,20.81,2205.48,1733.89,26999.4,21226.2,5773.2,2249589.6,1768567.8,481021.8
Asia,Singapore,Nutmeg,Kerala,Offline,L,3/27/2022,599161274,4/21/2022,461,78.9,12.53,9.81,988.62,774.01,5776.33,4522.41,1253.92,455753.82,356818.61,98935.21
Asia,Bangladesh,Turmeric,Odisha,Offline,M,3/28/2025,643884171,4/7/2025,3981,86.76,2.65,1.69,229.91,146.62,10549.65,6727.89,3821.76,915271.71,583694.22,331577.49
Europe,Germany,Dry Ginger,Odisha,Offline,M,6/25/2022,624600512,7/18/2022,558,78.63,3.93,2.58,309.02,202.87,2192.94,1439.64,753.3,172433.16,113201.46,59231.7
Asia,South Korea,Cumin Seeds,Gujarat,Online,L,12/25/2025,664292132,2/1/2026,348,87.97,4.41,3.24,387.95,285.02,1534.68,1127.52,407.16,135006.6,99186.96,35819.64
Asia,India,Coriander Seeds,Gujarat,Offline,M,11/20/2024,190602877,12/11/2024,5219,83.63,1.83,1.16,153.04,97.01,9550.77,6054.04,3496.73,798715.76,506295.19,292420.57
Europe,France,Turmeric,Karnataka,Offline,H,11/18/2019,221285306,11/27/2019,1764,70.8,1.97,1.26,139.48,89.21,3475.08,2222.64,1252.44,246042.72,157366.44,88676.28
Sub-Saharan Africa,Ethiopia,Cumin Seeds,Rajasthan,Offline,M,1/11/2022,626601436,1/28/2022,469,77.87,4.36,2.99,339.51,232.83,2044.84,1402.31,642.53,159230.19,109197.27,50032.92
Asia,Vietnam,Mustard Seeds,Rajasthan,Online,H,5/10/2025,775011381,5/18/2025,2978,86.98,1.35,0.88,117.42,76.54,4020.3,2620.64,1399.66,349676.76,227936.12,121740.64
Sub-Saharan Africa,Ethiopia,Dry Ginger,Meghalaya,Online,M,2/16/2023,967136272,3/6/2023,300,83.07,3.85,2.8,319.82,232.6,1155.0,840.0,315.0,95946.0,69780.0,26166.0
Sub-Saharan Africa,Tanzania,Cumin Seeds,Rajasthan,Online,C,1/20/2025,191406772,1/25/2025,379,86.51,4.65,3.07,402.27,265.59,1762.35,1163.53,598.82,152460.33,100658.61,51801.72
Middle East and North Africa,United Arab Emirates,Dry Ginger,Kerala,Online,H,6/5/2023,233138438,6/14/2023,300,82.56,3.55,2.4,293.09,198.14,1065.0,720.0,345.0,87927.0,59442.0,28485.0
Europe,Netherlands,Saffron,Jammu and Kashmir,Online,L,12/23/2020,798749496,1/22/2021,1,74.53,2141.16,1766.34,159580.65,131645.32,2141.16,1766.34,374.82,159580.65,131645.32,27935.33
Middle East and North Africa,Saudi Arabia,Coriander Seeds,Rajasthan,Online,H,2/12/2021,146342500,2/19/2021,1511,72.77,1.62,1.05,117.89,76.41,2447.82,1586.55,861.27,178131.79,115455.51,62676.28
Middle East and North Africa,United Arab Emirates,Turmeric,Odisha,Online,L,12/27/2024,651931012,1/6/2025,533,84.32,2.38,1.55,200.68,130.7,1268.54,826.15,442.39,106962.44,69663.1,37299.34
Middle East and North Africa,United Arab Emirates,Garam Masala,Maharashtra,Offline,C,11/29/2021,221620014,12/5/2021,354,74.64,7.4,4.22,552.34,314.98,2619.6,1493.88,1125.72,195528.36,111502.92,84025.44
Europe,Poland,Cumin Seeds,Gujarat,Online,L,12/27/2023,986642300,1/25/2024,300,83.03,3.93,2.79,326.31,231.65,1179.0,837.0,342.0,97893.0,69495.0,28398.0
North America,United States,Nutmeg,Tamil Nadu,Offline,H,7/18/2020,556810294,7/29/2020,171,74.88,11.1,7.79,831.17,583.32,1898.1,1332.09,566.01,142130.07,99747.72,42382.35
Asia,Sri Lanka,Dry Ginger,Meghalaya,Offline,M,1/4/2023,835273087,1/15/2023,992,81.56,3.46,2.63,282.2,214.5,3432.32,2608.96,823.36,279942.4,212784.0,67158.4
Asia,Malaysia,Dry Ginger,Meghalaya,Offline,H,10/24/2020,574260023,10/30/2020,1700,74.49,3.72,2.47,277.1,183.99,6324.0,4199.0,2125.0,471070.0,312783.0,158287.0
Europe,Italy,Mustard Seeds,Rajasthan,Online,H,2/9/2024,421554977,2/12/2024,800,83.52,1.5,1.0,125.28,83.52,1200.0,800.0,400.0,100224.0,66816.0,33408.0
Europe,Sweden,Red Chilli,Andhra Pradesh,Offline,M,2/6/2019,589523191,2/26/2019,6574,70.49,2.98,1.85,210.06,130.41,19590.52,12161.9,7428.62,1380934.44,857315.34,523619.1
Europe,Germany,Coriander Seeds,Rajasthan,Offline,L,10/26/2025,846042216,11/10/2025,7018,87.3,2.28,1.34,199.04,116.98,16001.04,9404.12,6596.92,1396862.72,820965.64,575897.08
Europe,Sweden,Cinnamon,Kerala,Offline,M,10/22/2024,468881394,11/9/2024,239,83.43,5.38,3.86,448.85,322.04,1285.82,922.54,363.28,107275.15,76967.56,30307.59
Europe,France,Coriander Seeds,Gujarat,Online,C,2/12/2025,992700681,2/17/2025,500,86.44,2.03,1.34,175.47,115.83,1015.0,670.0,345.0,87735.0,57915.0,29820.0
Europe,France,Cardamom,Karnataka,Online,H,9/27/2022,947790871,10/7/2022,165,79.42,29.12,23.54,2312.71,1869.55,4804.8,3884.1,920.7,381597.15,308475.75,73121.4
Asia,Thailand,Turmeric,Andhra Pradesh,Offline,C,4/12/2021,383093041,4/14/2021,6972,74.17,2.25,1.37,166.88,101.61,15687.0,9551.64,6135.36,1163487.36,708424.92,455062.44
Europe,Netherlands,Nutmeg,Kerala,Online,L,12/19/2025,503841702,1/12/2026,275,87.56,13.57,9.91,1188.19,867.72,3731.75,2725.25,1006.5,326752.25,238623.0,88129.25
Europe,Spain,Cloves,Kerala,Online,L,12/29/2022,171829349,1/14/2023,1081,78.73,11.2,9.17,881.78,721.95,12107.2,9912.77,2194.43,953204.18,780427.95,172776.23
Europe,Russia,Garam Masala,Kerala,Online,H,1/25/2024,239919063,1/31/2024,100,83.19,9.17,5.8,762.85,482.5,917.0,580.0,337.0,76285.0,48250.0,28035.0
Asia,Bangladesh,Black Pepper,Kerala,Online,C,11/15/2019,884278335,11/19/2019,441,70.0,7.32,5.07,512.4,354.9,3228.12,2235.87,992.25,225968.4,156510.9,69457.5
North America,United States,Cumin Seeds,Rajasthan,Online,H,7/22/2020,292056156,8/2/2020,1254,73.78,4.35,2.89,320.94,213.22,5454.9,3624.06,1830.84,402458.76,267377.88,135080.88
Asia,Pakistan,Fenugreek Seeds,Madhya Pradesh,Online,H,12/13/2024,635662574,12/23/2024,372,83.1,2.92,1.97,242.65,163.71,1086.24,732.84,353.4,90265.8,60900.12,29365.68
Europe,France,Saffron,Jammu and Kashmir,Offline,H,12/6/2021,327811907,12/15/2021,3,74.88,2264.42,1834.38,169559.77,137358.37,6793.26,5503.14,1290.12,508679.31,412075.11,96604.2
Europe,Sweden,Black Pepper,Kerala,Online,M,9/2/2019,119791012,9/8/2019,2761,70.66,7.73,5.78,546.2,408.41,21342.53,15958.58,5383.95,1508058.2,1127620.01,380438.19
Europe,Germany,Cardamom,Kerala,Offline,L,1/20/2025,844261752,2/17/2025,89,85.71,26.92,22.29,2307.31,1910.48,2395.88,1983.81,412.07,205350.59,170032.72,35317.87
Europe,Russia,Red Chilli,Andhra Pradesh,Offline,L,7/7/2020,426439577,7/26/2020,5365,74.73,2.95,1.79,220.45,133.77,15826.75,9603.35,6223.4,1182714.25,717676.05,465038.2
Europe,France,Coriander Seeds,Rajasthan,Online,H,6/28/2023,467173158,7/1/2023,4642,82.39,2.18,1.34,179.61,110.4,10119.56,6220.28,3899.28,833749.62,512476.8,321272.82
North America,United States,Cinnamon,Tamil Nadu,Offline,M,12/12/2024,620441955,12/28/2024,1328,83.98,5.3,3.6,445.09,302.33,7038.4,4780.8,2257.6,591079.52,401494.24,189585.28
Europe,Netherlands,Turmeric,Andhra Pradesh,Online,M,7/6/2021,401621533,7/21/2021,680,74.14,2.55,1.74,189.06,129.0,1734.0,1183.2,550.8,128560.8,87720.0,40840.8
Europe,United Kingdom,Cloves,Tamil Nadu,Offline,C,7/30/2025,160346690,8/5/2025,342,86.66,11.45,8.5,992.26,736.61,3915.9,2907.0,1008.9,339352.92,251920.62,87432.3
Europe,Netherlands,Cumin Seeds,Gujarat,Offline,H,4/1/2025,149247843,4/7/2025,319,86.98,5.14,3.29,447.08,286.16,1639.66,1049.51,590.15,142618.52,91285.04,51333.48
Asia,Indonesia,Coriander Seeds,Rajasthan,Offline,H,5/27/2024,607795764,5/31/2024,6969,82.97,1.71,1.03,141.88,85.46,11916.99,7178.07,4738.92,988761.72,595570.74,393190.98
Asia,Bangladesh,Fennel Seeds,Gujarat,Online,H,8/30/2024,718401609,9/7/2024,1357,83.37,3.26,2.11,271.79,175.91,4423.82,2863.27,1560.55,368819.03,238709.87,130109.16
Middle East and North Africa,United Arab Emirates,Coriander Seeds,Madhya Pradesh,Offline,L,11/29/2021,857706024,12/23/2021,5937,74.8,1.67,1.08,124.92,80.78,9914.79,6411.96,3502.83,741650.04,479590.86,262059.18
Asia,Singapore,Saffron,Jammu and Kashmir,Online,M,4/10/2024,476434551,5/2/2024,7,82.76,2264.77,1969.0,187432.37,162954.44,15853.39,13783.0,2070.39,1312026.59,1140681.08,171345.51
Asia,Bangladesh,Cinnamon,Kerala,Offline,C,12/18/2024,944307608,12/23/2024,1356,84.64,5.14,3.56,435.05,301.32,6969.84,4827.36,2142.48,589927.8,408589.92,181337.88
Europe,United Kingdom,Coriander Seeds,Rajasthan,Offline,H,11/23/2022,381431503,11/30/2022,8009,78.81,1.81,1.11,142.65,87.48,14496.29,8889.99,5606.3,1142483.85,700627.32,441856.53
Europe,Russia,Nutmeg,Tamil Nadu,Offline,H,6/3/2022,167128681,6/11/2022,347,78.54,12.22,8.75,959.76,687.23,4240.34,3036.25,1204.09,333036.72,238468.81,94567.91
Sub-Saharan Africa,Ethiopia,Mustard Seeds,Rajasthan,Offline,M,6/18/2021,365739141,6/30/2021,11947,74.26,1.18,0.73,87.63,54.21,14097.46,8721.31,5376.15,1046915.61,647646.87,399268.74
Central America and the Caribbean,Panama,Red Chilli,Karnataka,Online,L,7/18/2020,631149678,8/14/2020,500,74.05,2.89,1.77,214.0,131.07,1445.0,885.0,560.0,107000.0,65535.0,41465.0
Europe,France,Turmeric,Tamil Nadu,Online,H,11/26/2025,179977253,12/3/2025,500,87.37,2.87,2.03,250.75,177.36,1435.0,1015.0,420.0,125375.0,88680.0,36695.0
North America,Canada,Black Pepper,Tamil Nadu,Offline,H,1/10/2023,646132942,1/18/2023,480,81.13,9.02,6.08,731.79,493.27,4329.6,2918.4,1411.2,351259.2,236769.6,114489.6
Middle East and North Africa,Egypt,Coriander Seeds,Madhya Pradesh,Online,M,1/1/2020,125276967,1/17/2020,547,74.37,1.73,1.14,128.66,84.78,946.31,623.58,322.73,70377.02,46374.66,24002.36
North America,United States,Turmeric,Andhra Pradesh,Online,L,6/9/2023,400359273,7/10/2023,1203,81.46,2.59,1.61,210.98,131.15,3115.77,1936.83,1178.94,253808.94,157773.45,96035.49
Europe,Germany,Cumin Seeds,Rajasthan,Online,L,6/7/2022,512268515,6/17/2022,1677,79.3,4.42,3.31,350.51,262.48,7412.34,5550.87,1861.47,587805.27,440178.96,147626.31
Asia,Japan,Red Chilli,Andhra Pradesh,Online,M,9/20/2025,919199658,10/6/2025,833,87.82,3.03,1.9,266.09,166.86,2523.99,1582.7,941.29,221652.97,138994.38,82658.59
Asia,Vietnam,Turmeric,Telangana,Offline,M,12/7/2023,933624212,12/23/2023,806,82.15,2.19,1.97,179.91,161.84,1765.14,1587.82,177.32,145007.46,130443.04,14564.42
Middle East and North Africa,United Arab Emirates,Mustard Seeds,Madhya Pradesh,Offline,H,10/1/2025,963990933,10/11/2025,7828,88.17,1.48,0.91,130.49,80.23,11585.44,7123.48,4461.96,1021475.72,628040.44,393435.28
Asia,Malaysia,Coriander Seeds,Madhya Pradesh,Online,M,8/14/2022,746913883,8/24/2022,5059,79.65,1.85,1.28,147.35,101.95,9359.15,6475.52,2883.63,745443.65,515765.05,229678.6
Sub-Saharan Africa,Nigeria,Black Pepper,Kerala,Offline,C,10/20/2021,493804707,10/24/2021,2312,74.9,7.57,5.31,566.99,397.72,17501.84,12276.72,5225.12,1310880.88,919528.64,391352.24
Sub-Saharan Africa,Kenya,Turmeric,Odisha,Offline,L,4/23/2023,749723163,5/29/2023,1080,82.04,2.21,1.35,181.31,110.75,2386.8,1458.0,928.8,195814.8,119610.0,76204.8
Middle East and North Africa,United Arab Emirates,Cumin Seeds,Gujarat,Online,L,10/20/2025,172995072,11/13/2025,425,88.31,5.02,3.37,443.32,297.6,2133.5,1432.25,701.25,188411.0,126480.0,61931.0
Asia,Sri Lanka,Cinnamon,Kerala,Online,M,12/6/2019,797107964,12/17/2019,1342,70.83,5.01,3.65,354.86,258.53,6723.42,4898.3,1825.12,476222.12,346947.26,129274.86
North America,Canada,Turmeric,Tamil Nadu,Offline,L,8/4/2021,663981781,9/3/2021,820,73.74,2.44,1.68,179.93,123.88,2000.8,1377.6,623.2,147542.6,101581.6,45961.0
Asia,Bangladesh,Cloves,Kerala,Online,M,12/31/2022,183990133,1/11/2023,149,79.39,10.19,7.84,808.98,622.42,1518.31,1168.16,350.15,120538.02,92740.58,27797.44
Europe,Germany,Cumin Seeds,Gujarat,Offline,M,2/1/2025,133878040,2/22/2025,1313,87.46,4.73,3.22,413.69,281.62,6210.49,4227.86,1982.63,543174.97,369767.06,173407.91
Asia,Sri Lanka,Fennel Seeds,Gujarat,Online,M,4/30/2023,999804974,5/21/2023,300,82.17,2.85,1.75,234.18,143.8,855.0,525.0,330.0,70254.0,43140.0,27114.0
North America,United States,Coriander Seeds,Madhya Pradesh,Online,M,3/5/2022,798920053,3/21/2022,500,78.2,2.0,1.26,156.4,98.53,1000.0,630.0,370.0,78200.0,49265.0,28935.0
Sub-Saharan Africa,South Africa,Turmeric,Telangana,Offline,H,3/4/2019,577974276,3/7/2019,1334,69.83,1.77,1.16,123.6,81.0,2361.18,1547.44,813.74,164882.4,108054.0,56828.4
Europe,Germany,Coriander Seeds,Madhya Pradesh,Online,L,4/19/2020,560693283,5/8/2020,1255,73.52,1.83,1.16,134.54,85.28,2296.65,1455.8,840.85,168847.7,107026.4,61821.3
Asia,Malaysia,Dry Ginger,Kerala,Online,M,11/7/2020,732639168,11/19/2020,1254,74.95,3.59,2.55,269.07,191.12,4501.86,3197.7,1304.16,337413.78,239664.48,97749.3
Asia,Vietnam,Red Chilli,Andhra Pradesh,Offline,H,1/6/2025,997570274,1/14/2025,7001,86.32,3.45,2.13,297.8,183.86,24153.45,14912.13,9241.32,2084897.8,1287203.86,797693.94
Europe,Russia,Turmeric,Telangana,Online,L,9/6/2025,307890641,10/7/2025,3479,86.77,2.53,1.73,219.53,150.11,8801.87,6018.67,2783.2,763744.87,522232.69,241512.18
Sub-Saharan Africa,Kenya,Coriander Seeds,Madhya Pradesh,Online,M,10/10/2021,136333636,10/29/2021,1926,74.46,1.91,1.12,142.22,83.4,3678.66,2157.12,1521.54,273915.72,160628.4,113287.32
Europe,Spain,Red Chilli,Karnataka,Offline,M,4/4/2024,159661706,4/29/2024,2528,83.58,3.43,2.24,286.68,187.22,8671.04,5662.72,3008.32,724727.04,473292.16,251434.88
Europe,United Kingdom,Black Pepper,Karnataka,Online,M,5/28/2023,190838319,6/20/2023,214,82.41,9.52,7.01,784.54,577.69,2037.28,1500.14,537.14,167891.56,123625.66,44265.9
North America,United States,Saffron,Jammu and Kashmir,Offline,M,7/25/2023,927676418,8/10/2023,33,82.68,2132.39,1879.37,176306.01,155386.31,70368.87,62019.21,8349.66,5818098.33,5127748.23,690350.1
Asia,Thailand,Dry Ginger,Meghalaya,Online,M,5/13/2022,149887717,5/19/2022,1555,78.58,3.69,2.72,289.96,213.74,5737.95,4229.6,1508.35,450887.8,332365.7,118522.1
Middle East and North Africa,Turkey,Turmeric,Telangana,Offline,C,4/11/2024,695397750,4/15/2024,2596,83.72,2.39,1.58,200.09,132.28,6204.44,4101.68,2102.76,519433.64,343398.88,176034.76
Asia,Thailand,Fennel Seeds,Gujarat,Offline,L,8/7/2023,683470388,9/6/2023,1032,83.49,2.77,1.76,231.27,146.94,2858.64,1816.32,1042.32,238670.64,151642.08,87028.56
Middle East and North Africa,Saudi Arabia,Cumin Seeds,Gujarat,Offline,H,11/8/2024,153275181,11/17/2024,639,84.49,4.58,3.25,386.96,274.59,2926.62,2076.75,849.87,247267.44,175463.01,71804.43
Europe,Russia,Dry Ginger,Meghalaya,Offline,H,3/26/2023,324068453,4/6/2023,2012,81.44,3.51,2.66,285.85,216.63,7062.12,5351.92,1710.2,575130.2,435859.56,139270.64
Central America and the Caribbean,Panama,Turmeric,Tamil Nadu,Offline,M,2/16/2025,389203925,2/24/2025,2645,85.66,2.34,1.52,200.44,130.2,6189.3,4020.4,2168.9,530163.8,344379.0,185784.8
Europe,Netherlands,Coriander Seeds,Rajasthan,Online,H,4/23/2022,188382697,4/27/2022,5077,78.63,1.99,1.18,156.47,92.78,10103.23,5990.86,4112.37,794398.19,471044.06,323354.13
North America,Canada,Dry Ginger,Odisha,Offline,L,5/13/2019,238741752,6/7/2019,3499,69.6,3.66,2.76,254.74,192.1,12806.34,9657.24,3149.1,891335.26,672157.9,219177.36
Asia,South Korea,Cardamom,Karnataka,Online,C,1/4/2024,818261699,1/9/2024,136,83.24,26.61,22.38,2215.02,1862.91,3618.96,3043.68,575.28,301242.72,253355.76,47886.96
Europe,United Kingdom,Fennel Seeds,Rajasthan,Online,L,10/29/2024,206707753,11/18/2024,1090,84.05,3.28,2.07,275.68,173.98,3575.2,2256.3,1318.9,300491.2,189638.2,110853.0
Middle East and North Africa,Iran,Mustard Seeds,Rajasthan,Online,H,3/9/2022,570091391,3/18/2022,1100,78.29,1.32,0.87,103.34,68.11,1452.0,957.0,495.0,113674.0,74921.0,38753.0
Asia,Vietnam,Cloves,Kerala,Online,M,8/23/2020,366712495,9/16/2020,701,74.41,10.33,8.3,768.66,617.6,7241.33,5818.3,1423.03,538830.66,432937.6,105893.06
Europe,United Kingdom,Coriander Seeds,Madhya Pradesh,Online,M,3/14/2022,920866270,3/25/2022,1088,78.09,1.87,1.24,146.03,96.83,2034.56,1349.12,685.44,158880.64,105351.04,53529.6
Middle East and North Africa,Turkey,Fennel Seeds,Gujarat,Offline,M,1/12/2020,281287817,2/5/2020,1928,72.93,2.58,1.58,188.16,115.23,4974.24,3046.24,1928.0,362772.48,222163.44,140609.04
Europe,Spain,Cinnamon,Kerala,Online,M,9/15/2021,839330562,10/2/2021,459,74.85,5.81,4.5,434.88,336.82,2666.79,2065.5,601.29,199609.92,154600.38,45009.54
Asia,Thailand,Garam Masala,Gujarat,Offline,H,4/20/2021,365943977,4/28/2021,726,72.09,7.0,5.12,504.63,369.1,5082.0,3717.12,1364.88,366361.38,267966.6,98394.78
Sub-Saharan Africa,Nigeria,Dry Ginger,Sikkim,Online,L,5/20/2023,785001854,6/25/2023,392,81.76,3.59,2.84,293.52,232.2,1407.28,1113.28,294.0,115059.84,91022.4,24037.44
North America,United States,Cumin Seeds,Gujarat,Offline,M,6/4/2021,487035431,6/10/2021,664,73.5,5.11,3.41,375.59,250.64,3393.04,2264.24,1128.8,249391.76,166424.96,82966.8
North America,United States,Garam Masala,Gujarat,Online,L,1/15/2022,814627953,2/11/2022,213,78.05,7.82,4.71,610.35,367.62,1665.66,1003.23,662.43,130004.55,78303.06,51701.49
Europe,United Kingdom,Turmeric,Maharashtra,Offline,M,8/10/2025,408920980,8/25/2025,551,87.23,2.44,1.54,212.84,134.33,1344.44,848.54,495.9,117274.84,74015.83,43259.01
Sub-Saharan Africa,Kenya,Red Chilli,Madhya Pradesh,Offline,H,4/8/2025,514512205,4/14/2025,2587,87.16,3.1,2.17,270.2,189.14,8019.7,5613.79,2405.91,699007.4,489305.18,209702.22
Middle East and North Africa,Saudi Arabia,Coriander Seeds,Rajasthan,Offline,M,6/2/2023,629991161,6/8/2023,1927,82.28,1.78,1.14,146.46,93.8,3430.06,2196.78,1233.28,282228.42,180752.6,101475.82
Europe,France,Red Chilli,Telangana,Offline,M,5/28/2025,333041650,6/9/2025,3078,87.41,3.72,2.31,325.17,201.92,11450.16,7110.18,4339.98,1000873.26,621509.76,379363.5
Middle East and North Africa,United Arab Emirates,Turmeric,Tamil Nadu,Offline,L,8/18/2022,902014541,9/3/2022,946,78.78,2.52,1.69,198.53,133.14,2383.92,1598.74,785.18,187809.38,125950.44,61858.94
Europe,United Kingdom,Cinnamon,Kerala,Online,M,11/6/2024,636671705,11/11/2024,200,84.07,5.8,4.0,487.61,336.28,1160.0,800.0,360.0,97522.0,67256.0,30266.0
North America,United States,Cumin Seeds,Gujarat,Offline,M,7/16/2024,418360955,7/21/2024,4602,84.62,4.57,3.22,386.71,272.48,21031.14,14818.44,6212.7,1779639.42,1253952.96,525686.46
Europe,Germany,Dry Ginger,Kerala,Offline,M,11/28/2023,283939267,12/7/2023,1592,83.16,3.48,2.27,289.4,188.77,5540.16,3613.84,1926.32,460724.8,300521.84,160202.96
Central America and the Caribbean,Trinidad and Tobago,Cloves,Kerala,Offline,L,8/17/2019,754322666,9/8/2019,671,70.68,9.82,7.46,694.08,527.27,6589.22,5005.66,1583.56,465727.68,353798.17,111929.51
North America,United States,Turmeric,Telangana,Online,L,5/23/2023,384128522,6/5/2023,658,81.69,2.71,1.94,221.38,158.48,1783.18,1276.52,506.66,145668.04,104279.84,41388.2
Europe,United Kingdom,Cardamom,Kerala,Online,H,11/19/2019,360997734,11/27/2019,266,70.74,24.25,21.19,1715.44,1498.98,6450.5,5636.54,813.96,456307.04,398728.68,57578.36
Sub-Saharan Africa,Ghana,Cloves,Kerala,Online,H,11/17/2024,276342632,11/20/2024,483,84.44,12.96,9.5,1094.34,802.18,6259.68,4588.5,1671.18,528566.22,387452.94,141113.28
Sub-Saharan Africa,Kenya,Fennel Seeds,Gujarat,Offline,L,6/18/2025,259764843,7/1/2025,1235,87.69,3.05,1.94,267.45,170.12,3766.75,2395.9,1370.85,330300.75,210098.2,120202.55
Middle East and North Africa,Egypt,Cloves,Tamil Nadu,Online,H,1/11/2022,314742494,1/15/2022,1114,78.62,12.97,9.75,1019.7,766.55,14448.58,10861.5,3587.08,1135945.8,853936.7,282009.1
Asia,Vietnam,Garam Masala,Kerala,Offline,H,10/28/2024,139759694,10/31/2024,2735,84.37,7.47,4.88,630.24,411.73,20430.45,13346.8,7083.65,1723706.4,1126081.55,597624.85
Asia,Indonesia,Cloves,Kerala,Online,M,6/14/2021,946194296,7/3/2021,897,74.13,10.95,8.93,811.72,661.98,9822.15,8010.21,1811.94,728112.84,593796.06,134316.78
Sub-Saharan Africa,Tanzania,Fennel Seeds,Rajasthan,Offline,L,11/24/2024,357652671,12/6/2024,345,83.87,2.93,1.81,245.74,151.8,1010.85,624.45,386.4,84780.3,52371.0,32409.3
Sub-Saharan Africa,Ghana,Red Chilli,Madhya Pradesh,Offline,L,6/26/2023,336499573,7/24/2023,4092,83.66,3.14,1.96,262.69,163.97,12848.88,8020.32,4828.56,1074927.48,670965.24,403962.24
North America,United States,Dry Ginger,Odisha,Online,C,1/7/2023,593553769,1/10/2023,652,82.07,4.07,2.96,334.02,242.93,2653.64,1929.92,723.72,217781.04,158390.36,59390.68
Asia,Indonesia,Turmeric,Telangana,Online,M,8/19/2024,246005701,8/24/2024,942,84.1,2.58,1.71,216.98,143.81,2430.36,1610.82,819.54,204395.16,135469.02,68926.14
Middle East and North Africa,Iran,Fennel Seeds,Gujarat,Online,L,5/19/2019,563445356,6/23/2019,689,70.05,2.96,2.76,207.35,193.34,2039.44,1901.64,137.8,142864.15,133211.26,9652.89
Europe,Spain,Coriander Seeds,Gujarat,Online,C,8/4/2022,357784004,8/9/2022,2237,79.18,1.71,1.01,135.4,79.97,3825.27,2259.37,1565.9,302889.8,178892.89,123996.91
Asia,Sri Lanka,Fenugreek Seeds,Rajasthan,Offline,H,5/13/2021,729052455,5/19/2021,1615,74.67,2.62,1.68,195.64,125.45,4231.3,2713.2,1518.1,315958.6,202601.75,113356.85
Middle East and North Africa,United Arab Emirates,Coriander Seeds,Madhya Pradesh,Offline,L,10/19/2021,415463973,11/23/2021,7440,74.56,1.64,1.01,122.28,75.31,12201.6,7514.4,4687.2,909763.2,560306.4,349456.8
Europe,Germany,Cinnamon,Kerala,Online,L,11/5/2022,431923859,11/16/2022,200,79.89,5.54,4.24,442.59,338.73,1108.0,848.0,260.0,88518.0,67746.0,20772.0
Europe,France,Turmeric,Tamil Nadu,Online,H,6/14/2025,421788393,6/26/2025,1294,87.05,3.03,2.13,263.76,185.42,3920.82,2756.22,1164.6,341305.44,239933.48,101371.96
Australia and Oceania,New Zealand,Red Chilli,Telangana,Offline,M,11/20/2023,308485041,12/15/2023,6949,82.92,3.22,1.92,267.0,159.21,22375.78,13342.08,9033.7,1855383.0,1106350.29,749032.71
North America,United States,Cumin Seeds,Gujarat,Offline,L,4/1/2022,435912044,4/26/2022,3482,78.73,4.32,2.96,340.11,233.04,15042.24,10306.72,4735.52,1184263.02,811445.28,372817.74
Sub-Saharan Africa,Kenya,Cinnamon,Kerala,Online,L,7/7/2020,526815654,7/22/2020,1121,74.14,4.68,3.69,346.98,273.58,5246.28,4136.49,1109.79,388964.58,306683.18,82281.4
Asia,South Korea,Turmeric,Andhra Pradesh,Online,L,3/30/2023,620463621,4/24/2023,1049,83.16,2.48,1.62,206.24,134.72,2601.52,1699.38,902.14,216345.76,141321.28,75024.48
Sub-Saharan Africa,Ethiopia,Saffron,Jammu and Kashmir,Offline,M,2/24/2024,856351149,3/19/2024,16,82.88,2188.68,1720.32,181397.8,142580.12,35018.88,27525.12,7493.76,2902364.8,2281281.92,621082.88
Sub-Saharan Africa,Kenya,Cardamom,Karnataka,Online,H,9/12/2024,241461478,9/24/2024,80,84.13,24.38,18.54,2051.09,1559.77,1950.4,1483.2,467.2,164087.2,124781.6,39305.6
North America,United States,Cumin Seeds,Gujarat,Offline,L,4/11/2025,586866266,5/12/2025,352,87.22,5.04,3.48,439.59,303.53,1774.08,1224.96,549.12,154735.68,106842.56,47893.12
North America,United States,Dry Ginger,Meghalaya,Offline,C,1/26/2024,279073944,1/27/2024,406,83.42,4.29,3.5,357.87,291.97,1741.74,1421.0,320.74,145295.22,118539.82,26755.4
Asia,South Korea,Turmeric,Maharashtra,Online,H,7/22/2023,947949067,7/30/2023,652,82.9,2.49,1.8,206.42,149.22,1623.48,1173.6,449.88,134585.84,97291.44,37294.4
Australia and Oceania,New Zealand,Cinnamon,Kerala,Online,C,4/2/2024,201939392,4/8/2024,290,83.23,5.65,4.28,470.25,356.22,1638.5,1241.2,397.3,136372.5,103303.8,33068.7
Middle East and North Africa,United Arab Emirates,Fenugreek Seeds,Rajasthan,Offline,M,12/3/2021,305877023,12/16/2021,3492,74.02,2.36,1.48,174.69,109.55,8241.12,5168.16,3072.96,610017.48,382548.6,227468.88
Europe,Germany,Cardamom,Kerala,Online,H,5/20/2021,768800467,5/26/2021,50,73.97,24.77,23.44,1832.24,1733.86,1238.5,1172.0,66.5,91612.0,86693.0,4919.0
North America,Canada,Cloves,Kerala,Offline,M,11/14/2023,255215256,12/5/2023,388,83.18,12.55,9.5,1043.91,790.21,4869.4,3686.0,1183.4,405037.08,306601.48,98435.6
Australia and Oceania,New Zealand,Cinnamon,Kerala,Offline,H,9/6/2019,958146248,9/16/2019,296,70.46,4.88,3.36,343.84,236.75,1444.48,994.56,449.92,101776.64,70078.0,31698.64
Europe,United Kingdom,Fennel Seeds,Rajasthan,Online,L,11/2/2024,806011019,12/9/2024,300,84.12,3.7,2.53,311.24,212.82,1110.0,759.0,351.0,93372.0,63846.0,29526.0
Asia,Vietnam,Garam Masala,Kerala,Online,M,9/29/2024,441941440,10/20/2024,100,84.54,9.46,6.19,799.75,523.3,946.0,619.0,327.0,79975.0,52330.0,27645.0
Middle East and North Africa,Oman,Turmeric,Andhra Pradesh,Online,C,2/10/2019,675906567,2/16/2019,3649,69.78,2.17,1.51,151.42,105.37,7918.33,5509.99,2408.34,552531.58,384495.13,168036.45
Australia and Oceania,New Zealand,Black Pepper,Kerala,Offline,L,2/8/2019,805311435,3/8/2019,413,69.69,7.99,6.64,556.82,462.74,3299.87,2742.32,557.55,229966.66,191111.62,38855.04
Europe,France,Black Pepper,Kerala,Online,H,3/3/2023,789752790,3/8/2023,260,82.41,8.94,6.86,736.75,565.33,2324.4,1783.6,540.8,191555.0,146985.8,44569.2
Sub-Saharan Africa,Ethiopia,Black Pepper,Karnataka,Offline,L,7/30/2021,621086710,8/31/2021,3973,74.36,7.19,5.15,534.65,382.95,28565.87,20460.95,8104.92,2124164.45,1521460.35,602704.1
Asia,Indonesia,Nutmeg,Kerala,Offline,C,10/2/2023,369470509,10/5/2023,169,82.19,11.16,8.91,917.24,732.31,1886.04,1505.79,380.25,155013.56,123760.39,31253.17
North America,United States,Turmeric,Maharashtra,Offline,H,4/19/2019,176393910,5/1/2019,4239,69.22,2.33,1.63,161.28,112.83,9876.87,6909.57,2967.3,683665.92,478286.37,205379.55
Australia and Oceania,Australia,Red Chilli,Telangana,Online,M,3/4/2025,282914879,3/16/2025,500,86.41,3.48,2.37,300.71,204.79,1740.0,1185.0,555.0,150355.0,102395.0,47960.0
Middle East and North Africa,Iran,Cloves,Tamil Nadu,Online,M,3/7/2019,288474508,3/25/2019,338,70.78,9.11,6.95,644.81,491.92,3079.18,2349.1,730.08,217945.78,166268.96,51676.82
Europe,Spain,Red Chilli,Andhra Pradesh,Offline,H,4/9/2020,965320955,4/16/2020,6438,73.58,2.63,1.65,193.52,121.41,16931.94,10622.7,6309.24,1245881.76,781637.58,464244.18
Europe,Germany,Cumin Seeds,Rajasthan,Online,L,10/9/2021,942681000,11/10/2021,1505,75.0,5.01,3.71,375.75,278.25,7540.05,5583.55,1956.5,565503.75,418766.25,146737.5
Middle East and North Africa,Saudi Arabia,Coriander Seeds,Gujarat,Online,M,9/21/2021,869628781,10/14/2021,826,74.91,1.7,1.09,127.35,81.65,1404.2,900.34,503.86,105191.1,67442.9,37748.2
Australia and Oceania,New Zealand,Cinnamon,Kerala,Online,L,10/10/2025,206214638,11/13/2025,212,87.22,6.78,5.05,591.35,440.46,1437.36,1070.6,366.76,125366.2,93377.52,31988.68
North America,United States,Black Pepper,Kerala,Online,L,6/6/2023,202500249,6/29/2023,783,82.85,9.44,7.26,782.1,601.49,7391.52,5684.58,1706.94,612384.3,470966.67,141417.63
Europe,Belgium,Coriander Seeds,Gujarat,Offline,H,11/7/2023,568515465,11/11/2023,5273,82.86,1.93,1.19,159.92,98.6,10176.89,6274.87,3902.02,843258.16,519917.8,323340.36
Europe,Netherlands,Black Pepper,Kerala,Online,L,8/20/2023,114982980,9/22/2023,238,83.14,8.51,6.54,707.52,543.74,2025.38,1556.52,468.86,168389.76,129410.12,38979.64
Asia,Japan,Turmeric,Odisha,Online,H,8/16/2023,404931207,8/22/2023,510,83.62,2.31,1.58,193.16,132.12,1178.1,805.8,372.3,98511.6,67381.2,31130.4
Middle East and North Africa,Morocco,Cloves,Tamil Nadu,Online,L,4/30/2025,651652489,5/11/2025,388,86.67,12.13,10.28,1051.31,890.97,4706.44,3988.64,717.8,407908.28,345696.36,62211.92
North America,United States,Red Chilli,Andhra Pradesh,Offline,L,4/27/2023,296320171,6/3/2023,7537,81.78,2.97,1.86,242.89,152.11,22384.89,14018.82,8366.07,1830661.93,1146453.07,684208.86
Europe,Sweden,Fennel Seeds,Gujarat,Online,M,4/13/2024,789635926,5/1/2024,758,84.24,3.55,2.22,299.05,187.01,2690.9,1682.76,1008.14,226679.9,141753.58,84926.32
Middle East and North Africa,Jordan,Cinnamon,Kerala,Online,M,2/7/2022,223469789,2/27/2022,242,78.69,5.64,4.16,443.81,327.35,1364.88,1006.72,358.16,107402.02,79218.7,28183.32
North America,Canada,Black Pepper,Kerala,Online,M,9/18/2024,510354356,9/23/2024,2256,84.46,9.14,6.55,771.96,553.21,20619.84,14776.8,5843.04,1741541.76,1248041.76,493500.0
Europe,United Kingdom,Black Pepper,Kerala,Online,L,8/30/2019,455216756,9/26/2019,692,70.77,7.45,6.1,527.24,431.7,5155.4,4221.2,934.2,364850.08,298736.4,66113.68
Middle East and North Africa,United Arab Emirates,Garam Masala,Kerala,Online,M,7/13/2023,408217979,7/18/2023,257,83.06,7.6,4.77,631.26,396.2,1953.2,1225.89,727.31,162233.82,101823.4,60410.42
Asia,India,Mustard Seeds,Rajasthan,Online,H,11/4/2020,187810167,11/14/2020,1003,74.62,1.2,0.76,89.54,56.71,1203.6,762.28,441.32,89808.62,56880.13,32928.49
Middle East and North Africa,Morocco,Cumin Seeds,Gujarat,Offline,C,6/20/2022,312509060,6/21/2022,759,79.53,3.99,2.81,317.32,223.48,3028.41,2132.79,895.62,240845.88,169621.32,71224.56
Australia and Oceania,Australia,Cardamom,Tamil Nadu,Offline,L,10/11/2023,487820854,10/30/2023,316,83.46,23.59,17.31,1968.82,1444.69,7454.44,5469.96,1984.48,622147.12,456522.04,165625.08
Europe,Sweden,Cardamom,Tamil Nadu,Offline,M,7/2/2023,612791527,7/21/2023,187,83.59,25.17,19.13,2103.96,1599.08,4706.79,3577.31,1129.48,393440.52,299027.96,94412.56
Sub-Saharan Africa,South Africa,Cloves,Kerala,Online,H,12/29/2021,510580547,1/5/2022,134,74.88,9.2,7.19,688.9,538.39,1232.8,963.46,269.34,92312.6,72144.26,20168.34
Europe,Sweden,Cardamom,Kerala,Offline,C,1/16/2019,625405130,1/17/2019,333,69.27,22.32,18.88,1546.11,1307.82,7432.56,6287.04,1145.52,514854.63,435504.06,79350.57
Australia and Oceania,Australia,Red Chilli,Andhra Pradesh,Offline,H,12/22/2024,143139836,12/28/2024,968,83.41,3.74,2.35,311.95,196.01,3620.32,2274.8,1345.52,301967.6,189737.68,112229.92
Sub-Saharan Africa,Nigeria,Dry Ginger,Meghalaya,Offline,M,10/19/2020,712260460,10/28/2020,3687,74.09,3.04,2.28,225.23,168.93,11208.48,8406.36,2802.12,830423.01,622844.91,207578.1
Europe,Poland,Cinnamon,Kerala,Offline,L,10/14/2025,799743256,11/15/2025,683,86.93,6.01,4.53,522.45,393.79,4104.83,3093.99,1010.84,356833.35,268958.57,87874.78
Asia,Pakistan,Mustard Seeds,Rajasthan,Offline,C,12/13/2025,752440100,12/16/2025,3649,88.03,1.28,0.84,112.68,73.95,4670.72,3065.16,1605.56,411169.32,269843.55,141325.77
Sub-Saharan Africa,Kenya,Garam Masala,Gujarat,Offline,M,10/19/2019,481847697,11/10/2019,1943,70.1,6.87,3.94,481.59,276.19,13348.41,7655.42,5692.99,935729.37,536637.17,399092.2
North America,United States,Dry Ginger,Karnataka,Online,L,11/5/2025,350109293,11/27/2025,2302,87.39,4.86,3.4,424.72,297.13,11187.72,7826.8,3360.92,977705.44,683993.26,293712.18
North America,United States,Coriander Seeds,Rajasthan,Online,L,3/19/2021,483595653,4/10/2021,4594,74.24,1.99,1.35,147.74,100.22,9142.06,6201.9,2940.16,678717.56,460410.68,218306.88
Europe,France,Fennel Seeds,Gujarat,Online,M,6/11/2020,696865027,6/21/2020,300,74.39,3.0,2.18,223.17,162.17,900.0,654.0,246.0,66951.0,48651.0,18300.0
Sub-Saharan Africa,Tanzania,Coriander Seeds,Rajasthan,Online,H,11/13/2023,465939037,11/20/2023,896,82.74,1.89,1.29,156.38,106.73,1693.44,1155.84,537.6,140116.48,95630.08,44486.4
North America,United States,Cardamom,Kerala,Offline,H,10/7/2020,927789701,10/19/2020,159,74.56,25.48,20.65,1899.79,1539.66,4051.32,3283.35,767.97,302066.61,244805.94,57260.67
Middle East and North Africa,Saudi Arabia,Fennel Seeds,Gujarat,Offline,C,5/6/2020,764813413,5/11/2020,1097,73.56,2.59,1.7,190.52,125.05,2841.23,1864.9,976.33,209000.44,137179.85,71820.59
Europe,United Kingdom,Dry Ginger,Meghalaya,Online,L,3/24/2025,526244668,4/3/2025,1437,86.04,4.95,4.6,425.9,395.78,7113.15,6610.2,502.95,612018.3,568735.86,43282.44
North America,Canada,Red Chilli,Telangana,Online,M,7/30/2024,903660696,8/12/2024,1486,84.28,3.68,2.3,310.15,193.84,5468.48,3417.8,2050.68,460882.9,288046.24,172836.66
North America,United States,Red Chilli,Andhra Pradesh,Online,M,11/22/2024,160942924,12/3/2024,512,84.07,3.84,2.37,322.83,199.25,1966.08,1213.44,752.64,165288.96,102016.0,63272.96
Sub-Saharan Africa,Tanzania,Coriander Seeds,Madhya Pradesh,Online,M,9/9/2023,397984312,9/29/2023,500,83.23,1.73,1.18,143.99,98.21,865.0,590.0,275.0,71995.0,49105.0,22890.0
Asia,India,Cardamom,Kerala,Online,M,5/13/2021,803229302,6/6/2021,187,73.89,21.31,17.33,1574.6,1280.51,3984.97,3240.71,744.26,294450.2,239455.37,54994.83
Europe,Netherlands,Red Chilli,Telangana,Offline,H,8/21/2022,436279812,8/26/2022,1011,79.37,3.53,2.19,280.18,173.82,3568.83,2214.09,1354.74,283261.98,175732.02,107529.96
North America,United States,Black Pepper,Karnataka,Online,H,7/4/2022,580544646,7/8/2022,329,78.34,8.9,6.57,697.23,514.69,2928.1,2161.53,766.57,229388.67,169333.01,60055.66
Europe,United Kingdom,Turmeric,Tamil Nadu,Offline,M,3/31/2019,232210302,4/14/2019,541,69.51,2.24,1.56,155.7,108.44,1211.84,843.96,367.88,84233.7,58666.04,25567.66
Australia and Oceania,Australia,Red Chilli,Karnataka,Online,H,4/20/2022,332811360,4/27/2022,2695,77.99,3.23,2.06,251.91,160.66,8704.85,5551.7,3153.15,678897.45,432978.7,245918.75
Sub-Saharan Africa,Tanzania,Red Chilli,Telangana,Online,H,10/7/2025,423591506,10/15/2025,513,88.07,3.55,2.26,312.65,199.04,1821.15,1159.38,661.77,160389.45,102107.52,58281.93
Europe,Netherlands,Cumin Seeds,Rajasthan,Offline,L,8/1/2019,114813513,8/27/2019,845,70.32,4.07,2.59,286.2,182.13,3439.15,2188.55,1250.6,241839.0,153899.85,87939.15
Asia,Bangladesh,Red Chilli,Telangana,Offline,L,4/11/2022,642318047,5/3/2022,6665,78.64,3.15,1.94,247.72,152.56,20994.75,12930.1,8064.65,1651053.8,1016812.4,634241.4
Asia,Indonesia,Cinnamon,Kerala,Online,L,10/24/2024,739348448,11/7/2024,897,84.11,5.5,3.77,462.61,317.09,4933.5,3381.69,1551.81,414961.17,284429.73,130531.44
Sub-Saharan Africa,Nigeria,Cinnamon,Kerala,Offline,L,4/18/2019,111342796,4/28/2019,1581,70.13,4.42,3.04,309.97,213.2,6988.02,4806.24,2181.78,490062.57,337069.2,152993.37
North America,United States,Mustard Seeds,Rajasthan,Offline,M,10/1/2023,994055285,10/22/2023,5848,83.1,1.39,0.91,115.51,75.62,8128.72,5321.68,2807.04,675502.48,442225.76,233276.72
Middle East and North Africa,Saudi Arabia,Cumin Seeds,Gujarat,Offline,H,12/21/2023,262983826,12/24/2023,322,83.37,4.7,3.25,391.84,270.95,1513.4,1046.5,466.9,126172.48,87245.9,38926.58
Asia,Indonesia,Cinnamon,Kerala,Online,C,1/20/2023,630069298,1/27/2023,580,81.86,5.25,3.93,429.76,321.71,3045.0,2279.4,765.6,249260.8,186591.8,62669.0
Middle East and North Africa,United Arab Emirates,Turmeric,Odisha,Online,M,12/16/2023,692770196,12/29/2023,4176,82.84,2.51,2.29,207.93,189.7,10481.76,9563.04,918.72,868315.68,792187.2,76128.48
Asia,India,Coriander Seeds,Madhya Pradesh,Offline,L,4/20/2024,359358143,5/29/2024,2257,83.44,1.83,1.15,152.7,95.96,4130.31,2595.55,1534.76,344643.9,216581.72,128062.18
Europe,Germany,Cloves,Kerala,Offline,M,4/6/2025,121610198,4/30/2025,710,85.92,12.2,9.78,1048.22,840.3,8662.0,6943.8,1718.2,744236.2,596613.0,147623.2
Asia,Malaysia,Cardamom,Kerala,Offline,L,4/9/2020,607528512,5/6/2020,208,73.69,21.25,17.65,1565.91,1300.63,4420.0,3671.2,748.8,325709.28,270531.04,55178.24
Europe,Poland,Red Chilli,Telangana,Online,H,12/21/2020,290925233,12/30/2020,2574,73.68,3.11,1.89,229.14,139.26,8005.14,4864.86,3140.28,589806.36,358455.24,231351.12
Middle East and North Africa,United Arab Emirates,Cumin Seeds,Rajasthan,Online,L,2/6/2022,609880405,2/25/2022,1115,77.83,4.44,3.11,345.57,242.05,4950.6,3467.65,1482.95,385310.55,269885.75,115424.8
Asia,Nepal,Red Chilli,Andhra Pradesh,Online,H,12/2/2023,228112719,12/10/2023,797,83.48,3.42,2.11,285.5,176.14,2725.74,1681.67,1044.07,227543.5,140383.58,87159.92
Asia,Nepal,Garam Masala,Maharashtra,Offline,H,4/15/2021,973043293,4/22/2021,169,73.14,7.18,4.16,525.15,304.26,1213.42,703.04,510.38,88750.35,51419.94,37330.41
Europe,United Kingdom,Red Chilli,Telangana,Offline,L,11/4/2019,656041910,12/9/2019,2613,71.73,2.67,1.65,191.52,118.35,6976.71,4311.45,2665.26,500441.76,309248.55,191193.21
Asia,Malaysia,Cardamom,Karnataka,Offline,M,10/26/2021,297557191,11/18/2021,1327,73.35,19.78,15.04,1450.86,1103.18,26248.06,19958.08,6289.98,1925291.22,1463919.86,461371.36
Asia,Singapore,Turmeric,Odisha,Online,L,5/6/2019,299504293,6/2/2019,789,70.64,2.13,1.4,150.46,98.9,1680.57,1104.6,575.97,118712.94,78032.1,40680.84
Europe,Sweden,Cloves,Tamil Nadu,Offline,H,2/5/2025,522973820,2/12/2025,1462,86.39,11.18,7.99,965.84,690.26,16345.16,11681.38,4663.78,1412058.08,1009160.12,402897.96
Asia,Vietnam,Cinnamon,Tamil Nadu,Offline,L,4/25/2024,999461899,5/15/2024,248,83.47,5.53,3.96,461.59,330.54,1371.44,982.08,389.36,114474.32,81973.92,32500.4
North America,United States,Mustard Seeds,Rajasthan,Offline,M,2/28/2021,638460871,3/11/2021,4128,73.78,1.38,0.88,101.82,64.93,5696.64,3632.64,2064.0,420312.96,268031.04,152281.92
Middle East and North Africa,United Arab Emirates,Coriander Seeds,Madhya Pradesh,Offline,H,5/5/2023,205941771,5/13/2023,1232,82.72,2.0,1.43,165.44,118.29,2464.0,1761.76,702.24,203822.08,145733.28,58088.8
Middle East and North Africa,United Arab Emirates,Turmeric,Telangana,Online,L,7/30/2022,772249956,8/19/2022,500,78.42,2.34,1.53,183.5,119.98,1170.0,765.0,405.0,91750.0,59990.0,31760.0
Europe,Belgium,Coriander Seeds,Gujarat,Offline,M,12/4/2021,785925176,12/27/2021,594,73.18,1.96,1.18,143.43,86.35,1164.24,700.92,463.32,85197.42,51291.9,33905.52
Europe,United Kingdom,Fenugreek Seeds,Madhya Pradesh,Offline,L,10/6/2022,962632101,11/11/2022,3691,79.1,2.49,1.58,196.96,124.98,9190.59,5831.78,3358.81,726979.36,461301.18,265678.18
Europe,Spain,Red Chilli,Andhra Pradesh,Online,H,10/5/2025,597024668,10/17/2025,500,87.28,3.85,2.29,336.03,199.87,1925.0,1145.0,780.0,168015.0,99935.0,68080.0
Asia,Malaysia,Fenugreek Seeds,Rajasthan,Offline,M,4/11/2024,463426768,4/29/2024,341,83.29,2.89,1.77,240.71,147.42,985.49,603.57,381.92,82082.11,50270.22,31811.89
Asia,Pakistan,Coriander Seeds,Rajasthan,Online,M,5/12/2021,827172988,5/29/2021,3247,72.56,1.8,1.06,130.61,76.91,5844.6,3441.82,2402.78,424090.67,249726.77,174363.9
Middle East and North Africa,Egypt,Saffron,Jammu and Kashmir,Online,H,10/30/2020,733368458,11/5/2020,4,74.84,2036.8,1760.77,152434.11,131776.03,8147.2,7043.08,1104.12,609736.44,527104.12,82632.32
Europe,Russia,Nutmeg,Tamil Nadu,Offline,M,11/11/2022,697694041,11/22/2022,100,79.35,11.08,7.49,879.2,594.33,1108.0,749.0,359.0,87920.0,59433.0,28487.0
Europe,United Kingdom,Coriander Seeds,Rajasthan,Offline,H,10/8/2022,900605880,10/18/2022,1082,78.67,1.9,1.27,149.47,99.91,2055.8,1374.14,681.66,161726.54,108102.62,53623.92
Asia,Malaysia,Cardamom,Karnataka,Offline,L,1/13/2023,307561184,2/17/2023,56,81.89,21.27,16.81,1741.8,1376.57,1191.12,941.36,249.76,97540.8,77087.92,20452.88
Middle East and North Africa,Iran,Fennel Seeds,Gujarat,Online,H,6/10/2021,950155392,6/18/2021,2056,73.42,3.18,2.18,233.48,160.06,6538.08,4482.08,2056.0,480034.88,329083.36,150951.52
Asia,India,Cumin Seeds,Gujarat,Offline,H,9/18/2021,754085515,9/26/2021,786,74.31,3.96,2.67,294.27,198.41,3112.56,2098.62,1013.94,231296.22,155950.26,75345.96
North America,United States,Cinnamon,Kerala,Offline,L,4/14/2022,399405892,5/6/2022,2238,77.76,5.44,3.96,423.01,307.93,12174.72,8862.48,3312.24,946696.38,689147.34,257549.04
Middle East and North Africa,Egypt,Black Pepper,Kerala,Online,L,9/5/2023,273178353,9/21/2023,404,82.9,8.85,6.37,733.67,528.07,3575.4,2573.48,1001.92,296402.68,213340.28,83062.4
Europe,France,Cinnamon,Kerala,Offline,H,10/21/2023,784793836,10/25/2023,599,82.65,5.37,5.25,443.83,433.91,3216.63,3144.75,71.88,265854.17,259912.09,5942.08
Middle East and North Africa,Turkey,Cardamom,Kerala,Online,M,12/31/2021,858140903,1/13/2022,50,74.26,23.29,21.27,1729.52,1579.51,1164.5,1063.5,101.0,86476.0,78975.5,7500.5
Sub-Saharan Africa,South Africa,Black Pepper,Tamil Nadu,Offline,H,12/14/2019,512789041,12/25/2019,4373,71.79,6.78,5.13,486.74,368.28,29648.94,22433.49,7215.45,2128514.02,1610488.44,518025.58
Middle East and North Africa,Egypt,Mustard Seeds,Rajasthan,Offline,H,9/19/2019,396452775,9/30/2019,1394,69.51,1.3,0.93,90.36,64.64,1812.2,1296.42,515.78,125961.84,90108.16,35853.68
Europe,United Kingdom,Mustard Seeds,Rajasthan,Offline,L,8/2/2025,312661614,8/22/2025,1434,86.6,1.49,1.01,129.03,87.47,2136.66,1448.34,688.32,185029.02,125431.98,59597.04
Sub-Saharan Africa,Kenya,Red Chilli,Andhra Pradesh,Offline,H,10/29/2025,846171682,11/9/2025,505,87.09,3.03,1.63,263.88,141.96,1530.15,823.15,707.0,133259.4,71689.8,61569.6
Asia,Singapore,Turmeric,Maharashtra,Offline,M,10/25/2019,983748198,11/5/2019,904,70.91,2.06,1.36,146.07,96.44,1862.24,1229.44,632.8,132047.28,87181.76,44865.52
Middle East and North Africa,Qatar,Cumin Seeds,Rajasthan,Offline,H,5/24/2022,747390354,5/30/2022,3687,77.97,4.25,2.86,331.37,222.99,15669.75,10544.82,5124.93,1221761.19,822164.13,399597.06
Middle East and North Africa,United Arab Emirates,Cumin Seeds,Gujarat,Offline,L,12/9/2023,235174505,1/16/2024,406,82.86,4.1,2.85,339.73,236.15,1664.6,1157.1,507.5,137930.38,95876.9,42053.48
Middle East and North Africa,Egypt,Red Chilli,Madhya Pradesh,Online,M,12/3/2023,707180855,12/26/2023,500,82.75,3.19,1.88,263.97,155.57,1595.0,940.0,655.0,131985.0,77785.0,54200.0
Sub-Saharan Africa,South Africa,Red Chilli,Telangana,Offline,L,10/17/2021,236072810,11/18/2021,1658,74.06,2.5,1.97,185.15,145.9,4145.0,3266.26,878.74,306978.7,241902.2,65076.5
Asia,Nepal,Cumin Seeds,Rajasthan,Offline,M,11/13/2023,203895076,12/3/2023,4490,83.65,3.97,2.58,332.09,215.82,17825.3,11584.2,6241.1,1491084.1,969031.8,522052.3
Middle East and North Africa,United Arab Emirates,Dry Ginger,Meghalaya,Offline,L,12/12/2020,375956567,12/29/2020,2181,75.37,3.27,2.45,246.46,184.66,7131.87,5343.45,1788.42,537529.26,402743.46,134785.8
Middle East and North Africa,Morocco,Red Chilli,Madhya Pradesh,Offline,L,4/29/2021,979905593,5/17/2021,8761,73.16,3.02,1.91,220.94,139.74,26458.22,16733.51,9724.71,1935655.34,1224262.14,711393.2
Europe,Germany,Cumin Seeds,Gujarat,Online,M,12/9/2020,910198933,12/29/2020,300,75.3,4.38,3.08,329.81,231.92,1314.0,924.0,390.0,98943.0,69576.0,29367.0
Australia and Oceania,New Zealand,Cloves,Tamil Nadu,Online,L,2/20/2023,438600993,3/6/2023,100,81.95,13.92,10.76,1140.74,881.78,1392.0,1076.0,316.0,114074.0,88178.0,25896.0
Sub-Saharan Africa,Ethiopia,Turmeric,Maharashtra,Online,H,6/3/2019,397271836,6/12/2019,2527,70.18,2.29,1.65,160.71,115.8,5786.83,4169.55,1617.28,406114.17,292626.6,113487.57
Middle East and North Africa,Saudi Arabia,Coriander Seeds,Madhya Pradesh,Online,M,7/31/2020,129215075,8/16/2020,2201,73.19,1.54,1.09,112.71,79.78,3389.54,2399.09,990.45,248074.71,175595.78,72478.93
Central America and the Caribbean,Guatemala,Dry Ginger,Kerala,Online,H,10/11/2024,175264886,10/15/2024,865,84.67,4.4,3.02,372.55,255.7,3806.0,2612.3,1193.7,322255.75,221180.5,101075.25
Asia,Vietnam,Cardamom,Karnataka,Offline,H,3/5/2023,850075811,3/10/2023,1459,82.55,25.68,22.27,2119.88,1838.39,37467.12,32491.93,4975.19,3092904.92,2682211.01,410693.91
Sub-Saharan Africa,Nigeria,Cardamom,Sikkim,Online,H,1/26/2019,632054129,1/31/2019,279,69.63,21.74,20.13,1513.76,1401.65,6065.46,5616.27,449.19,422339.04,391060.35,31278.69
Asia,India,Cumin Seeds,Rajasthan,Offline,H,6/28/2019,465095945,7/8/2019,838,70.92,4.04,2.72,286.52,192.9,3385.52,2279.36,1106.16,240103.76,161650.2,78453.56
Asia,Japan,Saffron,Jammu and Kashmir,Offline,L,11/13/2020,612415152,12/23/2020,2,74.97,1821.36,1557.98,136547.36,116801.76,3642.72,3115.96,526.76,273094.72,233603.52,39491.2
Middle East and North Africa,United Arab Emirates,Fennel Seeds,Rajasthan,Online,L,9/23/2021,991207085,10/29/2021,1112,75.09,2.92,1.94,219.26,145.67,3247.04,2157.28,1089.76,243817.12,161985.04,81832.08
Europe,Netherlands,Nutmeg,Tamil Nadu,Online,M,9/9/2023,914719275,10/1/2023,100,82.53,11.81,9.01,974.68,743.6,1181.0,901.0,280.0,97468.0,74360.0,23108.0
Europe,Netherlands,Black Pepper,Karnataka,Offline,H,2/10/2024,872301772,2/15/2024,1188,83.18,9.23,6.66,767.75,553.98,10965.24,7912.08,3053.16,912087.0,658128.24,253958.76
Europe,Italy,Black Pepper,Karnataka,Offline,M,10/10/2021,539835245,11/2/2021,697,74.41,7.9,5.39,587.84,401.07,5506.3,3756.83,1749.47,409724.48,279545.79,130178.69
Middle East and North Africa,United Arab Emirates,Turmeric,Telangana,Online,L,9/10/2019,320145940,10/17/2019,500,70.68,2.16,1.46,152.67,103.19,1080.0,730.0,350.0,76335.0,51595.0,24740.0
Sub-Saharan Africa,Kenya,Cardamom,Sikkim,Offline,M,9/26/2021,148842486,10/8/2021,965,74.49,22.19,18.75,1652.93,1396.69,21413.35,18093.75,3319.6,1595077.45,1347805.85,247271.6
Middle East and North Africa,Qatar,Fennel Seeds,Gujarat,Offline,H,12/1/2025,646656353,12/13/2025,4348,87.65,2.91,1.75,255.06,153.39,12652.68,7609.0,5043.68,1109000.88,666939.72,442061.16
Sub-Saharan Africa,Nigeria,Turmeric,Odisha,Online,L,2/19/2020,869645688,3/2/2020,2858,73.86,2.22,1.48,163.97,109.31,6344.76,4229.84,2114.92,468626.26,312407.98,156218.28
Europe,Russia,Coriander Seeds,Gujarat,Offline,L,1/24/2023,169855003,2/11/2023,632,81.59,1.77,1.07,144.41,87.3,1118.64,676.24,442.4,91267.12,55173.6,36093.52
Asia,Singapore,Turmeric,Odisha,Offline,M,12/9/2024,558193507,12/15/2024,501,84.25,2.49,1.65,209.78,139.01,1247.49,826.65,420.84,105099.78,69644.01,35455.77
North America,Canada,Fenugreek Seeds,Rajasthan,Online,H,11/18/2024,476558880,11/29/2024,300,83.53,3.09,2.26,258.11,188.78,927.0,678.0,249.0,77433.0,56634.0,20799.0
Middle East and North Africa,United Arab Emirates,Coriander Seeds,Rajasthan,Offline,H,11/20/2023,833934944,11/30/2023,848,83.25,1.8,1.21,149.85,100.73,1526.4,1026.08,500.32,127072.8,85419.04,41653.76
Middle East and North Africa,Morocco,Coriander Seeds,Rajasthan,Offline,M,10/8/2021,460614733,10/27/2021,961,73.83,1.82,1.11,134.37,81.95,1749.02,1066.71,682.31,129129.57,78753.95,50375.62
Middle East and North Africa,Saudi Arabia,Fennel Seeds,Rajasthan,Offline,L,11/11/2022,809893919,11/26/2022,564,79.16,3.15,2.17,249.35,171.78,1776.6,1223.88,552.72,140633.4,96883.92,43749.48
North America,United States,Fenugreek Seeds,Gujarat,Online,L,2/19/2019,582586982,3/3/2019,499,70.48,2.8,1.72,197.34,121.23,1397.2,858.28,538.92,98472.66,60493.77,37978.89
Europe,Poland,Fennel Seeds,Gujarat,Online,H,11/10/2025,671031300,11/14/2025,1480,87.91,3.12,2.04,274.28,179.34,4617.6,3019.2,1598.4,405934.4,265423.2,140511.2
Asia,Singapore,Cardamom,Kerala,Offline,M,4/21/2020,761570061,4/26/2020,144,73.8,20.93,15.63,1544.63,1153.49,3013.92,2250.72,763.2,222426.72,166102.56,56324.16
Europe,Poland,Cloves,Kerala,Offline,H,3/21/2019,448875437,4/2/2019,752,70.28,10.19,8.3,716.15,583.32,7662.88,6241.6,1421.28,538544.8,438656.64,99888.16
Europe,Netherlands,Black Pepper,Karnataka,Online,C,6/25/2021,424192481,6/26/2021,2119,73.63,8.4,5.5,618.49,404.96,17799.6,11654.5,6145.1,1310580.31,858110.24,452470.07
Middle East and North Africa,Morocco,Dry Ginger,Kerala,Offline,M,4/6/2022,967525804,4/30/2022,1626,78.09,4.21,2.85,328.76,222.56,6845.46,4634.1,2211.36,534563.76,361882.56,172681.2
Asia,South Korea,Garam Masala,Gujarat,Online,M,7/29/2021,843305731,8/5/2021,596,73.39,7.93,4.49,581.98,329.52,4726.28,2676.04,2050.24,346860.08,196393.92,150466.16
Europe,Netherlands,Red Chilli,Telangana,Offline,L,2/16/2020,285301359,3/12/2020,549,72.97,3.17,1.88,231.31,137.18,1740.33,1032.12,708.21,126989.19,75311.82,51677.37
Europe,Italy,Turmeric,Andhra Pradesh,Offline,L,8/26/2019,155761331,9/5/2019,2761,70.7,2.07,1.35,146.35,95.45,5715.27,3727.35,1987.92,404072.35,263537.45,140534.9
Asia,Thailand,Cinnamon,Kerala,Online,C,6/17/2024,799780818,6/19/2024,978,83.56,5.67,3.95,473.79,330.06,5545.26,3863.1,1682.16,463366.62,322798.68,140567.94
Australia and Oceania,New Zealand,Coriander Seeds,Madhya Pradesh,Offline,M,4/16/2021,632616738,4/27/2021,3587,74.31,1.89,1.23,140.45,91.4,6779.43,4412.01,2367.42,503794.15,327851.8,175942.35
Europe,United Kingdom,Mustard Seeds,Gujarat,Offline,M,9/3/2024,505719675,9/11/2024,1623,83.56,1.47,0.96,122.83,80.22,2385.81,1558.08,827.73,199353.09,130197.06,69156.03
Europe,Spain,Black Pepper,Kerala,Online,H,2/13/2021,234081226,2/24/2021,2146,72.77,8.29,5.78,603.26,420.61,17790.34,12403.88,5386.46,1294595.96,902629.06,391966.9
Middle East and North Africa,Saudi Arabia,Mustard Seeds,Madhya Pradesh,Offline,M,9/15/2025,268778503,9/27/2025,5329,86.94,1.46,0.99,126.93,86.07,7780.34,5275.71,2504.63,676409.97,458667.03,217742.94
Europe,Germany,Red Chilli,Karnataka,Offline,L,6/1/2023,704664058,6/16/2023,940,82.29,3.21,2.04,264.15,167.87,3017.4,1917.6,1099.8,248301.0,157797.8,90503.2
Asia,Malaysia,Black Pepper,Karnataka,Offline,H,11/17/2019,180541784,11/27/2019,381,71.22,7.13,5.46,507.8,388.86,2716.53,2080.26,636.27,193471.8,148155.66,45316.14
Europe,Germany,Red Chilli,Madhya Pradesh,Offline,M,1/30/2025,460248062,2/20/2025,512,86.46,3.51,2.12,303.47,183.3,1797.12,1085.44,711.68,155376.64,93849.6,61527.04
Europe,United Kingdom,Coriander Seeds,Gujarat,Online,M,7/6/2023,456024090,7/25/2023,500,82.3,1.91,1.33,157.19,109.46,955.0,665.0,290.0,78595.0,54730.0,23865.0
Middle East and North Africa,Saudi Arabia,Fenugreek Seeds,Rajasthan,Online,L,2/23/2023,978927835,3/18/2023,2381,82.16,2.62,1.75,215.26,143.78,6238.22,4166.75,2071.47,512534.06,342340.18,170193.88
Asia,Sri Lanka,Mustard Seeds,Rajasthan,Offline,L,12/24/2020,230656340,1/7/2021,7040,75.46,1.09,0.68,82.25,51.31,7673.6,4787.2,2886.4,579040.0,361222.4,217817.6
Europe,Netherlands,Cloves,Kerala,Online,L,12/26/2021,381822645,1/11/2022,173,74.39,11.41,8.79,848.79,653.89,1973.93,1520.67,453.26,146840.67,113122.97,33717.7
Europe,Russia,Cumin Seeds,Rajasthan,Offline,M,10/23/2024,742278372,11/3/2024,719,84.65,4.71,3.1,398.7,262.42,3386.49,2228.9,1157.59,286665.3,188679.98,97985.32
Middle East and North Africa,Saudi Arabia,Black Pepper,Kerala,Offline,M,8/10/2022,285780411,8/22/2022,1727,78.77,8.31,6.18,654.58,486.8,14351.37,10672.86,3678.51,1130459.66,840703.6,289756.06
Europe,United Kingdom,Cinnamon,Kerala,Offline,M,4/20/2022,240676188,5/11/2022,941,78.78,5.65,4.17,445.11,328.51,5316.65,3923.97,1392.68,418848.51,309127.91,109720.6
Asia,South Korea,Cumin Seeds,Rajasthan,Online,M,4/23/2023,926713509,5/7/2023,300,81.87,4.65,3.37,380.7,275.9,1395.0,1011.0,384.0,114210.0,82770.0,31440.0
Central America and the Caribbean,Panama,Saffron,Jammu and Kashmir,Online,M,8/5/2021,130588746,8/12/2021,3,73.79,1924.0,1624.53,141971.96,119874.07,5772.0,4873.59,898.41,425915.88,359622.21,66293.67
Central America and the Caribbean,Panama,Fennel Seeds,Gujarat,Offline,L,7/9/2025,422202059,8/13/2025,826,86.86,2.97,1.99,257.97,172.85,2453.22,1643.74,809.48,213083.22,142774.1,70309.12
Middle East and North Africa,Qatar,Cardamom,Karnataka,Online,M,5/1/2023,145480674,5/26/2023,304,82.05,21.6,16.46,1772.28,1350.54,6566.4,5003.84,1562.56,538773.12,410564.16,128208.96
Australia and Oceania,New Zealand,Dry Ginger,Kerala,Online,M,6/28/2024,441053996,7/16/2024,2480,83.19,4.56,3.5,379.35,291.16,11308.8,8680.0,2628.8,940788.0,722076.8,218711.2
Middle East and North Africa,Iran,Coriander Seeds,Madhya Pradesh,Online,M,12/28/2025,519231277,1/20/2026,500,88.58,2.01,1.37,178.05,121.35,1005.0,685.0,320.0,89025.0,60675.0,28350.0
Australia and Oceania,Australia,Mustard Seeds,Rajasthan,Offline,L,4/17/2020,946209184,5/4/2020,6640,74.09,1.42,0.88,105.21,65.2,9428.8,5843.2,3585.6,698594.4,432928.0,265666.4
Europe,Germany,Red Chilli,Karnataka,Offline,M,8/26/2023,895025244,9/5/2023,3946,82.62,3.71,2.2,306.52,181.76,14639.66,8681.2,5958.46,1209527.92,717224.96,492302.96
Sub-Saharan Africa,Nigeria,Red Chilli,Telangana,Offline,M,9/15/2020,803901317,9/21/2020,1619,72.88,2.74,1.51,199.69,110.05,4436.06,2444.69,1991.37,323298.11,178170.95,145127.16
Middle East and North Africa,Saudi Arabia,Saffron,Jammu and Kashmir,Online,L,2/7/2023,788985128,2/21/2023,1,82.36,2280.16,2089.33,187793.98,172077.22,2280.16,2089.33,190.83,187793.98,172077.22,15716.76
Europe,France,Garam Masala,Maharashtra,Offline,H,11/10/2024,245611759,11/18/2024,374,85.24,7.79,5.09,664.02,433.87,2913.46,1903.66,1009.8,248343.48,162267.38,86076.1
North America,Canada,Coriander Seeds,Rajasthan,Online,M,10/23/2022,507226033,11/3/2022,1938,79.39,1.97,1.42,156.4,112.73,3817.86,2751.96,1065.9,303103.2,218470.74,84632.46
North America,United States,Cumin Seeds,Rajasthan,Online,L,7/7/2021,607002005,7/18/2021,1339,73.47,4.56,3.23,335.02,237.31,6105.84,4324.97,1780.87,448591.78,317758.09,130833.69
Asia,Japan,Nutmeg,Kerala,Offline,L,1/29/2022,188620027,3/3/2022,120,78.02,11.51,9.4,898.01,733.39,1381.2,1128.0,253.2,107761.2,88006.8,19754.4
Asia,Pakistan,Turmeric,Telangana,Online,H,6/28/2022,435502899,7/1/2022,500,79.05,2.46,1.54,194.46,121.74,1230.0,770.0,460.0,97230.0,60870.0,36360.0
Asia,Indonesia,Cloves,Tamil Nadu,Offline,L,8/22/2021,748601897,9/15/2021,279,73.89,8.67,6.71,640.63,495.8,2418.93,1872.09,546.84,178735.77,138328.2,40407.57
Middle East and North Africa,Morocco,Dry Ginger,Kerala,Offline,H,4/3/2024,852715804,4/11/2024,1623,83.66,4.2,2.56,351.37,214.17,6816.6,4154.88,2661.72,570273.51,347597.91,222675.6
Europe,Spain,Cumin Seeds,Gujarat,Offline,H,11/6/2021,992441848,11/10/2021,1933,73.43,4.26,2.74,312.81,201.2,8234.58,5296.42,2938.16,604661.73,388919.6,215742.13
Asia,Japan,Turmeric,Odisha,Online,M,6/21/2021,271497715,7/15/2021,4737,74.34,2.28,1.62,169.5,120.43,10800.36,7673.94,3126.42,802921.5,570476.91,232444.59
Middle East and North Africa,Egypt,Fenugreek Seeds,Rajasthan,Offline,H,8/16/2021,179240845,8/23/2021,1033,73.36,2.83,1.85,207.61,135.72,2923.39,1911.05,1012.34,214461.13,140198.76,74262.37
Sub-Saharan Africa,South Africa,Cumin Seeds,Rajasthan,Offline,M,10/11/2025,282901266,10/22/2025,303,86.56,4.31,2.78,373.07,240.64,1305.93,842.34,463.59,113040.21,72913.92,40126.29
Europe,Germany,Black Pepper,Kerala,Offline,M,2/26/2020,671754220,3/22/2020,3533,73.5,7.82,5.6,574.77,411.6,27628.06,19784.8,7843.26,2030662.41,1454182.8,576479.61
North America,Canada,Cardamom,Tamil Nadu,Online,M,8/13/2020,864356127,8/18/2020,50,74.12,23.23,19.55,1721.81,1449.05,1161.5,977.5,184.0,86090.5,72452.5,13638.0
North America,United States,Fenugreek Seeds,Madhya Pradesh,Offline,L,11/23/2023,708076530,1/1/2024,2375,83.34,2.89,1.74,240.85,145.01,6863.75,4132.5,2731.25,572018.75,344398.75,227620.0
Europe,Poland,Cardamom,Kerala,Offline,L,7/15/2024,951564674,8/15/2024,1451,83.66,24.55,21.39,2053.85,1789.49,35622.05,31036.89,4585.16,2980136.35,2596549.99,383586.36
Asia,Indonesia,Red Chilli,Andhra Pradesh,Offline,M,5/31/2019,383666592,6/14/2019,1868,69.42,2.87,1.8,199.24,124.96,5361.16,3362.4,1998.76,372180.32,233425.28,138755.04
Asia,Pakistan,Cumin Seeds,Rajasthan,Online,M,7/4/2022,831080754,7/16/2022,500,78.38,3.96,2.89,310.38,226.52,1980.0,1445.0,535.0,155190.0,113260.0,41930.0
Asia,Malaysia,Turmeric,Maharashtra,Online,L,8/16/2019,104554657,9/4/2019,547,71.17,2.12,1.77,150.88,125.97,1159.64,968.19,191.45,82531.36,68905.59,13625.77
Central America and the Caribbean,Jamaica,Mustard Seeds,Rajasthan,Offline,H,3/31/2020,660209309,4/12/2020,5365,73.36,1.18,0.75,86.56,55.02,6330.7,4023.75,2306.95,464394.4,295182.3,169212.1
Australia and Oceania,Australia,Cinnamon,Tamil Nadu,Offline,M,4/23/2022,485165687,4/28/2022,3673,78.44,5.25,3.44,411.81,269.83,19283.25,12635.12,6648.13,1512578.13,991085.59,521492.54
Europe,United Kingdom,Cumin Seeds,Rajasthan,Offline,M,6/3/2024,105165858,6/24/2024,4946,84.21,4.13,2.69,347.79,226.52,20426.98,13304.74,7122.24,1720169.34,1120367.92,599801.42
Asia,Sri Lanka,Black Pepper,Kerala,Offline,L,5/31/2022,215558202,6/19/2022,676,78.06,7.72,5.76,602.62,449.63,5218.72,3893.76,1324.96,407371.12,303949.88,103421.24
Australia and Oceania,Australia,Black Pepper,Karnataka,Online,M,10/4/2024,799344117,10/24/2024,1096,83.92,8.77,6.24,735.98,523.66,9611.92,6839.04,2772.88,806634.08,573931.36,232702.72
Asia,Pakistan,Fennel Seeds,Rajasthan,Offline,M,1/19/2024,503542490,2/6/2024,300,83.76,3.29,2.89,275.57,242.07,987.0,867.0,120.0,82671.0,72621.0,10050.0
Asia,Malaysia,Mustard Seeds,Rajasthan,Offline,M,5/1/2021,961157948,5/16/2021,957,73.51,1.31,0.89,96.3,65.42,1253.67,851.73,401.94,92159.1,62606.94,29552.16
Central America and the Caribbean,Jamaica,Red Chilli,Andhra Pradesh,Online,H,8/7/2022,729360084,8/19/2022,1870,79.16,3.18,1.94,251.73,153.57,5946.6,3627.8,2318.8,470735.1,287175.9,183559.2
Europe,Netherlands,Cumin Seeds,Gujarat,Offline,H,12/14/2024,171970397,12/17/2024,311,83.5,5.03,3.63,420.0,303.11,1564.33,1128.93,435.4,130620.0,94267.21,36352.79
Middle East and North Africa,United Arab Emirates,Cumin Seeds,Gujarat,Online,C,5/4/2020,686858791,5/11/2020,300,74.74,4.13,2.86,308.68,213.76,1239.0,858.0,381.0,92604.0,64128.0,28476.0
Europe,Sweden,Saffron,Jammu and Kashmir,Offline,H,9/2/2022,744665332,9/7/2022,4,78.22,2092.5,1893.92,163675.35,148142.42,8370.0,7575.68,794.32,654701.4,592569.68,62131.72
Asia,Japan,Coriander Seeds,Rajasthan,Online,L,2/7/2022,353452143,3/19/2022,6421,78.73,1.85,1.24,145.65,97.63,11878.85,7962.04,3916.81,935218.65,626882.23,308336.42
Middle East and North Africa,Jordan,Cardamom,Kerala,Offline,M,12/17/2023,563071454,1/8/2024,444,83.58,24.59,18.84,2055.23,1574.65,10917.96,8364.96,2553.0,912522.12,699144.6,213377.52
Australia and Oceania,Australia,Cinnamon,Kerala,Online,M,10/10/2025,356001411,11/1/2025,884,87.51,6.23,4.59,545.19,401.67,5507.32,4057.56,1449.76,481947.96,355076.28,126871.68
Middle East and North Africa,United Arab Emirates,Dry Ginger,Meghalaya,Online,L,8/24/2020,693504547,9/11/2020,479,75.0,3.66,2.99,274.5,224.25,1753.14,1432.21,320.93,131485.5,107415.75,24069.75
Europe,Netherlands,Cinnamon,Kerala,Offline,M,3/11/2020,108183666,4/3/2020,899,74.04,5.76,3.69,426.47,273.21,5178.24,3317.31,1860.93,383396.53,245615.79,137780.74
Sub-Saharan Africa,South Africa,Black Pepper,Karnataka,Online,M,1/3/2019,309052824,1/21/2019,270,69.44,7.35,5.78,510.38,401.36,1984.5,1560.6,423.9,137802.6,108367.2,29435.4
Europe,Netherlands,Nutmeg,Kerala,Offline,H,6/25/2022,504019821,7/1/2022,1802,78.5,11.81,9.0,927.09,706.5,21281.62,16218.0,5063.62,1670616.18,1273113.0,397503.18
Asia,Japan,Fenugreek Seeds,Gujarat,Offline,L,11/11/2022,359514790,12/1/2022,1930,78.96,2.72,1.68,214.77,132.65,5249.6,3242.4,2007.2,414506.1,256014.5,158491.6
Europe,Germany,Turmeric,Telangana,Offline,C,10/12/2024,832575447,10/14/2024,2146,84.57,2.51,1.6,212.27,135.31,5386.46,3433.6,1952.86,455531.42,290375.26,165156.16
Asia,India,Black Pepper,Tamil Nadu,Offline,M,3/13/2024,647972743,4/5/2024,270,82.41,8.97,6.4,739.22,527.42,2421.9,1728.0,693.9,199589.4,142403.4,57186.0
Europe,Sweden,Cinnamon,Kerala,Offline,H,9/24/2020,374191088,10/5/2020,1225,75.39,5.38,3.98,405.6,300.05,6590.5,4875.5,1715.0,496860.0,367561.25,129298.75
Asia,Malaysia,Nutmeg,Kerala,Offline,M,4/10/2023,183053492,4/20/2023,138,82.44,13.0,9.56,1071.72,788.13,1794.0,1319.28,474.72,147897.36,108761.94,39135.42
Australia and Oceania,Australia,Red Chilli,Madhya Pradesh,Offline,M,1/28/2024,233496776,2/3/2024,1808,83.03,3.84,2.11,318.84,175.19,6942.72,3814.88,3127.84,576462.72,316743.52,259719.2
North America,Mexico,Coriander Seeds,Rajasthan,Offline,M,11/29/2025,614042351,12/16/2025,835,88.41,1.96,1.19,173.28,105.21,1636.6,993.65,642.95,144688.8,87850.35,56838.45
Europe,Netherlands,Dry Ginger,Kerala,Offline,L,3/1/2024,973253728,3/13/2024,5090,82.4,4.1,2.81,337.84,231.54,20869.0,14302.9,6566.1,1719605.6,1178538.6,541067.0
Sub-Saharan Africa,Kenya,Cloves,Tamil Nadu,Offline,L,8/26/2025,214632468,10/2/2025,1848,87.59,9.74,10.43,853.13,913.56,17999.52,19274.64,-1275.12,1576584.24,1688258.88,-111674.64
Middle East and North Africa,Saudi Arabia,Black Pepper,Karnataka,Online,M,8/29/2022,887508369,9/9/2022,1274,78.39,7.76,5.68,608.31,445.26,9886.24,7236.32,2649.92,774986.94,567261.24,207725.7
North America,United States,Cinnamon,Kerala,Online,M,8/16/2022,797021894,8/22/2022,724,79.64,5.78,4.28,460.32,340.86,4184.72,3098.72,1086.0,333271.68,246782.64,86489.04
Sub-Saharan Africa,South Africa,Cardamom,Kerala,Offline,M,5/13/2021,513419944,5/22/2021,118,73.15,24.32,18.9,1779.01,1382.54,2869.76,2230.2,639.56,209923.18,163139.72,46783.46
Sub-Saharan Africa,Nigeria,Cumin Seeds,Rajasthan,Offline,L,3/20/2024,697977547,4/2/2024,544,82.7,4.3,2.8,355.61,231.56,2339.2,1523.2,816.0,193451.84,125968.64,67483.2
Australia and Oceania,Australia,Red Chilli,Andhra Pradesh,Online,H,9/1/2023,387407623,9/13/2023,786,81.97,3.49,2.14,286.08,175.42,2743.14,1682.04,1061.1,224858.88,137880.12,86978.76
Europe,Netherlands,Dry Ginger,Karnataka,Offline,M,10/25/2022,368472490,11/9/2022,3057,78.99,3.52,2.25,278.04,177.73,10760.64,6878.25,3882.39,849968.28,543320.61,306647.67
Asia,Japan,Red Chilli,Telangana,Online,H,5/26/2019,337791967,5/31/2019,500,70.55,2.71,1.75,191.19,123.46,1355.0,875.0,480.0,95595.0,61730.0,33865.0
Asia,Malaysia,Garam Masala,Gujarat,Online,M,10/26/2023,417882331,11/3/2023,278,83.67,7.14,4.15,597.4,347.23,1984.92,1153.7,831.22,166077.2,96529.94,69547.26
Europe,Russia,Cloves,Tamil Nadu,Offline,C,11/18/2022,176142757,11/21/2022,585,77.97,11.26,10.32,877.94,804.65,6587.1,6037.2,549.9,513594.9,470720.25,42874.65
Asia,Vietnam,Red Chilli,Maharashtra,Online,L,1/13/2019,774968566,2/11/2019,500,69.6,2.97,1.93,206.71,134.33,1485.0,965.0,520.0,103355.0,67165.0,36190.0
Asia,Malaysia,Saffron,Jammu and Kashmir,Offline,L,8/17/2024,273852977,9/12/2024,21,82.93,2384.63,2099.13,197757.37,174080.85,50077.23,44081.73,5995.5,4152904.77,3655697.85,497206.92
Sub-Saharan Africa,Ghana,Coriander Seeds,Rajasthan,Offline,H,11/12/2022,300296936,11/20/2022,1979,80.14,1.65,1.02,132.23,81.74,3265.35,2018.58,1246.77,261683.17,161763.46,99919.71
Asia,Vietnam,Black Pepper,Kerala,Online,H,11/6/2023,870202231,11/10/2023,839,83.23,7.93,6.45,660.01,536.83,6653.27,5411.55,1241.72,553748.39,450400.37,103348.02
Europe,Germany,Coriander Seeds,Rajasthan,Offline,H,11/20/2022,703910178,11/29/2022,786,79.49,1.78,1.15,141.49,91.41,1399.08,903.9,495.18,111211.14,71848.26,39362.88
Europe,Spain,Black Pepper,Karnataka,Online,H,2/12/2025,532048342,2/18/2025,200,86.87,9.68,7.51,840.9,652.39,1936.0,1502.0,434.0,168180.0,130478.0,37702.0
Asia,Pakistan,Fenugreek Seeds,Rajasthan,Online,L,2/13/2024,719915234,3/3/2024,845,83.73,2.84,1.84,237.79,154.06,2399.8,1554.8,845.0,200932.55,130180.7,70751.85
Middle East and North Africa,United Arab Emirates,Turmeric,Tamil Nadu,Offline,L,2/1/2019,195151859,2/25/2019,1735,70.14,2.04,1.25,143.09,87.67,3539.4,2168.75,1370.65,248261.15,152107.45,96153.7
Europe,Germany,Mustard Seeds,Rajasthan,Online,H,8/16/2024,163949418,8/23/2024,800,83.63,1.56,1.02,130.46,85.3,1248.0,816.0,432.0,104368.0,68240.0,36128.0
Europe,United Kingdom,Black Pepper,Kerala,Online,M,10/27/2020,931482118,11/7/2020,416,75.03,8.11,5.83,608.49,437.42,3373.76,2425.28,948.48,253131.84,181966.72,71165.12
Middle East and North Africa,Saudi Arabia,Red Chilli,Karnataka,Online,M,11/7/2020,817783913,11/17/2020,500,74.2,3.05,1.93,226.31,143.21,1525.0,965.0,560.0,113155.0,71605.0,41550.0
Middle East and North Africa,Morocco,Cloves,Tamil Nadu,Online,L,2/24/2021,674746065,3/28/2021,100,74.41,9.8,7.85,729.22,584.12,980.0,785.0,195.0,72922.0,58412.0,14510.0
North America,Canada,Cinnamon,Kerala,Online,L,3/9/2019,602467656,3/19/2019,480,69.59,5.67,4.2,394.58,292.28,2721.6,2016.0,705.6,189398.4,140294.4,49104.0
Middle East and North Africa,Qatar,Red Chilli,Telangana,Online,L,9/22/2020,380709503,10/23/2020,2843,74.84,2.93,1.92,219.28,143.69,8329.99,5458.56,2871.43,623413.04,408510.67,214902.37
Middle East and North Africa,Egypt,Garam Masala,Gujarat,Offline,H,12/28/2021,168429814,1/7/2022,442,73.7,7.12,3.82,524.74,281.53,3147.04,1688.44,1458.6,231935.08,124436.26,107498.82
Europe,Sweden,Nutmeg,Kerala,Offline,M,8/8/2019,519236470,8/20/2019,625,70.72,11.72,8.21,828.84,580.61,7325.0,5131.25,2193.75,518025.0,362881.25,155143.75
Europe,Italy,Cinnamon,Kerala,Offline,C,12/12/2025,180189512,12/18/2025,498,86.8,6.69,4.46,580.69,387.13,3331.62,2221.08,1110.54,289183.62,192790.74,96392.88
Middle East and North Africa,Turkey,Cardamom,Kerala,Online,H,2/18/2025,240535654,2/27/2025,50,86.81,29.06,25.44,2522.7,2208.45,1453.0,1272.0,181.0,126135.0,110422.5,15712.5
Europe,United Kingdom,Cumin Seeds,Gujarat,Online,L,12/9/2023,581896701,12/20/2023,300,83.43,4.76,3.47,397.13,289.5,1428.0,1041.0,387.0,119139.0,86850.0,32289.0
North America,Mexico,Cumin Seeds,Gujarat,Online,H,4/5/2019,518816544,4/11/2019,2087,70.87,4.74,3.11,335.92,220.41,9892.38,6490.57,3401.81,701065.04,459995.67,241069.37
Australia and Oceania,Australia,Black Pepper,Kerala,Online,H,3/3/2019,746960828,3/15/2019,726,69.2,8.01,6.28,554.29,434.58,5815.26,4559.28,1255.98,402414.54,315505.08,86909.46
Asia,South Korea,Mustard Seeds,Rajasthan,Offline,L,1/30/2020,648668467,2/19/2020,3912,73.78,1.38,0.87,101.82,64.19,5398.56,3403.44,1995.12,398319.84,251111.28,147208.56
Sub-Saharan Africa,South Africa,Cumin Seeds,Gujarat,Online,C,8/3/2020,231101867,8/4/2020,324,74.63,3.66,2.31,273.15,172.4,1185.84,748.44,437.4,88500.6,55857.6,32643.0
North America,United States,Turmeric,Maharashtra,Online,L,10/29/2024,331474927,12/3/2024,2412,83.4,2.73,1.91,227.68,159.29,6584.76,4606.92,1977.84,549164.16,384207.48,164956.68
Asia,Bangladesh,Cardamom,Kerala,Offline,M,5/9/2024,660706716,6/2/2024,1365,83.46,25.23,19.41,2105.7,1619.96,34438.95,26494.65,7944.3,2874280.5,2211245.4,663035.1
Europe,Poland,Black Pepper,Tamil Nadu,Offline,L,5/26/2024,757260181,6/24/2024,1944,83.02,8.68,6.17,720.61,512.23,16873.92,11994.48,4879.44,1400865.84,995775.12,405090.72
North America,Mexico,Garam Masala,Kerala,Offline,C,2/3/2022,577658533,2/5/2022,100,78.45,7.09,3.94,556.21,309.09,709.0,394.0,315.0,55621.0,30909.0,24712.0
Asia,Bangladesh,Coriander Seeds,Madhya Pradesh,Offline,H,11/27/2023,847922048,12/4/2023,520,82.95,1.82,1.06,150.97,87.93,946.4,551.2,395.2,78504.4,45723.6,32780.8
Australia and Oceania,Australia,Turmeric,Andhra Pradesh,Offline,L,6/9/2021,287024414,7/10/2021,3168,73.2,2.32,1.59,169.82,116.39,7349.76,5037.12,2312.64,537989.76,368723.52,169266.24
Asia,Nepal,Cumin Seeds,Gujarat,Online,H,8/28/2022,494330508,9/1/2022,417,78.04,3.84,2.82,299.67,220.07,1601.28,1175.94,425.34,124962.39,91769.19,33193.2
Europe,United Kingdom,Cumin Seeds,Gujarat,Online,M,8/21/2023,811016590,9/13/2023,300,83.29,4.76,3.75,396.46,312.34,1428.0,1125.0,303.0,118938.0,93702.0,25236.0
Europe,United Kingdom,Dry Ginger,Kerala,Offline,H,11/17/2023,330471064,11/25/2023,5916,83.28,4.42,3.14,368.1,261.5,26148.72,18576.24,7572.48,2177679.6,1547034.0,630645.6
Asia,Bangladesh,Red Chilli,Telangana,Online,L,6/18/2024,355180839,7/24/2024,2021,83.39,3.34,2.08,278.52,173.45,6750.14,4203.68,2546.46,562888.92,350542.45,212346.47
North America,United States,Cloves,Kerala,Offline,L,4/8/2022,198571754,5/3/2022,122,78.11,12.32,9.56,962.32,746.73,1503.04,1166.32,336.72,117403.04,91101.06,26301.98
Asia,Bangladesh,Cinnamon,Kerala,Online,L,7/31/2020,691838097,9/6/2020,206,74.81,4.64,3.41,347.12,255.1,955.84,702.46,253.38,71506.72,52550.6,18956.12
Europe,Sweden,Dry Ginger,Sikkim,Online,L,12/22/2021,258409547,1/16/2022,314,74.21,3.67,2.6,272.35,192.95,1152.38,816.4,335.98,85517.9,60586.3,24931.6
Asia,South Korea,Cinnamon,Kerala,Offline,L,5/28/2025,215077030,7/7/2025,933,86.6,6.48,3.92,561.17,339.47,6045.84,3657.36,2388.48,523571.61,316725.51,206846.1
North America,United States,Nutmeg,Tamil Nadu,Online,L,6/8/2019,956075425,6/20/2019,100,70.6,11.31,9.01,798.49,636.11,1131.0,901.0,230.0,79849.0,63611.0,16238.0
Sub-Saharan Africa,South Africa,Fenugreek Seeds,Rajasthan,Online,L,8/23/2020,964927457,9/3/2020,1438,74.15,2.52,1.81,186.86,134.21,3623.76,2602.78,1020.98,268704.68,192993.98,75710.7
Europe,Sweden,Cinnamon,Kerala,Online,L,4/12/2025,258122732,4/22/2025,443,86.68,6.65,4.94,576.42,428.2,2945.95,2188.42,757.53,255354.06,189692.6,65661.46
Asia,Singapore,Black Pepper,Karnataka,Online,L,4/15/2022,712714208,5/4/2022,263,78.77,7.95,6.09,626.22,479.71,2090.85,1601.67,489.18,164695.86,126163.73,38532.13
Asia,Malaysia,Black Pepper,Tamil Nadu,Online,L,10/12/2024,508395390,11/5/2024,456,84.14,9.28,6.47,780.82,544.39,4231.68,2950.32,1281.36,356053.92,248241.84,107812.08
Europe,Spain,Cardamom,Sikkim,Online,L,11/26/2023,179960247,12/11/2023,511,82.8,27.16,23.97,2248.85,1984.72,13878.76,12248.67,1630.09,1149162.35,1014191.92,134970.43
Middle East and North Africa,Iran,Dry Ginger,Odisha,Offline,L,4/21/2022,112825239,5/28/2022,427,78.03,3.43,2.43,267.64,189.61,1464.61,1037.61,427.0,114282.28,80963.47,33318.81
North America,United States,Cumin Seeds,Gujarat,Online,M,5/11/2020,586194262,5/18/2020,1554,74.34,4.34,3.22,322.64,239.37,6744.36,5003.88,1740.48,501382.56,371980.98,129401.58
Asia,Bangladesh,Coriander Seeds,Madhya Pradesh,Online,M,10/31/2022,461529919,11/11/2022,500,78.88,1.92,1.28,151.45,100.97,960.0,640.0,320.0,75725.0,50485.0,25240.0
Europe,Belgium,Turmeric,Karnataka,Offline,M,9/6/2022,829131155,9/13/2022,4953,79.31,2.3,1.44,182.41,114.21,11391.9,7132.32,4259.58,903476.73,565682.13,337794.6
Europe,United Kingdom,Black Pepper,Kerala,Online,C,12/13/2025,375437341,12/17/2025,935,87.84,9.78,7.57,859.08,664.95,9144.3,7077.95,2066.35,803239.8,621728.25,181511.55
Middle East and North Africa,Saudi Arabia,Fenugreek Seeds,Rajasthan,Online,M,5/26/2022,382300066,6/6/2022,3718,78.52,2.72,1.66,213.57,130.34,10112.96,6171.88,3941.08,794053.26,484604.12,309449.14
Europe,France,Cardamom,Kerala,Online,L,9/14/2023,981663262,9/27/2023,254,82.83,27.65,21.2,2290.25,1756.0,7023.1,5384.8,1638.3,581723.5,446024.0,135699.5
Europe,Italy,Red Chilli,Andhra Pradesh,Offline,C,5/21/2021,454858003,5/24/2021,989,73.69,3.29,2.2,242.44,162.12,3253.81,2175.8,1078.01,239773.16,160336.68,79436.48
North America,United States,Cumin Seeds,Rajasthan,Online,H,6/16/2021,811466420,6/27/2021,300,73.18,4.62,2.93,338.09,214.42,1386.0,879.0,507.0,101427.0,64326.0,37101.0
Middle East and North Africa,Oman,Coriander Seeds,Rajasthan,Offline,H,10/7/2024,746871982,10/11/2024,2626,83.61,1.83,1.16,153.01,96.99,4805.58,3046.16,1759.42,401804.26,254695.74,147108.52
North America,United States,Red Chilli,Andhra Pradesh,Online,H,12/2/2022,144025911,12/12/2022,500,79.51,3.63,2.37,288.62,188.44,1815.0,1185.0,630.0,144310.0,94220.0,50090.0
Europe,Netherlands,Cardamom,Sikkim,Online,L,12/2/2024,679647578,1/4/2025,50,83.73,26.16,22.21,2190.38,1859.64,1308.0,1110.5,197.5,109519.0,92982.0,16537.0
Middle East and North Africa,Morocco,Black Pepper,Kerala,Offline,M,8/6/2023,260857614,8/16/2023,2765,81.83,8.5,6.85,695.55,560.54,23502.5,18940.25,4562.25,1923195.75,1549893.1,373302.65
Asia,South Korea,Black Pepper,Kerala,Offline,L,8/24/2019,991631009,9/25/2019,2960,70.39,6.76,4.98,475.84,350.54,20009.6,14740.8,5268.8,1408486.4,1037598.4,370888.0
Europe,United Kingdom,Cloves,Kerala,Offline,L,2/12/2019,196107338,3/19/2019,1093,69.44,10.04,7.8,697.18,541.63,10973.72,8525.4,2448.32,762017.74,592001.59,170016.15
North America,Mexico,Coriander Seeds,Gujarat,Online,H,1/23/2024,908082330,2/2/2024,761,83.53,2.02,1.28,168.73,106.92,1537.22,974.08,563.14,128403.53,81366.12,47037.41
Asia,Malaysia,Turmeric,Andhra Pradesh,Online,L,2/22/2024,872790290,4/1/2024,4745,84.08,2.47,1.61,207.68,135.37,11720.15,7639.45,4080.7,985441.6,642330.65,343110.95
Asia,Singapore,Mustard Seeds,Rajasthan,Offline,L,9/10/2019,358833020,10/2/2019,10270,70.79,1.15,0.82,81.41,58.05,11810.5,8421.4,3389.1,836080.7,596173.5,239907.2
Asia,Singapore,Fennel Seeds,Gujarat,Online,M,8/11/2019,382814317,8/17/2019,300,69.74,2.62,1.75,182.72,122.04,786.0,525.0,261.0,54816.0,36612.0,18204.0
Asia,Indonesia,Garam Masala,Maharashtra,Offline,C,10/14/2021,896392086,10/16/2021,151,73.74,6.78,3.6,499.96,265.46,1023.78,543.6,480.18,75493.96,40084.46,35409.5
Middle East and North Africa,Jordan,Black Pepper,Kerala,Offline,L,9/16/2020,196685517,10/14/2020,713,74.16,7.53,5.88,558.42,436.06,5368.89,4192.44,1176.45,398153.46,310910.78,87242.68
Europe,Russia,Black Pepper,Tamil Nadu,Online,M,1/15/2022,817837654,1/26/2022,363,77.15,8.09,6.63,624.14,511.5,2936.67,2406.69,529.98,226562.82,185674.5,40888.32
North America,United States,Fenugreek Seeds,Rajasthan,Online,M,11/25/2022,412480390,12/4/2022,300,79.79,3.28,2.01,261.71,160.38,984.0,603.0,381.0,78513.0,48114.0,30399.0
Asia,Bangladesh,Saffron,Jammu and Kashmir,Offline,H,12/16/2023,658232744,12/20/2023,1,84.15,2351.66,2566.36,197892.19,215959.19,2351.66,2566.36,-214.7,197892.19,215959.19,-18067.0
North America,United States,Red Chilli,Andhra Pradesh,Offline,L,12/14/2021,212499602,1/1/2022,757,74.5,3.21,2.07,239.15,154.21,2429.97,1566.99,862.98,181036.55,116736.97,64299.58
Sub-Saharan Africa,Kenya,Red Chilli,Madhya Pradesh,Online,H,1/4/2024,957810707,1/7/2024,4031,83.04,3.32,2.16,275.69,179.37,13382.92,8706.96,4675.96,1111306.39,723040.47,388265.92
Europe,France,Turmeric,Telangana,Offline,L,10/29/2021,764364700,11/16/2021,5188,73.52,2.16,1.41,158.8,103.66,11206.08,7315.08,3891.0,823854.4,537788.08,286066.32
Asia,Vietnam,Red Chilli,Karnataka,Offline,L,2/24/2019,499436241,3/7/2019,3479,69.37,2.84,1.9,197.01,131.8,9880.36,6610.1,3270.26,685397.79,458532.2,226865.59
Asia,South Korea,Cloves,Kerala,Offline,M,8/31/2021,420133507,9/7/2021,2170,74.98,10.3,7.36,772.29,551.85,22351.0,15971.2,6379.8,1675869.3,1197514.5,478354.8
Sub-Saharan Africa,Kenya,Mustard Seeds,Madhya Pradesh,Offline,H,5/18/2021,642127356,5/24/2021,1075,74.26,1.22,1.01,90.6,75.0,1311.5,1085.75,225.75,97395.0,80625.0,16770.0
North America,Mexico,Mustard Seeds,Rajasthan,Online,H,8/10/2023,240135554,8/17/2023,800,83.41,1.44,0.92,120.11,76.74,1152.0,736.0,416.0,96088.0,61392.0,34696.0
Europe,Spain,Turmeric,Karnataka,Offline,L,10/5/2020,794383333,11/12/2020,3206,74.71,2.28,1.43,170.34,106.84,7309.68,4584.58,2725.1,546110.04,342529.04,203581.0
Asia,Indonesia,Turmeric,Tamil Nadu,Offline,L,2/27/2025,614945596,4/3/2025,635,86.27,2.71,1.94,233.79,167.36,1720.85,1231.9,488.95,148456.65,106273.6,42183.05
Middle East and North Africa,Morocco,Mustard Seeds,Rajasthan,Offline,H,11/3/2024,702029165,11/14/2024,6695,83.89,1.45,1.0,121.64,83.89,9707.75,6695.0,3012.75,814379.8,561643.55,252736.25
Asia,Malaysia,Cumin Seeds,Rajasthan,Online,M,2/17/2019,847954966,3/12/2019,1053,70.45,3.68,2.61,259.26,183.87,3875.04,2748.33,1126.71,273000.78,193615.11,79385.67
Middle East and North Africa,Saudi Arabia,Red Chilli,Telangana,Online,H,11/18/2022,635551763,11/22/2022,1113,79.06,3.34,2.08,264.06,164.44,3717.42,2315.04,1402.38,293898.78,183021.72,110877.06
Middle East and North Africa,Iran,Turmeric,Andhra Pradesh,Offline,L,1/12/2021,517210314,2/13/2021,1668,74.08,2.44,1.54,180.76,114.08,4069.92,2568.72,1501.2,301507.68,190285.44,111222.24
Middle East and North Africa,Egypt,Red Chilli,Andhra Pradesh,Online,M,10/7/2019,356094364,10/18/2019,1897,70.28,3.03,2.1,212.95,147.59,5747.91,3983.7,1764.21,403966.15,279978.23,123987.92
North America,United States,Dry Ginger,Kerala,Offline,L,10/14/2022,736910107,11/7/2022,350,78.9,3.7,2.57,291.93,202.77,1295.0,899.5,395.5,102175.5,70969.5,31206.0
Asia,Malaysia,Cardamom,Kerala,Online,H,1/31/2022,455816624,2/7/2022,59,77.71,25.77,22.62,2002.59,1757.8,1520.43,1334.58,185.85,118152.81,103710.2,14442.61
Middle East and North Africa,United Arab Emirates,Turmeric,Tamil Nadu,Offline,H,11/26/2019,246848677,11/29/2019,5247,70.05,2.17,1.44,152.01,100.87,11385.99,7555.68,3830.31,797596.47,529264.89,268331.58
Asia,South Korea,Coriander Seeds,Madhya Pradesh,Offline,L,2/18/2025,292760946,3/14/2025,2613,86.82,1.96,1.11,170.17,96.37,5121.48,2900.43,2221.05,444654.21,251814.81,192839.4
Europe,Germany,Turmeric,Tamil Nadu,Offline,M,4/28/2023,322133500,5/8/2023,551,83.61,2.7,1.77,225.75,147.99,1487.7,975.27,512.43,124388.25,81542.49,42845.76
Asia,Nepal,Cardamom,Kerala,Offline,L,10/5/2022,433701090,10/26/2022,1417,79.32,24.36,20.8,1932.24,1649.86,34518.12,29473.6,5044.52,2737984.08,2337851.62,400132.46
Asia,Nepal,Cumin Seeds,Rajasthan,Online,M,7/6/2024,583446653,7/30/2024,1415,83.43,4.01,2.74,334.55,228.6,5674.15,3877.1,1797.05,473388.25,323469.0,149919.25
North America,United States,Red Chilli,Karnataka,Offline,L,5/22/2024,765334715,6/19/2024,1305,83.7,3.42,2.31,286.25,193.35,4463.1,3014.55,1448.55,373556.25,252321.75,121234.5
Middle East and North Africa,Turkey,Dry Ginger,Odisha,Offline,M,10/22/2025,382611715,11/7/2025,678,88.5,3.8,3.29,336.3,291.17,2576.4,2230.62,345.78,228011.4,197413.26,30598.14
North America,United States,Mustard Seeds,Madhya Pradesh,Online,L,3/13/2024,270823659,4/9/2024,1072,83.03,1.51,1.03,125.38,85.52,1618.72,1104.16,514.56,134407.36,91677.44,42729.92
Central America and the Caribbean,Jamaica,Cardamom,Tamil Nadu,Online,M,12/9/2024,351006069,12/14/2024,50,84.67,25.13,21.83,2127.76,1848.35,1256.5,1091.5,165.0,106388.0,92417.5,13970.5
Asia,South Korea,Saffron,Jammu and Kashmir,Online,H,5/20/2020,328707967,5/27/2020,3,74.09,2110.17,1828.19,156342.5,135450.6,6330.51,5484.57,845.94,469027.5,406351.8,62675.7
Europe,Russia,Cinnamon,Kerala,Offline,M,8/6/2019,371997182,8/29/2019,738,70.66,4.66,3.06,329.28,216.22,3439.08,2258.28,1180.8,243008.64,159570.36,83438.28
Middle East and North Africa,Egypt,Coriander Seeds,Rajasthan,Online,C,8/28/2025,643960544,9/3/2025,745,86.61,1.95,1.41,168.89,122.12,1452.75,1050.45,402.3,125823.05,90979.4,34843.65
Middle East and North Africa,Turkey,Cardamom,Karnataka,Online,H,2/17/2020,684015983,2/22/2020,70,73.38,23.74,20.15,1742.04,1478.61,1661.8,1410.5,251.3,121942.8,103502.7,18440.1
Asia,South Korea,Cinnamon,Kerala,Online,M,3/6/2020,967771826,3/31/2020,200,74.15,4.4,3.23,326.26,239.5,880.0,646.0,234.0,65252.0,47900.0,17352.0
Asia,Sri Lanka,Fenugreek Seeds,Gujarat,Online,L,4/12/2022,591676679,4/27/2022,1684,77.53,2.79,1.94,216.31,150.41,4698.36,3266.96,1431.4,364266.04,253290.44,110975.6
Europe,Netherlands,Cumin Seeds,Gujarat,Offline,L,1/29/2025,698236019,2/13/2025,775,86.18,4.64,3.1,399.88,267.16,3596.0,2402.5,1193.5,309907.0,207049.0,102858.0
Asia,India,Fennel Seeds,Rajasthan,Online,C,5/10/2023,787519344,5/11/2023,354,82.29,2.63,1.75,216.42,144.01,931.02,619.5,311.52,76612.68,50979.54,25633.14
Europe,Spain,Red Chilli,Andhra Pradesh,Offline,M,11/21/2020,331556357,12/1/2020,1550,74.38,3.26,2.03,242.48,150.99,5053.0,3146.5,1906.5,375844.0,234034.5,141809.5
Asia,Pakistan,Turmeric,Tamil Nadu,Offline,L,4/1/2019,559739513,4/26/2019,6171,70.21,2.06,1.94,144.63,136.21,12712.26,11971.74,740.52,892511.73,840551.91,51959.82
Asia,Singapore,Dry Ginger,Meghalaya,Online,M,4/8/2024,399773986,4/28/2024,300,83.86,3.53,2.81,296.03,235.65,1059.0,843.0,216.0,88809.0,70695.0,18114.0
Middle East and North Africa,United Arab Emirates,Cardamom,Kerala,Offline,M,9/10/2022,938418076,9/22/2022,1341,79.88,22.59,18.52,1804.49,1479.38,30293.19,24835.32,5457.87,2419821.09,1983848.58,435972.51
Middle East and North Africa,Kuwait,Coriander Seeds,Madhya Pradesh,Offline,C,12/17/2025,460601215,12/21/2025,7100,88.02,1.63,0.97,143.47,85.38,11573.0,6887.0,4686.0,1018637.0,606198.0,412439.0
Central America and the Caribbean,Panama,Black Pepper,Kerala,Offline,M,8/3/2023,556296689,8/14/2023,4604,83.89,8.38,6.57,703.0,551.16,38581.52,30248.28,8333.24,3236612.0,2537540.64,699071.36
Asia,Vietnam,Cardamom,Kerala,Offline,M,6/18/2020,469017583,6/28/2020,965,73.76,25.29,19.47,1865.39,1436.11,24404.85,18788.55,5616.3,1800101.35,1385846.15,414255.2
Asia,Indonesia,Cinnamon,Tamil Nadu,Online,L,9/5/2022,412461350,10/14/2022,560,78.73,5.42,3.54,426.72,278.7,3035.2,1982.4,1052.8,238963.2,156072.0,82891.2
North America,Canada,Turmeric,Andhra Pradesh,Offline,M,12/2/2025,988326820,12/7/2025,4508,86.88,2.73,1.83,237.18,158.99,12306.84,8249.64,4057.2,1069207.44,716726.92,352480.52
Sub-Saharan Africa,Ethiopia,Red Chilli,Karnataka,Online,C,7/28/2020,972633536,7/29/2020,2408,73.87,3.16,2.26,233.43,166.95,7609.28,5442.08,2167.2,562099.44,402015.6,160083.84
Asia,Bangladesh,Red Chilli,Karnataka,Online,L,8/4/2023,610552030,9/12/2023,2393,83.22,3.28,2.12,272.96,176.43,7849.04,5073.16,2775.88,653193.28,422196.99,230996.29
Asia,Thailand,Red Chilli,Madhya Pradesh,Offline,L,6/25/2019,942125731,7/10/2019,1101,70.51,2.85,1.69,200.95,119.16,3137.85,1860.69,1277.16,221245.95,131195.16,90050.79
Asia,Sri Lanka,Coriander Seeds,Madhya Pradesh,Offline,H,4/9/2024,873495782,4/18/2024,777,83.08,1.96,1.22,162.84,101.36,1522.92,947.94,574.98,126526.68,78756.72,47769.96
Australia and Oceania,New Zealand,Turmeric,Telangana,Online,M,3/4/2020,548509609,3/12/2020,1655,73.72,2.28,1.43,168.08,105.42,3773.4,2366.65,1406.75,278172.4,174470.1,103702.3
Sub-Saharan Africa,Nigeria,Turmeric,Maharashtra,Online,C,5/24/2023,390255971,5/30/2023,1438,82.5,2.44,1.73,201.3,142.72,3508.72,2487.74,1020.98,289469.4,205231.36,84238.04
Asia,Bangladesh,Coriander Seeds,Rajasthan,Online,H,6/6/2022,408812685,6/11/2022,3889,78.13,1.76,1.09,137.51,85.16,6844.64,4239.01,2605.63,534776.39,331187.24,203589.15
Sub-Saharan Africa,Kenya,Mustard Seeds,Rajasthan,Offline,H,1/17/2025,101869218,1/27/2025,1129,85.84,1.36,0.88,116.74,75.54,1535.44,993.52,541.92,131799.46,85284.66,46514.8
North America,United States,Red Chilli,Madhya Pradesh,Online,L,7/6/2025,429161549,7/17/2025,941,87.06,3.95,2.58,343.89,224.61,3716.95,2427.78,1289.17,323600.49,211358.01,112242.48
North America,United States,Nutmeg,Tamil Nadu,Offline,L,8/12/2024,179150406,9/10/2024,346,83.44,12.74,8.72,1063.03,727.6,4408.04,3017.12,1390.92,367808.38,251749.6,116058.78
Asia,Malaysia,Fenugreek Seeds,Rajasthan,Offline,L,3/3/2024,696837126,3/28/2024,1947,83.48,2.77,1.73,231.24,144.42,5393.19,3368.31,2024.88,450224.28,281185.74,169038.54
Asia,Vietnam,Black Pepper,Karnataka,Online,L,4/9/2023,149781311,5/1/2023,724,82.2,7.44,5.47,611.57,449.63,5386.56,3960.28,1426.28,442776.68,325532.12,117244.56
Asia,Bangladesh,Coriander Seeds,Gujarat,Online,M,5/15/2025,861696287,6/8/2025,500,86.93,2.13,1.35,185.16,117.36,1065.0,675.0,390.0,92580.0,58680.0,33900.0
Asia,South Korea,Cumin Seeds,Gujarat,Online,L,7/24/2020,308528398,8/8/2020,625,74.06,3.58,2.5,265.13,185.15,2237.5,1562.5,675.0,165706.25,115718.75,49987.5
Asia,Indonesia,Turmeric,Maharashtra,Offline,M,11/9/2025,212049650,11/25/2025,610,87.72,2.69,1.8,235.97,157.9,1640.9,1098.0,542.9,143941.7,96319.0,47622.7
Central America and the Caribbean,Trinidad and Tobago,Garam Masala,Gujarat,Online,L,12/14/2022,117772011,1/9/2023,319,79.82,7.29,4.25,581.89,339.23,2325.51,1355.75,969.76,185622.91,108214.37,77408.54
Asia,Sri Lanka,Fennel Seeds,Rajasthan,Online,L,1/15/2021,343184436,2/8/2021,300,72.75,2.82,1.73,205.16,125.86,846.0,519.0,327.0,61548.0,37758.0,23790.0
North America,Canada,Black Pepper,Kerala,Online,H,1/12/2023,606630196,1/21/2023,203,82.46,9.17,7.91,756.16,652.26,1861.51,1605.73,255.78,153500.48,132408.78,21091.7
Asia,Malaysia,Saffron,Jammu and Kashmir,Offline,H,2/28/2025,748220027,3/5/2025,3,86.83,2297.38,1998.85,199481.51,173560.15,6892.14,5996.55,895.59,598444.53,520680.45,77764.08
North America,United States,Garam Masala,Gujarat,Offline,M,12/26/2023,119140199,1/10/2024,792,83.43,7.84,4.56,654.09,380.44,6209.28,3611.52,2597.76,518039.28,301308.48,216730.8
Asia,Pakistan,Black Pepper,Karnataka,Online,H,8/23/2024,387319703,9/1/2024,366,82.69,8.57,6.51,708.65,538.31,3136.62,2382.66,753.96,259365.9,197021.46,62344.44
Australia and Oceania,Australia,Turmeric,Karnataka,Offline,H,1/18/2022,702918593,1/25/2022,1415,78.14,2.41,1.48,188.32,115.65,3410.15,2094.2,1315.95,266472.8,163644.75,102828.05
Middle East and North Africa,Qatar,Coriander Seeds,Madhya Pradesh,Online,H,8/17/2025,552567312,8/21/2025,560,86.98,2.02,1.28,175.7,111.33,1131.2,716.8,414.4,98392.0,62344.8,36047.2
Middle East and North Africa,Saudi Arabia,Garam Masala,Kerala,Offline,M,9/19/2024,823155990,10/8/2024,893,83.91,7.63,4.34,640.23,364.17,6813.59,3875.62,2937.97,571725.39,325203.81,246521.58
Asia,India,Black Pepper,Karnataka,Online,H,6/10/2025,815300061,6/18/2025,252,87.5,9.77,7.69,854.88,672.88,2462.04,1937.88,524.16,215429.76,169565.76,45864.0
Europe,Poland,Black Pepper,Tamil Nadu,Offline,L,7/31/2019,951266745,9/2/2019,611,69.94,7.19,5.27,502.87,368.58,4393.09,3219.97,1173.12,307253.57,225202.38,82051.19
Sub-Saharan Africa,Kenya,Cardamom,Tamil Nadu,Offline,C,10/5/2022,943980741,10/6/2022,55,79.11,21.54,16.89,1704.03,1336.17,1184.7,928.95,255.75,93721.65,73489.35,20232.3
North America,Canada,Garam Masala,Gujarat,Offline,M,12/24/2025,382221575,1/7/2026,723,88.01,8.22,7.4,723.44,651.27,5943.06,5350.2,592.86,523047.12,470868.21,52178.91
Europe,Belgium,Red Chilli,Andhra Pradesh,Offline,L,6/16/2019,395724440,7/24/2019,2055,71.39,2.73,1.84,194.89,131.36,5610.15,3781.2,1828.95,400498.95,269944.8,130554.15
Asia,Singapore,Fennel Seeds,Gujarat,Offline,H,7/8/2025,838445350,7/15/2025,1205,87.42,3.33,2.04,291.11,178.34,4012.65,2458.2,1554.45,350787.55,214899.7,135887.85
Asia,Vietnam,Cumin Seeds,Gujarat,Online,C,11/16/2019,207668924,11/22/2019,300,70.57,4.18,2.72,294.98,191.95,1254.0,816.0,438.0,88494.0,57585.0,30909.0
Sub-Saharan Africa,Ghana,Cloves,Tamil Nadu,Online,L,8/28/2019,194545551,9/8/2019,1306,70.87,9.02,7.92,639.25,561.29,11780.12,10343.52,1436.6,834860.5,733044.74,101815.76
Europe,France,Coriander Seeds,Rajasthan,Offline,M,8/24/2020,836740286,9/2/2020,794,73.54,1.78,1.05,130.9,77.22,1413.32,833.7,579.62,103934.6,61312.68,42621.92
Sub-Saharan Africa,South Africa,Turmeric,Tamil Nadu,Offline,H,5/29/2021,579976467,6/10/2021,768,74.13,2.06,1.35,152.71,100.08,1582.08,1036.8,545.28,117281.28,76861.44,40419.84
Europe,Netherlands,Red Chilli,Andhra Pradesh,Online,H,11/21/2025,965248369,11/29/2025,2360,87.38,3.83,2.45,334.67,214.08,9038.8,5782.0,3256.8,789821.2,505228.8,284592.4
Asia,Indonesia,Cinnamon,Kerala,Online,C,9/4/2025,730910040,9/9/2025,1737,87.57,5.86,4.09,513.16,358.16,10178.82,7104.33,3074.49,891358.92,622123.92,269235.0
Asia,Japan,Turmeric,Maharashtra,Online,L,5/20/2019,340466221,6/22/2019,595,70.52,2.26,1.5,159.38,105.78,1344.7,892.5,452.2,94831.1,62939.1,31892.0
Europe,Poland,Cardamom,Karnataka,Offline,C,1/5/2025,846531270,1/6/2025,130,85.71,27.21,29.5,2332.17,2528.44,3537.3,3835.0,-297.7,303182.1,328697.2,-25515.1
Middle East and North Africa,Jordan,Cloves,Tamil Nadu,Offline,L,4/1/2021,103729832,4/12/2021,631,73.74,9.93,7.18,732.24,529.45,6265.83,4530.58,1735.25,462043.44,334082.95,127960.49
Middle East and North Africa,Jordan,Garam Masala,Gujarat,Offline,M,2/11/2020,215724584,2/24/2020,661,74.06,6.09,3.54,451.03,262.17,4025.49,2339.94,1685.55,298130.83,173294.37,124836.46
Asia,Malaysia,Cumin Seeds,Gujarat,Offline,L,6/1/2025,735132317,6/16/2025,865,86.07,4.38,2.89,376.99,248.74,3788.7,2499.85,1288.85,326096.35,215160.1,110936.25
Asia,Malaysia,Coriander Seeds,Rajasthan,Online,L,2/9/2025,174062124,2/23/2025,2078,86.07,1.8,1.1,154.93,94.68,3740.4,2285.8,1454.6,321944.54,196745.04,125199.5
Asia,Indonesia,Black Pepper,Karnataka,Offline,L,8/31/2023,542334998,9/10/2023,870,83.33,7.46,5.35,621.64,445.82,6490.2,4654.5,1835.7,540826.8,387863.4,152963.4
Asia,Japan,Mustard Seeds,Rajasthan,Offline,M,10/19/2019,231673189,11/6/2019,3254,70.72,1.24,0.83,87.69,58.7,4034.96,2700.82,1334.14,285343.26,191009.8,94333.46
Asia,South Korea,Red Chilli,Telangana,Offline,L,7/6/2024,957077693,8/14/2024,1430,84.37,2.99,1.95,252.27,164.52,4275.7,2788.5,1487.2,360746.1,235263.6,125482.5
Europe,Belgium,Black Pepper,Kerala,Online,H,4/13/2025,686299243,4/21/2025,779,85.85,9.93,7.59,852.49,651.6,7735.47,5912.61,1822.86,664089.71,507596.4,156493.31
Europe,Spain,Garam Masala,Maharashtra,Offline,H,2/27/2025,474656293,3/8/2025,1825,86.61,8.15,4.9,705.87,424.39,14873.75,8942.5,5931.25,1288212.75,774511.75,513701.0
Middle East and North Africa,United Arab Emirates,Turmeric,Maharashtra,Offline,M,10/20/2023,118120248,11/5/2023,947,82.44,2.43,1.63,200.33,134.38,2301.21,1543.61,757.6,189712.51,127257.86,62454.65
Asia,South Korea,Fennel Seeds,Gujarat,Offline,H,7/21/2021,457757939,7/27/2021,2938,72.6,2.85,1.73,206.91,125.6,8373.3,5082.74,3290.56,607901.58,369012.8,238888.78
Central America and the Caribbean,Jamaica,Cloves,Kerala,Offline,H,4/1/2023,565980870,4/8/2023,342,83.04,11.81,9.12,980.7,757.32,4039.02,3119.04,919.98,335399.4,259003.44,76395.96
North America,United States,Turmeric,Maharashtra,Online,M,2/24/2024,303699750,3/16/2024,4736,83.17,2.94,2.1,244.52,174.66,13923.84,9945.6,3978.24,1158046.72,827189.76,330856.96
Asia,Japan,Black Pepper,Karnataka,Online,L,8/10/2023,467923726,8/27/2023,2163,81.42,7.91,5.52,644.03,449.44,17109.33,11939.76,5169.57,1393036.89,972138.72,420898.17
Asia,Bangladesh,Cumin Seeds,Rajasthan,Offline,C,4/29/2022,361547792,5/5/2022,1108,78.01,3.9,2.65,304.24,206.73,4321.2,2936.2,1385.0,337097.92,229056.84,108041.08
Europe,Belgium,Coriander Seeds,Rajasthan,Online,M,1/14/2023,885818134,1/27/2023,500,81.71,2.34,1.56,191.2,127.47,1170.0,780.0,390.0,95600.0,63735.0,31865.0
Asia,Singapore,Cumin Seeds,Gujarat,Online,L,10/9/2025,427101903,10/23/2025,300,88.18,4.85,3.38,427.67,298.05,1455.0,1014.0,441.0,128301.0,89415.0,38886.0
Central America and the Caribbean,Guatemala,Turmeric,Maharashtra,Online,M,12/22/2020,978622031,12/30/2020,1510,74.7,2.24,1.58,167.33,118.03,3382.4,2385.8,996.6,252668.3,178225.3,74443.0
Asia,Vietnam,Cumin Seeds,Gujarat,Offline,L,10/26/2022,219227625,12/2/2022,917,78.92,4.1,2.92,323.57,230.45,3759.7,2677.64,1082.06,296713.69,211322.65,85391.04
North America,United States,Cumin Seeds,Rajasthan,Offline,M,10/26/2022,431246350,11/1/2022,4620,78.85,4.64,2.95,365.86,232.61,21436.8,13629.0,7807.8,1690273.2,1074658.2,615615.0
Europe,Russia,Red Chilli,Madhya Pradesh,Offline,M,10/11/2019,217371300,10/21/2019,2894,70.69,2.78,1.74,196.52,123.0,8045.32,5035.56,3009.76,568728.88,355962.0,212766.88
Central America and the Caribbean,Guatemala,Fenugreek Seeds,Madhya Pradesh,Offline,L,9/14/2025,310305308,10/14/2025,386,87.25,3.23,2.22,281.82,193.7,1246.78,856.92,389.86,108782.52,74768.2,34014.32
North America,Canada,Mustard Seeds,Rajasthan,Offline,L,12/11/2020,899545526,1/20/2021,2552,74.51,1.28,0.82,95.37,61.1,3266.56,2092.64,1173.92,243384.24,155927.2,87457.04
Asia,Bangladesh,Cardamom,Kerala,Offline,M,10/26/2021,145540728,11/6/2021,501,73.41,22.42,18.59,1645.85,1364.69,11232.42,9313.59,1918.83,824570.85,683709.69,140861.16
Asia,Bangladesh,Cinnamon,Kerala,Online,M,5/30/2023,273956672,6/7/2023,203,82.21,5.56,3.82,457.09,314.04,1128.68,775.46,353.22,92789.27,63750.12,29039.15
Middle East and North Africa,Morocco,Turmeric,Tamil Nadu,Online,M,6/23/2022,332274219,7/18/2022,1130,78.94,2.11,1.45,166.56,114.46,2384.3,1638.5,745.8,188212.8,129339.8,58873.0
Europe,Netherlands,Cinnamon,Kerala,Offline,H,2/25/2020,741653486,3/1/2020,607,73.47,4.5,3.05,330.62,224.08,2731.5,1851.35,880.15,200686.34,136016.56,64669.78
Asia,Pakistan,Cardamom,Kerala,Online,H,1/30/2024,693191245,2/11/2024,56,82.69,26.85,20.37,2220.23,1684.4,1503.6,1140.72,362.88,124332.88,94326.4,30006.48
Central America and the Caribbean,Panama,Cardamom,Kerala,Offline,C,12/1/2025,654671436,12/4/2025,135,88.02,26.35,19.9,2319.33,1751.6,3557.25,2686.5,870.75,313109.55,236466.0,76643.55
Europe,Germany,Cumin Seeds,Rajasthan,Online,L,10/1/2023,602610130,10/27/2023,300,83.55,4.91,3.39,410.23,283.23,1473.0,1017.0,456.0,123069.0,84969.0,38100.0
Middle East and North Africa,Turkey,Coriander Seeds,Rajasthan,Offline,L,1/1/2022,731014066,1/29/2022,1101,78.06,1.73,1.1,135.04,85.87,1904.73,1211.1,693.63,148679.04,94542.87,54136.17
Asia,Japan,Fennel Seeds,Gujarat,Online,M,9/14/2024,321887578,9/19/2024,1675,83.61,2.99,2.05,249.99,171.4,5008.25,3433.75,1574.5,418733.25,287095.0,131638.25
North America,United States,Cumin Seeds,Rajasthan,Offline,H,8/14/2025,930352505,8/17/2025,1396,86.37,4.59,3.14,396.44,271.2,6407.64,4383.44,2024.2,553430.24,378595.2,174835.04
Middle East and North Africa,Turkey,Red Chilli,Telangana,Offline,M,7/19/2020,109208711,7/31/2020,628,73.53,2.93,1.82,215.44,133.82,1840.04,1142.96,697.08,135296.32,84038.96,51257.36
Asia,Vietnam,Coriander Seeds,Madhya Pradesh,Online,L,6/3/2022,776460076,7/10/2022,3614,78.22,1.85,1.22,144.71,95.43,6685.9,4409.08,2276.82,522981.94,344884.02,178097.92
Europe,Spain,Nutmeg,Kerala,Online,M,12/27/2024,828822347,1/5/2025,167,84.16,14.36,11.09,1208.54,933.33,2398.12,1852.03,546.09,201826.18,155866.11,45960.07
Asia,Vietnam,Fennel Seeds,Gujarat,Offline,L,5/9/2019,915879017,6/9/2019,1296,70.42,2.46,1.57,173.23,110.56,3188.16,2034.72,1153.44,224506.08,143285.76,81220.32
Middle East and North Africa,Morocco,Mustard Seeds,Madhya Pradesh,Offline,L,4/4/2022,836483707,4/14/2022,10871,78.0,1.26,0.83,98.28,64.74,13697.46,9022.93,4674.53,1068401.88,703788.54,364613.34
Europe,United Kingdom,Nutmeg,Kerala,Offline,H,10/23/2021,790520904,11/3/2021,583,73.98,13.1,10.06,969.14,744.24,7637.3,5864.98,1772.32,565008.62,433891.92,131116.7
Middle East and North Africa,Saudi Arabia,Turmeric,Odisha,Offline,C,5/24/2025,344957747,5/27/2025,1525,86.84,2.5,1.77,217.1,153.71,3812.5,2699.25,1113.25,331077.5,234407.75,96669.75
Europe,Netherlands,Garam Masala,Kerala,Offline,H,4/27/2023,770683837,4/30/2023,438,81.8,8.63,5.75,705.93,470.35,3779.94,2518.5,1261.44,309197.34,206013.3,103184.04
Sub-Saharan Africa,Kenya,Black Pepper,Kerala,Offline,M,11/10/2019,153139499,11/22/2019,285,70.13,7.38,5.75,517.56,403.25,2103.3,1638.75,464.55,147504.6,114926.25,32578.35
Middle East and North Africa,Turkey,Coriander Seeds,Rajasthan,Offline,M,8/24/2020,113373278,9/12/2020,7567,73.98,1.63,0.97,120.59,71.76,12334.21,7339.99,4994.22,912504.53,543007.92,369496.61
Europe,France,Garam Masala,Kerala,Offline,M,4/28/2022,164267773,5/18/2022,260,78.05,8.12,4.85,633.77,378.54,2111.2,1261.0,850.2,164780.2,98420.4,66359.8
Asia,Vietnam,Nutmeg,Kerala,Offline,M,8/17/2022,855879195,8/29/2022,143,79.0,12.63,9.48,997.77,748.92,1806.09,1355.64,450.45,142681.11,107095.56,35585.55
Middle East and North Africa,Morocco,Coriander Seeds,Madhya Pradesh,Online,C,10/31/2021,816693756,11/1/2021,787,74.12,1.81,1.16,134.16,85.98,1424.47,912.92,511.55,105583.92,67666.26,37917.66
Asia,India,Cinnamon,Kerala,Offline,C,12/7/2025,312705772,12/8/2025,948,87.71,5.8,4.05,508.72,355.23,5498.4,3839.4,1659.0,482266.56,336758.04,145508.52
North America,United States,Fennel Seeds,Rajasthan,Online,C,3/23/2024,694694287,3/27/2024,300,82.79,3.22,2.05,266.58,169.72,966.0,615.0,351.0,79974.0,50916.0,29058.0
North America,Canada,Garam Masala,Maharashtra,Offline,M,2/14/2025,516625784,2/23/2025,1058,85.92,9.57,5.77,822.25,495.76,10125.06,6104.66,4020.4,869940.5,524514.08,345426.42
Asia,Bangladesh,Black Pepper,Tamil Nadu,Offline,H,2/15/2025,891735327,2/24/2025,1185,86.29,9.31,6.69,803.36,577.28,11032.35,7927.65,3104.7,951981.6,684076.8,267904.8
Europe,Sweden,Garam Masala,Gujarat,Online,M,6/17/2020,982681767,6/25/2020,323,74.28,8.67,5.2,644.01,386.26,2800.41,1679.6,1120.81,208015.23,124761.98,83253.25
North America,United States,Mustard Seeds,Rajasthan,Online,H,5/24/2024,919089003,6/2/2024,1805,83.32,1.57,1.14,130.81,94.98,2833.85,2057.7,776.15,236112.05,171438.9,64673.15
Asia,Malaysia,Black Pepper,Karnataka,Offline,L,11/30/2019,972770810,1/9/2020,4503,71.14,7.1,5.41,505.09,384.87,31971.3,24361.23,7610.07,2274420.27,1733069.61,541350.66
North America,United States,Cumin Seeds,Gujarat,Offline,L,7/12/2022,758091482,7/23/2022,2893,78.54,4.18,2.84,328.3,223.05,12092.74,8216.12,3876.62,949771.9,645283.65,304488.25
Asia,Sri Lanka,Garam Masala,Gujarat,Online,M,11/13/2021,462941350,12/7/2021,133,75.48,7.07,4.5,533.64,339.66,940.31,598.5,341.81,70974.12,45174.78,25799.34
Middle East and North Africa,Morocco,Garam Masala,Kerala,Offline,H,11/1/2024,393310285,11/7/2024,232,84.19,7.46,4.63,628.06,389.8,1730.72,1074.16,656.56,145709.92,90433.6,55276.32
Asia,Singapore,Red Chilli,Telangana,Offline,M,6/22/2023,533027605,6/27/2023,823,82.85,2.91,2.0,241.09,165.7,2394.93,1646.0,748.93,198417.07,136371.1,62045.97
Asia,Bangladesh,Red Chilli,Karnataka,Offline,H,12/4/2024,990762549,12/9/2024,1483,84.77,3.09,1.92,261.94,162.76,4582.47,2847.36,1735.11,388457.02,241373.08,147083.94
Sub-Saharan Africa,Nigeria,Red Chilli,Andhra Pradesh,Online,H,12/13/2023,379713710,12/19/2023,1785,83.28,3.39,2.34,282.32,194.88,6051.15,4176.9,1874.25,503941.2,347860.8,156080.4
Europe,Belgium,Mustard Seeds,Rajasthan,Offline,M,2/23/2021,300741834,3/16/2021,3102,73.18,1.32,0.92,96.6,67.33,4094.64,2853.84,1240.8,299653.2,208857.66,90795.54
Europe,United Kingdom,Garam Masala,Gujarat,Offline,M,2/5/2019,696862557,2/12/2019,203,68.99,6.86,3.87,473.27,266.99,1392.58,785.61,606.97,96073.81,54198.97,41874.84
Middle East and North Africa,Saudi Arabia,Fennel Seeds,Gujarat,Online,M,5/22/2022,411255878,6/12/2022,1432,79.35,3.22,2.11,255.51,167.43,4611.04,3021.52,1589.52,365890.32,239759.76,126130.56
Middle East and North Africa,Saudi Arabia,Garam Masala,Kerala,Offline,M,9/5/2025,106295065,9/22/2025,122,87.57,8.72,5.29,763.61,463.25,1063.84,645.38,418.46,93160.42,56516.5,36643.92
Central America and the Caribbean,Jamaica,Black Pepper,Karnataka,Online,M,11/4/2020,491781839,11/25/2020,1277,73.53,8.33,6.41,612.5,471.33,10637.41,8185.57,2451.84,782162.5,601888.41,180274.09
Asia,South Korea,Coriander Seeds,Madhya Pradesh,Online,M,3/19/2025,630017884,4/3/2025,989,87.38,2.01,1.41,175.63,123.21,1987.89,1394.49,593.4,173698.07,121854.69,51843.38
Australia and Oceania,Australia,Red Chilli,Andhra Pradesh,Offline,L,3/26/2019,536968307,4/17/2019,6913,69.6,3.39,2.01,235.94,139.9,23435.07,13895.13,9539.94,1631053.22,967128.7,663924.52
Europe,United Kingdom,Turmeric,Karnataka,Offline,M,7/4/2023,934072683,7/24/2023,1412,82.22,2.55,1.58,209.66,129.91,3600.6,2230.96,1369.64,296039.92,183432.92,112607.0
North America,United States,Cardamom,Sikkim,Offline,M,12/1/2020,961287858,12/15/2020,402,74.59,20.6,17.57,1536.55,1310.55,8281.2,7063.14,1218.06,617693.1,526841.1,90852.0
North America,Canada,Turmeric,Telangana,Online,L,12/8/2020,485655458,12/21/2020,1315,74.22,2.36,1.56,175.16,115.78,3103.4,2051.4,1052.0,230335.4,152250.7,78084.7
Asia,Malaysia,Coriander Seeds,Rajasthan,Online,M,1/17/2023,678947527,2/3/2023,2895,82.42,1.71,1.13,140.94,93.13,4950.45,3271.35,1679.1,408021.3,269611.35,138409.95
Middle East and North Africa,Saudi Arabia,Turmeric,Maharashtra,Offline,C,1/8/2025,876237099,1/12/2025,5823,85.77,2.54,1.52,217.86,130.37,14790.42,8850.96,5939.46,1268598.78,759144.51,509454.27
Europe,France,Nutmeg,Kerala,Online,M,8/18/2019,377202988,9/8/2019,709,69.95,13.31,13.23,931.03,925.44,9436.79,9380.07,56.72,660100.27,656136.96,3963.31
Sub-Saharan Africa,Nigeria,Cardamom,Karnataka,Offline,L,12/27/2019,931925620,1/11/2020,63,71.2,20.38,14.97,1451.06,1065.86,1283.94,943.11,340.83,91416.78,67149.18,24267.6
Middle East and North Africa,Turkey,Turmeric,Telangana,Online,L,12/16/2023,808953962,12/26/2023,3172,83.32,2.58,1.85,214.97,154.14,8183.76,5868.2,2315.56,681884.84,488932.08,192952.76
Middle East and North Africa,Saudi Arabia,Fenugreek Seeds,Madhya Pradesh,Offline,L,7/24/2021,649616185,8/7/2021,518,73.64,2.78,1.84,204.72,135.5,1440.04,953.12,486.92,106044.96,70189.0,35855.96
Asia,Bangladesh,Cumin Seeds,Gujarat,Offline,M,3/29/2025,329652621,4/13/2025,2009,86.13,4.28,2.73,368.64,235.13,8598.52,5484.57,3113.95,740597.76,472376.17,268221.59
Europe,Belgium,Coriander Seeds,Rajasthan,Offline,H,8/11/2024,119073237,8/23/2024,7651,83.22,1.76,1.04,146.47,86.55,13465.76,7957.04,5508.72,1120641.97,662194.05,458447.92
Asia,Indonesia,Red Chilli,Andhra Pradesh,Online,M,7/30/2020,447473792,8/13/2020,500,73.83,3.11,2.04,229.61,150.61,1555.0,1020.0,535.0,114805.0,75305.0,39500.0
Sub-Saharan Africa,Kenya,Cinnamon,Tamil Nadu,Offline,M,12/5/2023,479890735,12/20/2023,1162,83.15,5.52,3.67,458.99,305.16,6414.24,4264.54,2149.7,533346.38,354595.92,178750.46
Asia,Japan,Nutmeg,Tamil Nadu,Online,H,11/16/2019,733984697,11/25/2019,295,70.51,10.46,8.22,737.53,579.59,3085.7,2424.9,660.8,217571.35,170979.05,46592.3
Sub-Saharan Africa,Kenya,Garam Masala,Maharashtra,Offline,H,4/28/2024,936620761,5/4/2024,1027,83.18,8.37,5.55,696.22,461.65,8595.99,5699.85,2896.14,715017.94,474114.55,240903.39
Europe,Italy,Cloves,Tamil Nadu,Offline,H,3/12/2022,915504691,3/15/2022,136,78.69,11.43,9.49,899.43,746.77,1554.48,1290.64,263.84,122322.48,101560.72,20761.76
North America,United States,Garam Masala,Maharashtra,Offline,L,7/16/2020,386811069,8/9/2020,1934,74.14,6.93,4.24,513.79,314.35,13402.62,8200.16,5202.46,993669.86,607952.9,385716.96
Asia,South Korea,Coriander Seeds,Rajasthan,Online,H,9/1/2021,722299148,9/6/2021,6108,74.75,1.97,1.02,147.26,76.25,12032.76,6230.16,5802.6,899464.08,465735.0,433729.08
North America,Mexico,Black Pepper,Kerala,Offline,L,1/12/2024,394411445,2/1/2024,1322,82.92,8.05,5.92,667.51,490.89,10642.1,7826.24,2815.86,882448.22,648956.58,233491.64
Central America and the Caribbean,Jamaica,Cardamom,Kerala,Online,C,8/7/2022,302862708,8/11/2022,50,78.96,23.4,18.83,1847.66,1486.82,1170.0,941.5,228.5,92383.0,74341.0,18042.0
Asia,Japan,Dry Ginger,Kerala,Offline,M,2/18/2022,416812038,2/24/2022,397,78.66,3.74,2.64,294.19,207.66,1484.78,1048.08,436.7,116793.43,82441.02,34352.41
North America,United States,Mustard Seeds,Rajasthan,Offline,L,4/22/2024,929146091,5/3/2024,10300,82.24,1.48,0.93,121.72,76.48,15244.0,9579.0,5665.0,1253716.0,787744.0,465972.0
North America,United States,Cumin Seeds,Gujarat,Online,L,3/6/2025,521273563,4/1/2025,1429,87.4,5.41,3.84,472.83,335.62,7730.89,5487.36,2243.53,675674.07,479600.98,196073.09
Asia,Pakistan,Black Pepper,Kerala,Offline,L,8/14/2024,394632420,9/20/2024,1956,83.27,9.61,6.82,800.22,567.9,18797.16,13339.92,5457.24,1565230.32,1110812.4,454417.92
Middle East and North Africa,Saudi Arabia,Cumin Seeds,Rajasthan,Offline,M,8/26/2023,193312096,9/6/2023,810,82.91,4.38,3.0,363.15,248.73,3547.8,2430.0,1117.8,294151.5,201471.3,92680.2
Australia and Oceania,Australia,Turmeric,Odisha,Offline,C,10/16/2024,678627670,10/22/2024,896,85.16,2.7,1.9,229.93,161.8,2419.2,1702.4,716.8,206017.28,144972.8,61044.48
Middle East and North Africa,Saudi Arabia,Coriander Seeds,Madhya Pradesh,Offline,L,3/17/2021,285015391,4/23/2021,7112,74.21,1.81,1.2,134.32,89.05,12872.72,8534.4,4338.32,955283.84,633323.6,321960.24
Middle East and North Africa,United Arab Emirates,Turmeric,Andhra Pradesh,Online,H,8/9/2023,830289584,8/17/2023,2058,83.59,2.63,1.66,219.84,138.76,5412.54,3416.28,1996.26,452430.72,285568.08,166862.64
Central America and the Caribbean,Panama,Cloves,Tamil Nadu,Offline,H,12/30/2019,780892518,1/9/2020,102,70.92,9.77,6.9,692.89,489.35,996.54,703.8,292.74,70674.78,49913.7,20761.08
Middle East and North Africa,United Arab Emirates,Fennel Seeds,Gujarat,Online,M,5/23/2024,813885218,6/10/2024,1324,83.19,3.19,2.0,265.38,166.38,4223.56,2648.0,1575.56,351363.12,220287.12,131076.0
Asia,Sri Lanka,Cinnamon,Kerala,Online,M,10/25/2021,375229691,11/15/2021,1256,73.75,5.51,3.87,406.36,285.41,6920.56,4860.72,2059.84,510388.16,358474.96,151913.2
Asia,Singapore,Black Pepper,Kerala,Online,C,5/15/2019,751508535,5/17/2019,200,69.34,8.0,5.84,554.72,404.95,1600.0,1168.0,432.0,110944.0,80990.0,29954.0
North America,United States,Garam Masala,Kerala,Online,M,4/16/2024,828866406,5/4/2024,529,82.87,8.61,5.66,713.51,469.04,4554.69,2994.14,1560.55,377446.79,248122.16,129324.63
Europe,Russia,Red Chilli,Madhya Pradesh,Online,H,8/13/2020,265294348,8/23/2020,3224,73.37,3.32,2.26,243.59,165.82,10703.68,7286.24,3417.44,785334.16,534603.68,250730.48
North America,Canada,Fennel Seeds,Gujarat,Online,L,11/20/2020,300732296,12/5/2020,406,74.72,2.99,1.96,223.41,146.45,1213.94,795.76,418.18,90704.46,59458.7,31245.76
Asia,India,Turmeric,Andhra Pradesh,Offline,L,5/5/2022,899555882,5/30/2022,4023,78.33,2.56,1.67,200.52,130.81,10298.88,6718.41,3580.47,806691.96,526248.63,280443.33
Asia,India,Coriander Seeds,Gujarat,Online,H,12/24/2022,355973057,12/27/2022,500,79.52,1.74,1.03,138.36,81.91,870.0,515.0,355.0,69180.0,40955.0,28225.0
North America,United States,Cloves,Tamil Nadu,Offline,M,8/20/2019,419152630,9/10/2019,310,71.22,9.91,7.89,705.79,561.93,3072.1,2445.9,626.2,218794.9,174198.3,44596.6
Europe,Russia,Black Pepper,Karnataka,Offline,L,6/30/2024,222494296,7/11/2024,734,83.75,7.87,5.73,659.11,479.89,5776.58,4205.82,1570.76,483786.74,352239.26,131547.48
Europe,Spain,Dry Ginger,Karnataka,Offline,C,1/22/2021,862506309,1/27/2021,1589,74.86,3.38,2.25,253.03,168.44,5370.82,3575.25,1795.57,402064.67,267651.16,134413.51
Asia,Thailand,Red Chilli,Telangana,Offline,H,11/29/2019,122836112,12/11/2019,6108,71.2,2.74,1.81,195.09,128.87,16735.92,11055.48,5680.44,1191609.72,787137.96,404471.76
Europe,France,Red Chilli,Telangana,Online,L,10/23/2023,612965754,11/29/2023,500,83.45,3.37,2.11,281.23,176.08,1685.0,1055.0,630.0,140615.0,88040.0,52575.0
North America,United States,Coriander Seeds,Madhya Pradesh,Offline,M,10/13/2024,996000335,10/26/2024,742,84.53,1.97,1.88,166.52,158.92,1461.74,1394.96,66.78,123557.84,117918.64,5639.2
North America,Canada,Cloves,Tamil Nadu,Online,M,10/8/2025,677725830,10/29/2025,100,87.45,13.62,11.35,1191.07,992.56,1362.0,1135.0,227.0,119107.0,99256.0,19851.0
Europe,Sweden,Cumin Seeds,Gujarat,Offline,M,3/9/2022,873353095,3/17/2022,3596,78.58,4.33,2.98,340.25,234.17,15570.68,10716.08,4854.6,1223539.0,842075.32,381463.68
Europe,United Kingdom,Turmeric,Andhra Pradesh,Offline,M,10/15/2025,637804959,11/1/2025,3315,87.77,2.5,1.57,219.42,137.8,8287.5,5204.55,3082.95,727377.3,456807.0,270570.3
North America,Mexico,Cumin Seeds,Rajasthan,Offline,H,7/29/2022,288486261,8/5/2022,2359,78.68,4.67,2.91,367.44,228.96,11016.53,6864.69,4151.84,866790.96,540116.64,326674.32
Sub-Saharan Africa,Kenya,Turmeric,Odisha,Online,M,10/30/2022,386852471,11/12/2022,500,78.57,2.39,1.69,187.78,132.78,1195.0,845.0,350.0,93890.0,66390.0,27500.0
Middle East and North Africa,Oman,Garam Masala,Gujarat,Offline,H,11/3/2019,190882712,11/15/2019,799,71.2,6.7,4.04,477.04,287.65,5353.3,3227.96,2125.34,381154.96,229832.35,151322.61
Europe,Sweden,Turmeric,Telangana,Offline,C,1/25/2020,158753355,1/29/2020,4553,74.43,2.19,1.27,163.0,94.53,9971.07,5782.31,4188.76,742139.0,430395.09,311743.91
Central America and the Caribbean,Guatemala,Coriander Seeds,Gujarat,Online,H,6/1/2025,825496166,6/7/2025,2290,87.39,1.89,1.22,165.17,106.62,4328.1,2793.8,1534.3,378239.3,244159.8,134079.5
Asia,Japan,Red Chilli,Telangana,Offline,H,8/26/2020,675123626,9/4/2020,1497,74.1,2.76,1.61,204.52,119.3,4131.72,2410.17,1721.55,306166.44,178592.1,127574.34
Europe,Germany,Black Pepper,Kerala,Online,M,9/8/2019,834979662,9/18/2019,2825,70.39,8.68,6.91,610.99,486.39,24521.0,19520.75,5000.25,1726046.75,1374051.75,351995.0
Europe,Germany,Turmeric,Telangana,Offline,M,7/7/2022,308631311,7/19/2022,7583,79.37,2.34,1.52,185.73,120.64,17744.22,11526.16,6218.06,1408390.59,914813.12,493577.47
Europe,Spain,Cumin Seeds,Gujarat,Offline,L,11/14/2023,707065698,12/6/2023,710,83.15,4.51,3.01,375.01,250.28,3202.1,2137.1,1065.0,266257.1,177698.8,88558.3
Middle East and North Africa,Saudi Arabia,Cinnamon,Kerala,Offline,C,9/15/2024,189672609,9/18/2024,3746,83.35,5.68,4.25,473.43,354.24,21277.28,15920.5,5356.78,1773468.78,1326983.04,446485.74
Middle East and North Africa,United Arab Emirates,Cloves,Kerala,Offline,M,10/4/2024,259095272,10/27/2024,169,84.02,11.9,8.47,999.84,711.65,2011.1,1431.43,579.67,168972.96,120268.85,48704.11
Sub-Saharan Africa,Nigeria,Turmeric,Karnataka,Online,H,8/30/2022,414074697,9/10/2022,500,78.81,2.55,2.47,200.97,194.66,1275.0,1235.0,40.0,100485.0,97330.0,3155.0
Asia,Sri Lanka,Cloves,Tamil Nadu,Offline,M,10/15/2023,687056095,10/29/2023,1193,83.6,10.17,8.07,850.21,674.65,12132.81,9627.51,2505.3,1014300.53,804857.45,209443.08
Middle East and North Africa,Turkey,Cardamom,Kerala,Online,M,7/2/2019,494130805,7/11/2019,315,70.03,22.15,19.16,1551.16,1341.77,6977.25,6035.4,941.85,488615.4,422657.55,65957.85
Europe,Netherlands,Turmeric,Maharashtra,Online,H,2/7/2022,197929846,2/12/2022,1143,77.82,2.61,1.88,203.11,146.3,2983.23,2148.84,834.39,232154.73,167220.9,64933.83
Europe,Russia,Turmeric,Karnataka,Online,H,12/2/2023,290173139,12/11/2023,500,83.35,2.87,2.03,239.21,169.2,1435.0,1015.0,420.0,119605.0,84600.0,35005.0
Asia,Japan,Cumin Seeds,Rajasthan,Online,H,1/1/2023,605092349,1/5/2023,870,80.98,4.34,3.06,351.45,247.8,3775.8,2662.2,1113.6,305761.5,215586.0,90175.5
Asia,Singapore,Cloves,Tamil Nadu,Offline,M,3/25/2022,675957625,4/12/2022,2007,78.95,10.55,7.43,832.92,586.6,21173.85,14912.01,6261.84,1671670.44,1177306.2,494364.24
North America,United States,Fenugreek Seeds,Rajasthan,Online,M,1/13/2020,275371540,1/27/2020,300,72.41,2.43,1.61,175.96,116.58,729.0,483.0,246.0,52788.0,34974.0,17814.0
Europe,Russia,Cumin Seeds,Rajasthan,Online,H,7/31/2020,777458886,8/10/2020,833,73.94,4.31,3.11,318.68,229.95,3590.23,2590.63,999.6,265460.44,191548.35,73912.09
Middle East and North Africa,Iran,Cloves,Tamil Nadu,Offline,H,10/9/2023,248192128,10/15/2023,1009,83.8,10.15,7.85,850.57,657.83,10241.35,7920.65,2320.7,858225.13,663750.47,194474.66
Middle East and North Africa,Saudi Arabia,Nutmeg,Kerala,Online,H,10/24/2024,459544094,10/28/2024,450,84.16,12.75,13.59,1073.04,1143.73,5737.5,6115.5,-378.0,482868.0,514678.5,-31810.5
Middle East and North Africa,United Arab Emirates,Cumin Seeds,Gujarat,Offline,H,12/26/2023,796906452,1/6/2024,559,82.41,4.49,3.11,370.02,256.3,2509.91,1738.49,771.42,206841.18,143271.7,63569.48
Asia,Bangladesh,Cumin Seeds,Gujarat,Online,C,1/10/2024,659074790,1/12/2024,980,83.31,5.09,3.43,424.05,285.75,4988.2,3361.4,1626.8,415569.0,280035.0,135534.0
Asia,Sri Lanka,Coriander Seeds,Gujarat,Online,L,9/8/2021,457187430,10/13/2021,500,73.15,1.68,1.07,122.89,78.27,840.0,535.0,305.0,61445.0,39135.0,22310.0
Middle East and North Africa,Jordan,Garam Masala,Gujarat,Online,H,4/7/2025,554884231,4/14/2025,100,85.62,8.65,4.78,740.61,409.26,865.0,478.0,387.0,74061.0,40926.0,33135.0
Asia,Vietnam,Turmeric,Andhra Pradesh,Offline,L,10/25/2025,874193238,11/26/2025,559,86.99,2.64,1.72,229.65,149.62,1475.76,961.48,514.28,128374.35,83637.58,44736.77
Europe,Germany,Fennel Seeds,Gujarat,Online,M,11/2/2025,696361818,11/27/2025,540,87.54,3.62,2.4,316.89,210.1,1954.8,1296.0,658.8,171120.6,113454.0,57666.6
Europe,France,Coriander Seeds,Rajasthan,Online,L,7/1/2019,824572095,7/16/2019,500,69.36,1.84,1.22,127.62,84.62,920.0,610.0,310.0,63810.0,42310.0,21500.0
North America,Canada,Fennel Seeds,Gujarat,Offline,H,11/20/2023,498383989,11/27/2023,782,82.54,3.32,2.04,274.03,168.38,2596.24,1595.28,1000.96,214291.46,131673.16,82618.3
Asia,Japan,Cinnamon,Kerala,Offline,L,1/5/2025,315555649,1/20/2025,654,86.1,6.12,4.41,526.93,379.7,4002.48,2884.14,1118.34,344612.22,248323.8,96288.42
Asia,Singapore,Turmeric,Andhra Pradesh,Offline,H,11/15/2023,691410838,11/27/2023,5914,83.03,2.31,1.39,191.8,115.41,13661.34,8220.46,5440.88,1134305.2,682534.74,451770.46
Middle East and North Africa,United Arab Emirates,Coriander Seeds,Madhya Pradesh,Offline,H,11/18/2021,680088917,11/30/2021,807,74.67,1.66,1.0,123.95,74.67,1339.62,807.0,532.62,100027.65,60258.69,39768.96
Middle East and North Africa,Iran,Mustard Seeds,Rajasthan,Offline,L,8/21/2025,832818754,9/3/2025,1426,87.38,1.27,0.78,110.97,68.16,1811.02,1112.28,698.74,158243.22,97196.16,61047.06
Asia,Malaysia,Turmeric,Karnataka,Offline,M,11/15/2022,244676750,12/4/2022,7401,78.45,2.33,1.55,182.79,121.6,17244.33,11471.55,5772.78,1352828.79,899961.6,452867.19
Asia,Indonesia,Black Pepper,Kerala,Online,M,10/15/2020,243569347,10/24/2020,1183,74.51,7.52,6.05,560.32,450.79,8896.16,7157.15,1739.01,662858.56,533284.57,129573.99
North America,United States,Cinnamon,Tamil Nadu,Online,M,5/13/2021,155182292,5/20/2021,287,73.98,5.18,3.58,383.22,264.85,1486.66,1027.46,459.2,109984.14,76011.95,33972.19
Asia,Vietnam,Fennel Seeds,Gujarat,Offline,L,11/4/2024,176645313,11/20/2024,4909,83.58,3.11,2.09,259.93,174.68,15266.99,10259.81,5007.18,1275996.37,857504.12,418492.25
North America,United States,Coriander Seeds,Gujarat,Offline,M,1/3/2019,962412687,1/18/2019,1045,70.05,1.65,1.0,115.58,70.05,1724.25,1045.0,679.25,120781.1,73202.25,47578.85
North America,Canada,Dry Ginger,Odisha,Online,H,9/24/2025,417879674,10/6/2025,412,86.8,5.13,3.39,445.28,294.25,2113.56,1396.68,716.88,183455.36,121231.0,62224.36
Middle East and North Africa,Iran,Fennel Seeds,Rajasthan,Offline,L,10/8/2024,989586209,10/31/2024,388,84.27,3.01,1.84,253.65,155.06,1167.88,713.92,453.96,98416.2,60163.28,38252.92
Europe,Italy,Black Pepper,Kerala,Online,M,8/6/2022,361545316,8/12/2022,200,79.01,9.61,7.81,759.29,617.07,1922.0,1562.0,360.0,151858.0,123414.0,28444.0
Asia,South Korea,Garam Masala,Maharashtra,Offline,M,11/29/2025,106580561,12/5/2025,148,87.62,8.02,4.85,702.71,424.96,1186.96,717.8,469.16,104001.08,62894.08,41107.0
Asia,South Korea,Nutmeg,Kerala,Offline,H,6/6/2021,900605205,6/12/2021,118,74.4,11.3,7.64,840.72,568.42,1333.4,901.52,431.88,99204.96,67073.56,32131.4
Middle East and North Africa,Jordan,Cardamom,Karnataka,Online,H,5/12/2022,471026899,5/18/2022,389,77.99,24.98,24.26,1948.19,1892.04,9717.22,9437.14,280.08,757845.91,736003.56,21842.35
Europe,Belgium,Nutmeg,Kerala,Offline,L,5/29/2022,956095873,6/13/2022,448,78.57,11.56,8.74,908.27,686.7,5178.88,3915.52,1263.36,406904.96,307641.6,99263.36
Sub-Saharan Africa,South Africa,Coriander Seeds,Gujarat,Online,H,8/20/2022,272775302,8/28/2022,763,78.48,1.86,1.22,145.97,95.75,1419.18,930.86,488.32,111375.11,73057.25,38317.86
North America,United States,Turmeric,Maharashtra,Online,C,7/19/2023,551873351,7/26/2023,1178,81.58,2.58,1.85,210.48,150.92,3039.24,2179.3,859.94,247945.44,177783.76,70161.68
Central America and the Caribbean,Jamaica,Cinnamon,Kerala,Online,H,11/28/2020,968832341,12/1/2020,200,74.18,5.04,3.61,373.87,267.79,1008.0,722.0,286.0,74774.0,53558.0,21216.0
Asia,India,Dry Ginger,Kerala,Online,M,8/29/2019,420029099,9/15/2019,988,70.48,3.55,2.49,250.2,175.5,3507.4,2460.12,1047.28,247197.6,173394.0,73803.6
Europe,United Kingdom,Black Pepper,Kerala,Online,H,4/22/2021,253227754,5/2/2021,200,74.19,8.45,6.27,626.91,465.17,1690.0,1254.0,436.0,125382.0,93034.0,32348.0
North America,United States,Fennel Seeds,Gujarat,Offline,M,2/26/2022,371378261,3/17/2022,912,78.43,3.52,2.24,276.07,175.68,3210.24,2042.88,1167.36,251775.84,160220.16,91555.68
North America,Mexico,Coriander Seeds,Madhya Pradesh,Offline,M,6/12/2020,580020782,6/19/2020,751,74.96,1.85,1.22,138.68,91.45,1389.35,916.22,473.13,104148.68,68678.95,35469.73
Asia,India,Turmeric,Andhra Pradesh,Offline,M,12/8/2025,384830703,12/30/2025,2747,89.04,2.52,1.68,224.38,149.59,6922.44,4614.96,2307.48,616371.86,410923.73,205448.13
Middle East and North Africa,United Arab Emirates,Black Pepper,Kerala,Offline,M,1/26/2021,810105733,1/31/2021,2344,72.8,8.08,6.52,588.22,474.66,18939.52,15282.88,3656.64,1378787.68,1112603.04,266184.64
Middle East and North Africa,Saudi Arabia,Cinnamon,Kerala,Online,L,6/2/2019,743247105,6/30/2019,856,70.9,4.94,4.0,350.25,283.6,4228.64,3424.0,804.64,299814.0,242761.6,57052.4
Asia,Singapore,Black Pepper,Kerala,Online,L,6/18/2023,892571571,7/8/2023,597,81.86,8.43,6.66,690.08,545.19,5032.71,3976.02,1056.69,411977.76,325478.43,86499.33
Asia,Vietnam,Cumin Seeds,Rajasthan,Offline,L,5/19/2024,353578486,6/1/2024,715,83.51,4.42,2.93,369.11,244.68,3160.3,2094.95,1065.35,263913.65,174946.2,88967.45
Europe,Netherlands,Nutmeg,Tamil Nadu,Offline,M,1/5/2020,252905061,1/13/2020,1126,73.47,13.19,9.39,969.07,689.88,14851.94,10573.14,4278.8,1091172.82,776804.88,314367.94
Central America and the Caribbean,Jamaica,Saffron,Jammu and Kashmir,Online,M,8/8/2024,304196344,8/17/2024,2,83.84,2105.91,1838.95,176559.49,154177.57,4211.82,3677.9,533.92,353118.98,308355.14,44763.84
North America,United States,Turmeric,Odisha,Offline,M,2/18/2019,951565654,2/24/2019,3271,70.87,2.18,1.47,154.5,104.18,7130.78,4808.37,2322.41,505369.5,340772.78,164596.72
Middle East and North Africa,Saudi Arabia,Garam Masala,Maharashtra,Offline,M,6/8/2023,367774620,6/14/2023,938,82.36,7.47,4.76,615.23,392.03,7006.86,4464.88,2541.98,577085.74,367724.14,209361.6
Asia,Pakistan,Coriander Seeds,Madhya Pradesh,Online,H,8/7/2025,798861322,8/18/2025,678,86.45,1.85,1.31,159.93,113.25,1254.3,888.18,366.12,108432.54,76783.5,31649.04
Europe,France,Cinnamon,Kerala,Online,H,9/19/2023,313783680,10/1/2023,363,82.63,6.16,4.54,509.0,375.14,2236.08,1648.02,588.06,184767.0,136175.82,48591.18
Asia,Malaysia,Black Pepper,Kerala,Offline,C,4/6/2024,434227359,4/9/2024,2323,82.85,7.95,6.23,658.66,516.16,18467.85,14472.29,3995.56,1530067.18,1199039.68,331027.5
Asia,Bangladesh,Red Chilli,Madhya Pradesh,Offline,H,7/18/2023,367562317,7/28/2023,5940,83.24,3.04,1.9,253.05,158.16,18057.6,11286.0,6771.6,1503117.0,939470.4,563646.6
Middle East and North Africa,United Arab Emirates,Red Chilli,Madhya Pradesh,Offline,H,11/8/2023,238479588,11/20/2023,4222,82.94,3.1,2.0,257.11,165.88,13088.2,8444.0,4644.2,1085518.42,700345.36,385173.06
Asia,Japan,Dry Ginger,Odisha,Online,L,3/20/2019,208524482,4/27/2019,2490,68.85,3.3,2.43,227.2,167.31,8217.0,6050.7,2166.3,565728.0,416601.9,149126.1
Middle East and North Africa,United Arab Emirates,Mustard Seeds,Madhya Pradesh,Offline,H,12/20/2025,748137984,1/1/2026,3128,87.45,1.36,0.92,118.93,80.45,4254.08,2877.76,1376.32,372013.04,251647.6,120365.44
North America,Mexico,Coriander Seeds,Rajasthan,Offline,M,11/8/2020,720339693,11/14/2020,2281,74.33,1.73,1.1,128.59,81.76,3946.13,2509.1,1437.03,293313.79,186494.56,106819.23
Europe,Italy,Coriander Seeds,Madhya Pradesh,Online,M,8/20/2022,830984512,9/2/2022,5411,78.93,1.73,1.27,136.55,100.24,9361.03,6871.97,2489.06,738872.05,542398.64,196473.41
Australia and Oceania,New Zealand,Fennel Seeds,Gujarat,Offline,H,8/26/2024,358001726,8/30/2024,731,83.68,3.86,2.5,323.0,209.2,2821.66,1827.5,994.16,236113.0,152925.2,83187.8
Europe,Italy,Dry Ginger,Meghalaya,Offline,M,9/16/2023,905846523,10/3/2023,3865,82.72,4.26,3.02,352.39,249.81,16464.9,11672.3,4792.6,1361987.35,965515.65,396471.7
Asia,South Korea,Mustard Seeds,Madhya Pradesh,Offline,M,11/18/2022,963433604,12/12/2022,1049,77.95,1.39,0.89,108.35,69.38,1458.11,933.61,524.5,113659.15,72779.62,40879.53
Europe,Spain,Coriander Seeds,Gujarat,Online,L,8/12/2021,192368411,9/6/2021,879,73.38,1.76,1.17,129.15,85.85,1547.04,1028.43,518.61,113522.85,75462.15,38060.7
Asia,Vietnam,Cloves,Tamil Nadu,Offline,C,2/14/2022,550244321,2/16/2022,227,79.14,9.63,7.25,762.12,573.76,2186.01,1645.75,540.26,173001.24,130243.52,42757.72
Europe,Italy,Nutmeg,Kerala,Online,L,7/24/2019,439177384,8/5/2019,381,70.82,11.61,8.96,822.22,634.55,4423.41,3413.76,1009.65,313265.82,241763.55,71502.27
Sub-Saharan Africa,Tanzania,Nutmeg,Kerala,Online,M,1/8/2020,438248672,1/31/2020,211,74.26,11.3,8.39,839.14,623.04,2384.3,1770.29,614.01,177058.54,131461.44,45597.1
Asia,India,Nutmeg,Kerala,Online,M,5/28/2020,595185065,6/18/2020,568,74.1,11.97,9.3,886.98,689.13,6798.96,5282.4,1516.56,503804.64,391425.84,112378.8
Sub-Saharan Africa,Kenya,Coriander Seeds,Madhya Pradesh,Offline,M,10/5/2023,642750189,10/19/2023,6858,83.01,1.9,1.18,157.72,97.95,13030.2,8092.44,4937.76,1081643.76,671741.1,409902.66
Europe,Italy,Cinnamon,Kerala,Offline,M,12/29/2019,481158941,1/12/2020,3344,71.27,5.17,3.53,368.47,251.58,17288.48,11804.32,5484.16,1232163.68,841283.52,390880.16
Europe,United Kingdom,Cinnamon,Kerala,Online,H,4/18/2023,349509259,4/30/2023,326,82.19,6.08,4.33,499.72,355.88,1982.08,1411.58,570.5,162908.72,116016.88,46891.84
North America,United States,Cloves,Kerala,Offline,C,12/11/2025,739647808,12/12/2025,985,87.85,11.98,8.98,1052.44,788.89,11800.3,8845.3,2955.0,1036653.4,777056.65,259596.75
Australia and Oceania,Australia,Red Chilli,Telangana,Online,M,7/30/2022,207181640,8/14/2022,500,79.54,3.67,2.43,291.91,193.28,1835.0,1215.0,620.0,145955.0,96640.0,49315.0
North America,United States,Cardamom,Tamil Nadu,Online,H,4/18/2022,852407299,4/29/2022,90,78.46,24.31,19.51,1907.36,1530.75,2187.9,1755.9,432.0,171662.4,137767.5,33894.9
Asia,South Korea,Cumin Seeds,Gujarat,Online,M,1/13/2019,271272171,2/3/2019,423,70.1,4.41,3.14,309.14,220.11,1865.43,1328.22,537.21,130766.22,93106.53,37659.69
Middle East and North Africa,Egypt,Cumin Seeds,Gujarat,Offline,M,5/4/2023,354659613,5/20/2023,2892,81.56,3.97,2.67,323.79,217.77,11481.24,7721.64,3759.6,936400.68,629790.84,306609.84
North America,United States,Cinnamon,Kerala,Online,C,6/16/2023,659258509,6/22/2023,200,82.03,6.19,4.38,507.77,359.29,1238.0,876.0,362.0,101554.0,71858.0,29696.0
North America,United States,Cloves,Tamil Nadu,Offline,H,1/28/2020,760279601,1/31/2020,400,74.18,9.99,6.98,741.06,517.78,3996.0,2792.0,1204.0,296424.0,207112.0,89312.0
Middle East and North Africa,Morocco,Dry Ginger,Odisha,Offline,H,12/28/2021,458995385,1/9/2022,1387,74.39,3.29,2.97,244.74,220.94,4563.23,4119.39,443.84,339454.38,306443.78,33010.6
Europe,Belgium,Cumin Seeds,Rajasthan,Offline,L,1/5/2024,423615255,1/18/2024,2818,82.97,4.88,3.34,404.89,277.12,13751.84,9412.12,4339.72,1140980.02,780924.16,360055.86
Asia,Pakistan,Mustard Seeds,Rajasthan,Offline,M,3/31/2021,455125490,4/25/2021,3626,72.93,1.4,0.95,102.1,69.28,5076.4,3444.7,1631.7,370214.6,251209.28,119005.32
Asia,South Korea,Fenugreek Seeds,Madhya Pradesh,Offline,L,7/29/2020,573235158,9/7/2020,728,74.19,2.36,1.49,175.09,110.54,1718.08,1084.72,633.36,127465.52,80473.12,46992.4
Middle East and North Africa,United Arab Emirates,Cumin Seeds,Gujarat,Offline,H,11/12/2025,804351431,11/18/2025,587,87.36,4.4,2.87,384.38,250.72,2582.8,1684.69,898.11,225631.06,147172.64,78458.42
North America,United States,Coriander Seeds,Madhya Pradesh,Offline,C,8/28/2021,420599476,9/2/2021,7514,74.37,2.06,1.22,153.2,90.73,15478.84,9167.08,6311.76,1151144.8,681745.22,469399.58
Asia,Bangladesh,Garam Masala,Kerala,Online,C,1/28/2020,628673413,2/3/2020,584,73.48,7.62,4.97,559.92,365.2,4450.08,2902.48,1547.6,326993.28,213276.8,113716.48
North America,Canada,Cardamom,Karnataka,Offline,L,1/9/2022,183930054,2/5/2022,88,77.45,25.56,21.02,1979.62,1628.0,2249.28,1849.76,399.52,174206.56,143264.0,30942.56
Middle East and North Africa,Oman,Garam Masala,Gujarat,Offline,C,10/10/2022,690477857,10/15/2022,187,78.83,7.5,4.38,591.23,345.28,1402.5,819.06,583.44,110560.01,64567.36,45992.65
Asia,Japan,Cardamom,Kerala,Offline,H,5/22/2022,619371848,6/2/2022,327,78.57,22.34,16.89,1755.25,1327.05,7305.18,5523.03,1782.15,573966.75,433945.35,140021.4
Asia,Malaysia,Cumin Seeds,Rajasthan,Online,H,3/21/2019,968261076,3/27/2019,439,69.41,3.89,2.84,270.0,197.12,1707.71,1246.76,460.95,118530.0,86535.68,31994.32
Middle East and North Africa,Morocco,Cloves,Kerala,Offline,L,11/26/2025,162551188,1/4/2026,161,87.0,12.65,10.05,1100.55,874.35,2036.65,1618.05,418.6,177188.55,140770.35,36418.2
Middle East and North Africa,Turkey,Cloves,Kerala,Online,M,6/14/2023,802775083,6/22/2023,366,82.63,11.77,9.56,972.56,789.94,4307.82,3498.96,808.86,355956.96,289118.04,66838.92
Asia,Bangladesh,Cloves,Kerala,Offline,M,10/18/2025,125704562,10/25/2025,610,86.98,12.25,9.03,1065.51,785.43,7472.5,5508.3,1964.2,649961.1,479112.3,170848.8
North America,Mexico,Coriander Seeds,Rajasthan,Online,M,10/1/2024,478173933,10/24/2024,1399,84.27,1.94,1.53,163.48,128.93,2714.06,2140.47,573.59,228708.52,180373.07,48335.45
Central America and the Caribbean,Jamaica,Garam Masala,Maharashtra,Offline,M,11/28/2025,789868133,12/17/2025,335,87.9,8.78,5.44,771.76,478.18,2941.3,1822.4,1118.9,258539.6,160190.3,98349.3
Middle East and North Africa,Saudi Arabia,Cloves,Tamil Nadu,Online,M,6/3/2019,597674201,6/26/2019,254,70.96,10.0,9.34,709.6,662.77,2540.0,2372.36,167.64,180238.4,168343.58,11894.82
Asia,Bangladesh,Cardamom,Sikkim,Offline,H,3/21/2020,215915856,3/25/2020,81,73.32,21.35,17.44,1565.38,1278.7,1729.35,1412.64,316.71,126795.78,103574.7,23221.08
Asia,Vietnam,Red Chilli,Andhra Pradesh,Offline,L,7/26/2023,546345229,8/16/2023,5510,82.52,3.37,2.15,278.09,177.42,18568.7,11846.5,6722.2,1532275.9,977584.2,554691.7
Asia,India,Dry Ginger,Kerala,Online,H,5/15/2020,248911182,5/25/2020,3737,74.52,3.23,2.08,240.7,155.0,12070.51,7772.96,4297.55,899495.9,579235.0,320260.9
Australia and Oceania,Australia,Black Pepper,Kerala,Offline,M,12/12/2021,243155121,12/24/2021,352,74.35,8.49,6.28,631.23,466.92,2988.48,2210.56,777.92,222192.96,164355.84,57837.12
Sub-Saharan Africa,Kenya,Cardamom,Karnataka,Offline,L,12/29/2025,994054563,1/8/2026,107,88.28,25.21,19.59,2225.54,1729.41,2697.47,2096.13,601.34,238132.78,185046.87,53085.91
North America,United States,Black Pepper,Kerala,Offline,H,5/8/2024,120883858,5/19/2024,1972,83.84,10.33,7.55,866.07,632.99,20370.76,14888.6,5482.16,1707890.04,1248256.28,459633.76
North America,United States,Dry Ginger,Karnataka,Offline,H,12/10/2024,806890600,12/13/2024,1327,84.57,4.05,2.81,342.51,237.64,5374.35,3728.87,1645.48,454510.77,315348.28,139162.49
Australia and Oceania,Australia,Cumin Seeds,Gujarat,Offline,M,8/15/2023,177839219,9/3/2023,302,82.15,4.49,2.68,368.85,220.16,1355.98,809.36,546.62,111392.7,66488.32,44904.38
North America,Canada,Fenugreek Seeds,Rajasthan,Online,C,7/3/2022,168719492,7/7/2022,1171,78.21,2.86,1.76,223.68,137.65,3349.06,2060.96,1288.1,261929.28,161188.15,100741.13
Middle East and North Africa,United Arab Emirates,Red Chilli,Karnataka,Offline,C,4/24/2025,545102374,4/25/2025,850,85.97,3.31,1.99,284.56,171.08,2813.5,1691.5,1122.0,241876.0,145418.0,96458.0
Asia,Vietnam,Red Chilli,Karnataka,Offline,C,11/8/2023,778979161,11/13/2023,1022,83.92,2.86,2.32,240.01,194.69,2922.92,2371.04,551.88,245290.22,198973.18,46317.04
Middle East and North Africa,Morocco,Fenugreek Seeds,Rajasthan,Online,L,5/18/2020,568680708,6/11/2020,3688,74.12,2.61,2.57,193.45,190.49,9625.68,9478.16,147.52,713443.6,702527.12,10916.48
Europe,United Kingdom,Cumin Seeds,Rajasthan,Offline,C,8/8/2025,420894924,8/14/2025,780,87.32,4.47,3.0,390.32,261.96,3486.6,2340.0,1146.6,304449.6,204328.8,100120.8
Asia,Indonesia,Turmeric,Telangana,Offline,L,12/13/2020,514690981,12/24/2020,1391,75.01,1.86,1.13,139.52,84.76,2587.26,1571.83,1015.43,194072.32,117901.16,76171.16
Europe,Germany,Black Pepper,Kerala,Offline,M,3/27/2023,769788906,4/15/2023,1216,82.15,9.65,9.13,792.75,750.03,11734.4,11102.08,632.32,963984.0,912036.48,51947.52
Europe,United Kingdom,Turmeric,Telangana,Online,L,12/31/2024,879228051,1/21/2025,1700,84.47,2.73,1.81,230.6,152.89,4641.0,3077.0,1564.0,392020.0,259913.0,132107.0
Sub-Saharan Africa,South Africa,Cumin Seeds,Rajasthan,Online,L,6/2/2024,267228434,6/16/2024,1958,83.12,4.39,2.85,364.9,236.89,8595.62,5580.3,3015.32,714474.2,463830.62,250643.58
Middle East and North Africa,Saudi Arabia,Fenugreek Seeds,Gujarat,Online,C,2/6/2023,909944921,2/7/2023,2666,82.65,2.91,1.77,240.51,146.29,7758.06,4718.82,3039.24,641199.66,390009.14,251190.52
Asia,Indonesia,Red Chilli,Karnataka,Online,C,4/23/2021,171666403,4/25/2021,892,74.07,3.18,2.08,235.54,154.07,2836.56,1855.36,981.2,210101.68,137430.44,72671.24
Asia,Nepal,Cinnamon,Kerala,Offline,M,4/8/2021,205262779,4/17/2021,442,73.65,4.89,3.55,360.15,261.46,2161.38,1569.1,592.28,159186.3,115565.32,43620.98
Asia,Thailand,Nutmeg,Kerala,Offline,L,5/11/2019,575883249,5/21/2019,241,70.71,10.86,9.02,767.91,637.8,2617.26,2173.82,443.44,185066.31,153709.8,31356.51
Asia,Vietnam,Black Pepper,Kerala,Online,M,8/5/2023,446185517,8/17/2023,3123,82.79,8.86,6.85,733.52,567.11,27669.78,21392.55,6277.23,2290782.96,1771084.53,519698.43
Middle East and North Africa,Iran,Turmeric,Odisha,Online,M,1/21/2023,715187416,1/26/2023,4938,82.98,2.45,1.78,203.3,147.7,12098.1,8789.64,3308.46,1003895.4,729342.6,274552.8
Asia,Thailand,Cinnamon,Kerala,Offline,C,6/8/2020,682009707,6/15/2020,3040,73.93,4.91,3.55,363.0,262.45,14926.4,10792.0,4134.4,1103520.0,797848.0,305672.0
Middle East and North Africa,Iran,Coriander Seeds,Gujarat,Online,C,11/15/2025,616237961,11/19/2025,500,87.21,2.03,1.3,177.04,113.37,1015.0,650.0,365.0,88520.0,56685.0,31835.0
North America,Mexico,Black Pepper,Karnataka,Online,M,3/17/2022,436174042,3/30/2022,2097,78.83,8.22,5.79,647.98,456.43,17237.34,12141.63,5095.71,1358814.06,957133.71,401680.35
Asia,South Korea,Red Chilli,Andhra Pradesh,Offline,C,7/24/2019,475170091,7/29/2019,555,70.15,2.75,1.85,192.91,129.78,1526.25,1026.75,499.5,107065.05,72027.9,35037.15
Europe,United Kingdom,Black Pepper,Kerala,Offline,H,8/23/2025,366932883,9/1/2025,1440,87.11,9.28,7.28,808.38,634.16,13363.2,10483.2,2880.0,1164067.2,913190.4,250876.8
Asia,Singapore,Turmeric,Telangana,Offline,C,7/5/2021,579696840,7/6/2021,1925,74.86,1.96,1.16,146.73,86.84,3773.0,2233.0,1540.0,282455.25,167167.0,115288.25
Europe,United Kingdom,Cumin Seeds,Rajasthan,Offline,M,9/10/2023,685149451,9/21/2023,1783,82.3,4.65,3.06,382.69,251.84,8290.95,5455.98,2834.97,682336.27,449030.72,233305.55
Asia,Malaysia,Cumin Seeds,Rajasthan,Online,M,10/12/2023,104638121,10/30/2023,647,83.05,4.86,3.5,403.62,290.68,3144.42,2264.5,879.92,261142.14,188069.96,73072.18
Middle East and North Africa,Qatar,Red Chilli,Andhra Pradesh,Online,H,4/3/2022,179247098,4/9/2022,2940,78.71,2.99,1.94,235.34,152.7,8790.6,5703.6,3087.0,691899.6,448938.0,242961.6
Middle East and North Africa,Egypt,Black Pepper,Karnataka,Online,L,10/16/2019,945908504,11/6/2019,435,71.43,7.34,5.69,524.3,406.44,3192.9,2475.15,717.75,228070.5,176801.4,51269.1
Europe,Germany,Coriander Seeds,Madhya Pradesh,Online,L,9/2/2022,730059449,10/10/2022,1099,79.13,1.98,1.41,156.68,111.57,2176.02,1549.59,626.43,172191.32,122615.43,49575.89
Asia,Nepal,Mustard Seeds,Rajasthan,Offline,M,9/14/2020,745647552,10/5/2020,8056,72.84,1.26,0.84,91.78,61.19,10150.56,6767.04,3383.52,739379.68,492946.64,246433.04
Europe,Italy,Red Chilli,Andhra Pradesh,Online,H,8/15/2022,863438060,8/25/2022,2019,79.3,3.54,2.14,280.72,169.7,7147.26,4320.66,2826.6,566773.68,342624.3,224149.38
Europe,Sweden,Cumin Seeds,Rajasthan,Offline,M,12/11/2025,797313851,12/22/2025,1851,87.42,4.91,2.93,429.23,256.14,9088.41,5423.43,3664.98,794504.73,474115.14,320389.59
Middle East and North Africa,Morocco,Cumin Seeds,Gujarat,Offline,H,12/16/2023,909936789,12/22/2023,1468,83.45,4.07,2.66,339.64,221.98,5974.76,3904.88,2069.88,498591.52,325866.64,172724.88
Europe,Germany,Garam Masala,Gujarat,Online,H,4/15/2025,515960862,4/24/2025,188,86.73,9.44,5.52,818.73,478.75,1774.72,1037.76,736.96,153921.24,90005.0,63916.24
Europe,United Kingdom,Black Pepper,Kerala,Online,C,7/19/2025,809990234,7/23/2025,200,86.61,9.67,7.29,837.52,631.39,1934.0,1458.0,476.0,167504.0,126278.0,41226.0
Asia,Pakistan,Turmeric,Telangana,Online,M,1/4/2024,342309256,1/29/2024,3431,82.36,2.51,1.68,206.72,138.36,8611.81,5764.08,2847.73,709256.32,474713.16,234543.16
Sub-Saharan Africa,South Africa,Cinnamon,Kerala,Online,M,7/19/2024,673714842,8/2/2024,252,83.74,6.09,4.6,509.98,385.2,1534.68,1159.2,375.48,128514.96,97070.4,31444.56
Asia,Sri Lanka,Turmeric,Odisha,Online,M,3/20/2022,259567289,4/7/2022,2618,78.3,2.26,1.5,176.96,117.45,5916.68,3927.0,1989.68,463281.28,307484.1,155797.18
Asia,Bangladesh,Cumin Seeds,Gujarat,Offline,L,8/11/2024,318433664,8/31/2024,3802,84.97,5.01,3.17,425.7,269.35,19048.02,12052.34,6995.68,1618511.4,1024068.7,594442.7
Europe,Russia,Red Chilli,Andhra Pradesh,Offline,H,11/6/2022,878323910,11/17/2022,2344,78.73,3.23,1.94,254.3,152.74,7571.12,4547.36,3023.76,596079.2,358022.56,238056.64
North America,United States,Black Pepper,Karnataka,Offline,L,3/25/2023,357201562,4/10/2023,208,82.01,9.43,6.17,773.35,506.0,1961.44,1283.36,678.08,160856.8,105248.0,55608.8
North America,United States,Fennel Seeds,Rajasthan,Offline,H,10/18/2024,477721507,10/23/2024,1445,84.5,3.85,2.59,325.32,218.85,5563.25,3742.55,1820.7,470087.4,316238.25,153849.15
Sub-Saharan Africa,South Africa,Fenugreek Seeds,Rajasthan,Online,L,9/19/2021,451370317,10/29/2021,967,74.95,2.65,1.67,198.62,125.17,2562.55,1614.89,947.66,192065.54,121039.39,71026.15
Europe,United Kingdom,Cardamom,Karnataka,Offline,M,5/6/2019,908828890,5/16/2019,551,71.02,22.81,18.82,1619.97,1336.6,12568.31,10369.82,2198.49,892603.47,736466.6,156136.87
Australia and Oceania,Fiji,Red Chilli,Andhra Pradesh,Online,M,4/14/2022,183599693,4/26/2022,500,78.31,3.39,2.17,265.47,169.93,1695.0,1085.0,610.0,132735.0,84965.0,47770.0
Asia,India,Cloves,Kerala,Online,L,7/29/2019,930875489,8/31/2019,100,70.31,9.79,7.84,688.33,551.23,979.0,784.0,195.0,68833.0,55123.0,13710.0
Middle East and North Africa,Kuwait,Turmeric,Andhra Pradesh,Offline,M,12/10/2021,615934112,12/25/2021,508,74.1,2.41,1.6,178.58,118.56,1224.28,812.8,411.48,90718.64,60228.48,30490.16
Middle East and North Africa,Saudi Arabia,Black Pepper,Kerala,Online,C,10/9/2020,685145443,10/12/2020,200,74.45,7.6,5.85,565.82,435.53,1520.0,1170.0,350.0,113164.0,87106.0,26058.0
Europe,Spain,Coriander Seeds,Rajasthan,Offline,L,11/19/2024,779511925,12/8/2024,1017,83.9,1.98,1.22,166.12,102.36,2013.66,1240.74,772.92,168944.04,104100.12,64843.92
Asia,Singapore,Cumin Seeds,Gujarat,Online,L,10/3/2019,429302568,11/11/2019,1353,71.38,3.75,2.64,267.67,188.44,5073.75,3571.92,1501.83,362157.51,254959.32,107198.19
Asia,Indonesia,Cardamom,Karnataka,Online,M,3/26/2023,282620496,4/14/2023,271,82.49,24.84,18.72,2049.05,1544.21,6731.64,5073.12,1658.52,555292.55,418480.91,136811.64
Middle East and North Africa,Turkey,Garam Masala,Maharashtra,Online,H,11/10/2021,628514467,11/18/2021,100,74.94,7.62,4.87,571.04,364.96,762.0,487.0,275.0,57104.0,36496.0,20608.0
Middle East and North Africa,Egypt,Fennel Seeds,Gujarat,Offline,H,9/7/2024,641322396,9/18/2024,633,84.05,2.94,1.97,247.11,165.58,1861.02,1247.01,614.01,156420.63,104812.14,51608.49
Asia,Singapore,Cardamom,Karnataka,Offline,M,4/21/2024,605544431,4/29/2024,1193,83.11,23.68,19.46,1968.04,1617.32,28250.24,23215.78,5034.46,2347871.72,1929462.76,418408.96
Europe,France,Nutmeg,Tamil Nadu,Online,M,11/14/2024,917012516,11/24/2024,124,83.87,12.04,8.5,1009.79,712.89,1492.96,1054.0,438.96,125213.96,88398.36,36815.6
Europe,Netherlands,Garam Masala,Gujarat,Online,M,10/31/2024,527608975,11/13/2024,154,83.77,8.88,5.27,743.88,441.47,1367.52,811.58,555.94,114557.52,67986.38,46571.14
Middle East and North Africa,United Arab Emirates,Cardamom,Kerala,Offline,H,7/2/2021,781704860,7/13/2021,80,74.37,20.7,17.34,1539.46,1289.58,1656.0,1387.2,268.8,123156.8,103166.4,19990.4
Europe,Netherlands,Black Pepper,Kerala,Online,C,6/12/2019,423424804,6/19/2019,434,70.4,8.56,6.84,602.62,481.54,3715.04,2968.56,746.48,261537.08,208988.36,52548.72
Middle East and North Africa,United Arab Emirates,Turmeric,Odisha,Online,H,5/23/2019,299418894,5/28/2019,2220,70.14,2.25,1.69,157.81,118.54,4995.0,3751.8,1243.2,350338.2,263158.8,87179.4
Central America and the Caribbean,Panama,Dry Ginger,Karnataka,Online,M,6/18/2023,937836084,7/5/2023,300,82.33,4.13,2.85,340.02,234.64,1239.0,855.0,384.0,102006.0,70392.0,31614.0
Middle East and North Africa,Morocco,Turmeric,Andhra Pradesh,Online,M,12/23/2022,311355171,1/5/2023,6278,78.94,2.52,1.68,198.93,132.62,15820.56,10547.04,5273.52,1248882.54,832588.36,416294.18
North America,United States,Black Pepper,Karnataka,Online,M,12/30/2022,505388753,1/20/2023,370,78.7,8.83,6.46,694.92,508.4,3267.1,2390.2,876.9,257120.4,188108.0,69012.4
Australia and Oceania,Australia,Black Pepper,Kerala,Offline,M,4/2/2024,516831412,4/8/2024,1137,82.21,9.4,7.01,772.77,576.29,10687.8,7970.37,2717.43,878639.49,655241.73,223397.76
Asia,Thailand,Cumin Seeds,Rajasthan,Offline,M,1/2/2025,588366343,1/26/2025,801,86.37,4.13,2.88,356.71,248.75,3308.13,2306.88,1001.25,285724.71,199248.75,86475.96
Europe,Belgium,Fennel Seeds,Rajasthan,Offline,H,7/22/2024,148250327,8/2/2024,414,82.52,3.3,2.84,272.32,234.36,1366.2,1175.76,190.44,112740.48,97025.04,15715.44
North America,United States,Turmeric,Maharashtra,Online,H,3/16/2022,886017845,3/28/2022,500,77.86,2.92,1.92,227.35,149.49,1460.0,960.0,500.0,113675.0,74745.0,38930.0
Middle East and North Africa,Kuwait,Cardamom,Tamil Nadu,Online,L,12/4/2022,311490657,12/20/2022,287,79.67,22.4,18.03,1784.61,1436.45,6428.8,5174.61,1254.19,512183.07,412261.15,99921.92
Asia,Malaysia,Garam Masala,Maharashtra,Offline,M,3/10/2024,987258530,3/16/2024,513,82.82,7.4,4.13,612.87,342.05,3796.2,2118.69,1677.51,314402.31,175471.65,138930.66
Europe,United Kingdom,Dry Ginger,Kerala,Offline,L,10/9/2024,221082049,11/6/2024,2929,83.79,3.87,2.81,324.27,235.45,11335.23,8230.49,3104.74,949786.83,689633.05,260153.78
Middle East and North Africa,Egypt,Fennel Seeds,Rajasthan,Offline,L,9/16/2023,957178167,10/8/2023,1584,83.13,3.01,1.82,250.22,151.3,4767.84,2882.88,1884.96,396348.48,239659.2,156689.28
Europe,Germany,Dry Ginger,Karnataka,Offline,L,12/25/2021,837689122,1/17/2022,3266,74.53,3.65,2.51,272.03,187.07,11920.9,8197.66,3723.24,888449.98,610970.62,277479.36
Europe,Italy,Fenugreek Seeds,Gujarat,Offline,L,4/21/2019,871620530,5/11/2019,5542,69.38,2.62,1.63,181.78,113.09,14520.04,9033.46,5486.58,1007424.76,626744.78,380679.98
North America,United States,Garam Masala,Maharashtra,Offline,M,11/16/2022,967366599,11/25/2022,239,78.59,7.81,4.46,613.79,350.51,1866.59,1065.94,800.65,146695.81,83771.89,62923.92
North America,Canada,Cinnamon,Kerala,Offline,H,11/8/2022,152605388,11/16/2022,1107,78.5,6.12,4.17,480.42,327.34,6774.84,4616.19,2158.65,531824.94,362365.38,169459.56
Middle East and North Africa,Morocco,Mustard Seeds,Madhya Pradesh,Offline,M,10/4/2019,159501257,10/17/2019,7653,70.57,1.11,0.69,78.33,48.69,8494.83,5280.57,3214.26,599459.49,372624.57,226834.92
Middle East and North Africa,Saudi Arabia,Cumin Seeds,Gujarat,Online,L,12/28/2022,370594289,1/21/2023,411,79.4,4.68,3.05,371.59,242.17,1923.48,1253.55,669.93,152723.49,99531.87,53191.62
Sub-Saharan Africa,Ethiopia,Turmeric,Maharashtra,Online,H,1/9/2025,958093921,1/14/2025,500,86.03,2.29,1.59,197.01,136.79,1145.0,795.0,350.0,98505.0,68395.0,30110.0
Asia,Sri Lanka,Cumin Seeds,Rajasthan,Online,H,7/8/2024,308900732,7/17/2024,3608,83.39,4.96,3.49,413.61,291.03,17895.68,12591.92,5303.76,1492304.88,1050036.24,442268.64
Asia,Singapore,Cloves,Kerala,Offline,M,8/26/2019,781512727,9/17/2019,209,71.15,9.32,7.59,663.12,540.03,1947.88,1586.31,361.57,138592.08,112866.27,25725.81
Europe,Russia,Turmeric,Maharashtra,Offline,M,11/28/2022,578352127,12/18/2022,1559,80.17,2.47,1.61,198.02,129.07,3850.73,2509.99,1340.74,308713.18,201220.13,107493.05
North America,United States,Cumin Seeds,Rajasthan,Offline,L,2/16/2023,628511746,3/16/2023,629,82.57,4.82,3.12,397.99,257.62,3031.78,1962.48,1069.3,250335.71,162042.98,88292.73
Asia,Bangladesh,Dry Ginger,Kerala,Online,H,12/10/2020,386903872,12/19/2020,2416,74.67,3.59,2.36,268.07,176.22,8673.44,5701.76,2971.68,647657.12,425747.52,221909.6
Middle East and North Africa,Saudi Arabia,Black Pepper,Kerala,Offline,M,11/18/2020,228233465,11/27/2020,1032,74.05,7.8,5.47,577.59,405.05,8049.6,5645.04,2404.56,596072.88,418011.6,178061.28
Asia,Japan,Turmeric,Telangana,Offline,M,4/2/2025,911047187,4/8/2025,946,85.94,2.26,1.42,194.22,122.03,2137.96,1343.32,794.64,183732.12,115440.38,68291.74
Sub-Saharan Africa,Tanzania,Turmeric,Telangana,Offline,C,6/28/2021,120202025,7/5/2021,2458,73.27,2.02,1.19,148.01,87.19,4965.16,2925.02,2040.14,363808.58,214313.02,149495.56
Sub-Saharan Africa,Kenya,Red Chilli,Andhra Pradesh,Online,C,8/13/2021,348147448,8/19/2021,500,73.93,2.69,1.75,198.87,129.38,1345.0,875.0,470.0,99435.0,64690.0,34745.0
Europe,Russia,Cardamom,Sikkim,Online,L,7/27/2023,106648791,8/12/2023,510,81.74,26.05,24.76,2129.33,2023.88,13285.5,12627.6,657.9,1085958.3,1032178.8,53779.5
North America,United States,Cumin Seeds,Gujarat,Online,M,10/9/2024,659329920,10/22/2024,300,84.35,5.63,4.05,474.89,341.62,1689.0,1215.0,474.0,142467.0,102486.0,39981.0
Sub-Saharan Africa,Kenya,Fenugreek Seeds,Madhya Pradesh,Offline,H,4/24/2023,282787662,5/6/2023,877,81.95,2.45,1.57,200.78,128.66,2148.65,1376.89,771.76,176084.06,112834.82,63249.24
Asia,Thailand,Mustard Seeds,Rajasthan,Offline,H,12/30/2024,154977620,1/10/2025,9322,84.22,1.31,0.98,110.33,82.54,12211.82,9135.56,3076.26,1028496.26,769437.88,259058.38
Middle East and North Africa,United Arab Emirates,Black Pepper,Kerala,Offline,L,1/28/2021,768000145,3/3/2021,4919,72.99,8.17,5.84,596.33,426.26,40188.23,28726.96,11461.27,2933347.27,2096772.94,836574.33
Europe,Germany,Turmeric,Odisha,Offline,M,8/23/2024,613858475,9/1/2024,1421,83.92,2.61,1.84,219.03,154.41,3708.81,2614.64,1094.17,311241.63,219416.61,91825.02
Europe,Netherlands,Coriander Seeds,Rajasthan,Offline,H,11/16/2021,759202902,11/28/2021,3319,74.05,1.82,1.04,134.77,77.01,6040.58,3451.76,2588.82,447301.63,255596.19,191705.44
Asia,Sri Lanka,Turmeric,Andhra Pradesh,Offline,H,12/18/2024,645160393,12/26/2024,7397,85.1,2.4,1.61,204.24,137.01,17752.8,11909.17,5843.63,1510763.28,1013462.97,497300.31
Middle East and North Africa,Egypt,Cinnamon,Kerala,Online,L,2/20/2023,798293242,3/13/2023,417,82.71,5.72,4.37,473.1,361.44,2385.24,1822.29,562.95,197282.7,150720.48,46562.22
Sub-Saharan Africa,Ethiopia,Black Pepper,Karnataka,Offline,L,7/10/2025,565662774,8/5/2025,3847,85.94,7.8,6.12,670.33,525.95,30006.6,23543.64,6462.96,2578759.51,2023329.65,555429.86
North America,United States,Red Chilli,Andhra Pradesh,Online,H,10/18/2023,300016342,10/21/2023,1894,82.36,3.24,2.14,266.85,176.25,6136.56,4053.16,2083.4,505413.9,333817.5,171596.4
Asia,Japan,Garam Masala,Kerala,Online,L,9/20/2022,315007822,10/7/2022,715,79.12,8.08,5.61,639.29,443.86,5777.2,4011.15,1766.05,457092.35,317359.9,139732.45
Europe,Germany,Black Pepper,Kerala,Offline,L,7/27/2019,271411317,9/2/2019,341,70.47,7.37,5.16,519.36,363.63,2513.17,1759.56,753.61,177101.76,123997.83,53103.93
Asia,Bangladesh,Turmeric,Telangana,Offline,C,12/26/2025,328566290,12/28/2025,3831,87.34,2.46,1.51,214.86,131.88,9424.26,5784.81,3639.45,823128.66,505232.28,317896.38
North America,United States,Red Chilli,Telangana,Online,M,10/21/2024,592035773,11/10/2024,594,84.03,3.53,2.38,296.63,199.99,2096.82,1413.72,683.1,176198.22,118794.06,57404.16
Central America and the Caribbean,Jamaica,Cardamom,Kerala,Online,L,5/17/2025,944515363,6/20/2025,129,86.36,27.69,22.64,2391.31,1955.19,3572.01,2920.56,651.45,308478.99,252219.51,56259.48
Australia and Oceania,Australia,Red Chilli,Madhya Pradesh,Online,M,10/18/2024,262225541,11/9/2024,1530,83.35,3.38,2.15,281.72,179.2,5171.4,3289.5,1881.9,431031.6,274176.0,156855.6
Asia,Vietnam,Cumin Seeds,Rajasthan,Offline,L,11/23/2022,590015704,12/13/2022,1998,79.33,4.33,2.97,343.5,235.61,8651.34,5934.06,2717.28,686313.0,470748.78,215564.22
North America,Mexico,Coriander Seeds,Gujarat,Online,M,7/3/2025,418806718,7/23/2025,500,87.1,1.98,1.25,172.46,108.88,990.0,625.0,365.0,86230.0,54440.0,31790.0
Sub-Saharan Africa,Nigeria,Black Pepper,Kerala,Online,M,7/29/2020,167337561,8/4/2020,373,74.95,7.24,5.41,542.64,405.48,2700.52,2017.93,682.59,202404.72,151244.04,51160.68
Middle East and North Africa,Qatar,Coriander Seeds,Madhya Pradesh,Online,C,1/8/2023,621574341,1/9/2023,531,82.3,2.07,1.4,170.36,115.22,1099.17,743.4,355.77,90461.16,61181.82,29279.34
Asia,Bangladesh,Cardamom,Tamil Nadu,Offline,H,8/13/2020,231551591,8/20/2020,76,74.2,18.65,14.6,1383.83,1083.32,1417.4,1109.6,307.8,105171.08,82332.32,22838.76
Asia,South Korea,Garam Masala,Maharashtra,Online,L,12/21/2021,687506321,1/9/2022,417,74.39,7.66,4.81,569.83,357.82,3194.22,2005.77,1188.45,237619.11,149210.94,88408.17
Australia and Oceania,Australia,Turmeric,Telangana,Online,H,1/17/2020,753098659,1/26/2020,1494,72.58,2.63,1.67,190.89,121.21,3929.22,2494.98,1434.24,285189.66,181087.74,104101.92
Europe,Netherlands,Coriander Seeds,Madhya Pradesh,Online,H,9/5/2020,498637898,9/17/2020,723,73.63,1.7,1.15,125.17,84.67,1229.1,831.45,397.65,90497.91,61216.41,29281.5
Asia,Malaysia,Dry Ginger,Odisha,Offline,H,11/14/2025,170988925,11/21/2025,2808,87.92,3.42,2.25,300.69,197.82,9603.36,6318.0,3285.36,844337.52,555478.56,288858.96
North America,United States,Coriander Seeds,Rajasthan,Online,M,6/7/2019,235619263,6/26/2019,691,70.14,1.86,1.18,130.46,82.77,1285.26,815.38,469.88,90147.86,57194.07,32953.79
Asia,South Korea,Turmeric,Odisha,Offline,M,10/6/2022,672046560,10/16/2022,2274,77.87,2.04,1.4,158.85,109.02,4638.96,3183.6,1455.36,361224.9,247911.48,113313.42
Central America and the Caribbean,Panama,Garam Masala,Kerala,Offline,L,4/19/2021,135556866,5/13/2021,223,73.28,7.49,4.6,548.87,337.09,1670.27,1025.8,644.47,122398.01,75171.07,47226.94
Europe,Germany,Cardamom,Kerala,Offline,L,3/23/2024,854245007,4/27/2024,800,83.09,27.01,21.73,2244.26,1805.55,21608.0,17384.0,4224.0,1795408.0,1444440.0,350968.0
Asia,Indonesia,Fennel Seeds,Gujarat,Online,L,5/9/2023,805394298,6/12/2023,300,82.63,2.93,1.81,242.11,149.56,879.0,543.0,336.0,72633.0,44868.0,27765.0
Sub-Saharan Africa,Nigeria,Mustard Seeds,Rajasthan,Online,C,2/4/2021,380736278,2/8/2021,810,73.44,1.35,0.95,99.14,69.77,1093.5,769.5,324.0,80303.4,56513.7,23789.7
Europe,Poland,Turmeric,Odisha,Offline,M,8/12/2022,995723887,8/29/2022,5526,78.42,2.56,1.75,200.76,137.24,14146.56,9670.5,4476.06,1109399.76,758388.24,351011.52
Asia,Singapore,Mustard Seeds,Rajasthan,Offline,L,11/3/2019,991575640,11/29/2019,10718,70.33,1.08,0.72,75.96,50.64,11575.44,7716.96,3858.48,814139.28,542759.52,271379.76
Australia and Oceania,Australia,Garam Masala,Gujarat,Offline,M,1/29/2024,144670234,2/14/2024,226,82.77,7.93,4.62,656.37,382.4,1792.18,1044.12,748.06,148339.62,86422.4,61917.22
Europe,United Kingdom,Dry Ginger,Odisha,Online,L,5/26/2020,258608022,7/2/2020,794,74.13,3.68,2.47,272.8,183.1,2921.92,1961.18,960.74,216603.2,145381.4,71221.8
Europe,France,Cloves,Kerala,Offline,L,11/13/2023,222613250,12/17/2023,1314,83.06,12.99,9.85,1078.95,818.14,17068.86,12942.9,4125.96,1417740.3,1075035.96,342704.34
Europe,Germany,Coriander Seeds,Madhya Pradesh,Offline,L,12/6/2023,396563911,12/19/2023,5924,83.46,1.89,1.21,157.74,100.99,11196.36,7168.04,4028.32,934451.76,598264.76,336187.0
Asia,Pakistan,Cumin Seeds,Rajasthan,Offline,H,8/2/2023,275119198,8/14/2023,355,82.29,4.65,3.01,382.65,247.69,1650.75,1068.55,582.2,135840.75,87929.95,47910.8
Asia,Indonesia,Nutmeg,Kerala,Online,M,10/3/2023,173719516,10/13/2023,124,83.48,12.5,9.96,1043.5,831.46,1550.0,1235.04,314.96,129394.0,103101.04,26292.96
Asia,Vietnam,Mustard Seeds,Rajasthan,Online,M,2/23/2024,987362176,3/4/2024,854,83.4,1.42,0.93,118.43,77.56,1212.68,794.22,418.46,101139.22,66236.24,34902.98
Middle East and North Africa,United Arab Emirates,Turmeric,Andhra Pradesh,Online,L,1/22/2025,312814344,2/8/2025,500,86.93,2.48,1.52,215.59,132.13,1240.0,760.0,480.0,107795.0,66065.0,41730.0
Australia and Oceania,New Zealand,Red Chilli,Andhra Pradesh,Online,L,9/27/2024,462550127,10/16/2024,500,83.85,3.69,2.43,309.41,203.76,1845.0,1215.0,630.0,154705.0,101880.0,52825.0
Middle East and North Africa,Egypt,Cloves,Kerala,Online,L,11/19/2021,406944496,12/19/2021,185,74.25,10.22,7.77,758.84,576.92,1890.7,1437.45,453.25,140385.4,106730.2,33655.2
Central America and the Caribbean,Panama,Red Chilli,Andhra Pradesh,Online,M,8/12/2019,590737172,8/19/2019,989,70.52,2.64,1.72,186.17,121.29,2610.96,1701.08,909.88,184122.13,119955.81,64166.32
Middle East and North Africa,Saudi Arabia,Red Chilli,Karnataka,Offline,L,11/4/2020,137008830,12/5/2020,7513,75.07,2.95,1.76,221.46,132.12,22163.35,13222.88,8940.47,1663828.98,992617.56,671211.42
Europe,Italy,Cumin Seeds,Gujarat,Offline,M,2/13/2024,713272728,2/22/2024,2025,83.36,5.31,3.58,442.64,298.43,10752.75,7249.5,3503.25,896346.0,604320.75,292025.25
Europe,Belgium,Turmeric,Telangana,Online,C,7/16/2021,430282741,7/19/2021,732,73.77,2.34,1.52,172.62,112.13,1712.88,1112.64,600.24,126357.84,82079.16,44278.68
Asia,Vietnam,Fennel Seeds,Rajasthan,Offline,H,1/19/2021,790675832,1/27/2021,640,73.13,2.81,1.65,205.5,120.66,1798.4,1056.0,742.4,131520.0,77222.4,54297.6
Australia and Oceania,Australia,Turmeric,Odisha,Offline,M,2/24/2025,729187019,3/21/2025,760,86.79,3.03,2.06,262.97,178.79,2302.8,1565.6,737.2,199857.2,135880.4,63976.8
North America,United States,Cinnamon,Kerala,Offline,M,7/3/2023,656796399,7/8/2023,1382,83.39,5.16,3.9,430.29,325.22,7131.12,5389.8,1741.32,594660.78,449454.04,145206.74
Asia,Malaysia,Cloves,Tamil Nadu,Online,M,11/15/2023,143325847,12/4/2023,324,83.51,10.53,6.96,879.36,581.23,3411.72,2255.04,1156.68,284912.64,188318.52,96594.12
Asia,Malaysia,Cinnamon,Kerala,Online,C,8/19/2022,450253586,8/21/2022,200,79.34,5.14,3.88,407.81,307.84,1028.0,776.0,252.0,81562.0,61568.0,19994.0
Asia,South Korea,Cinnamon,Kerala,Online,M,3/29/2022,187742997,4/11/2022,401,79.01,5.45,3.89,430.6,307.35,2185.45,1559.89,625.56,172670.6,123247.35,49423.25
Middle East and North Africa,United Arab Emirates,Fenugreek Seeds,Rajasthan,Offline,M,9/4/2019,541478063,9/12/2019,1529,70.1,2.47,1.55,173.15,108.66,3776.63,2369.95,1406.68,264746.35,166141.14,98605.21
Sub-Saharan Africa,Ethiopia,Red Chilli,Andhra Pradesh,Offline,M,10/31/2021,465035427,11/20/2021,7670,74.3,2.7,1.8,200.61,133.74,20709.0,13806.0,6903.0,1538678.7,1025785.8,512892.9
Sub-Saharan Africa,South Africa,Nutmeg,Tamil Nadu,Online,H,4/5/2025,626576850,4/10/2025,134,86.5,12.52,9.39,1082.98,812.24,1677.68,1258.26,419.42,145119.32,108840.16,36279.16
Europe,France,Black Pepper,Kerala,Offline,M,12/13/2025,648017028,1/3/2026,916,87.47,9.94,7.39,869.45,646.4,9105.04,6769.24,2335.8,796416.2,592102.4,204313.8
Central America and the Caribbean,Guatemala,Nutmeg,Kerala,Online,M,4/11/2023,102194117,4/26/2023,145,83.43,12.69,9.72,1058.73,810.94,1840.05,1409.4,430.65,153515.85,117586.3,35929.55
Asia,Indonesia,Dry Ginger,Odisha,Offline,C,4/8/2024,831379560,4/12/2024,1297,83.37,3.89,2.43,324.31,202.59,5045.33,3151.71,1893.62,420630.07,262759.23,157870.84
Australia and Oceania,Australia,Cinnamon,Kerala,Offline,H,12/3/2023,783724157,12/9/2023,1807,83.25,5.77,4.09,480.35,340.49,10426.39,7390.63,3035.76,867992.45,615265.43,252727.02
Europe,Germany,Turmeric,Telangana,Online,L,1/17/2025,619459753,2/3/2025,500,87.03,2.59,1.78,225.41,154.91,1295.0,890.0,405.0,112705.0,77455.0,35250.0
Europe,Germany,Coriander Seeds,Madhya Pradesh,Online,H,1/20/2025,753217707,2/1/2025,539,87.24,2.48,1.55,216.36,135.22,1336.72,835.45,501.27,116618.04,72883.58,43734.46
Asia,Japan,Cumin Seeds,Gujarat,Offline,M,11/16/2022,506238946,11/21/2022,928,79.11,4.21,2.92,333.05,231.0,3906.88,2709.76,1197.12,309070.4,214368.0,94702.4
North America,United States,Cardamom,Kerala,Offline,L,7/29/2025,108255851,8/29/2025,1400,87.83,25.08,20.13,2202.78,1768.02,35112.0,28182.0,6930.0,3083892.0,2475228.0,608664.0
Europe,France,Mustard Seeds,Madhya Pradesh,Offline,L,2/11/2020,871570899,3/22/2020,5073,73.36,1.28,0.84,93.9,61.62,6493.44,4261.32,2232.12,476354.7,312598.26,163756.44
Asia,Japan,Dry Ginger,Kerala,Offline,C,10/23/2025,444331397,10/28/2025,1054,86.56,4.22,3.37,365.28,291.71,4447.88,3551.98,895.9,385005.12,307462.34,77542.78
Europe,Belgium,Black Pepper,Kerala,Offline,C,9/13/2024,166437454,9/16/2024,433,84.95,9.86,7.68,837.61,652.42,4269.38,3325.44,943.94,362685.13,282497.86,80187.27
Europe,Germany,Garam Masala,Gujarat,Online,M,10/28/2024,755994273,11/13/2024,726,84.24,8.39,5.39,706.77,454.05,6091.14,3913.14,2178.0,513115.02,329640.3,183474.72
Asia,Japan,Nutmeg,Kerala,Offline,H,8/11/2025,331374576,8/16/2025,512,87.04,12.95,9.92,1127.17,863.44,6630.4,5079.04,1551.36,577111.04,442081.28,135029.76
Australia and Oceania,Australia,Cinnamon,Kerala,Online,L,12/2/2020,563783447,12/14/2020,888,74.36,5.22,3.76,388.16,279.59,4635.36,3338.88,1296.48,344686.08,248275.92,96410.16
Europe,Russia,Nutmeg,Kerala,Offline,L,12/12/2025,248634700,1/17/2026,193,86.81,13.81,9.93,1198.85,862.02,2665.33,1916.49,748.84,231378.05,166369.86,65008.19
North America,Canada,Fenugreek Seeds,Rajasthan,Online,L,8/6/2025,113745191,9/6/2025,1162,87.95,2.93,1.77,257.69,155.67,3404.66,2056.74,1347.92,299435.78,180888.54,118547.24
Europe,Italy,Garam Masala,Maharashtra,Offline,H,9/13/2024,946024386,9/19/2024,159,83.28,9.49,5.73,790.33,477.19,1508.91,911.07,597.84,125662.47,75873.21,49789.26
Middle East and North Africa,Kuwait,Coriander Seeds,Madhya Pradesh,Online,M,11/15/2021,572588038,12/3/2021,3235,74.97,1.75,1.1,131.2,82.47,5661.25,3558.5,2102.75,424432.0,266790.45,157641.55
Asia,Japan,Garam Masala,Gujarat,Offline,H,11/29/2024,519424389,12/10/2024,1160,83.4,8.31,4.76,693.05,396.98,9639.6,5521.6,4118.0,803938.0,460496.8,343441.2
Middle East and North Africa,Saudi Arabia,Cloves,Kerala,Online,H,7/31/2024,629961072,8/3/2024,632,83.3,13.24,10.42,1102.89,867.99,8367.68,6585.44,1782.24,697026.48,548569.68,148456.8
Sub-Saharan Africa,South Africa,Cloves,Tamil Nadu,Offline,M,2/2/2019,137436070,2/8/2019,1967,69.89,9.03,6.63,631.11,463.37,17762.01,13041.21,4720.8,1241393.37,911448.79,329944.58
North America,United States,Red Chilli,Madhya Pradesh,Offline,H,12/31/2024,244784819,1/12/2025,1040,84.81,3.86,2.5,327.37,212.03,4014.4,2600.0,1414.4,340464.8,220511.2,119953.6
Australia and Oceania,Fiji,Fenugreek Seeds,Gujarat,Offline,L,10/12/2021,221339270,10/24/2021,2544,74.12,2.43,1.58,180.11,117.11,6181.92,4019.52,2162.4,458199.84,297927.84,160272.0
North America,Canada,Mustard Seeds,Rajasthan,Online,H,11/9/2019,475549953,11/17/2019,800,69.78,1.2,0.81,83.74,56.52,960.0,648.0,312.0,66992.0,45216.0,21776.0
Asia,Bangladesh,Garam Masala,Kerala,Offline,H,4/19/2022,137244903,4/29/2022,1671,79.17,7.72,4.79,611.19,379.22,12900.12,8004.09,4896.03,1021298.49,633676.62,387621.87
North America,United States,Red Chilli,Andhra Pradesh,Offline,L,9/25/2020,760445133,10/25/2020,4685,74.32,3.49,1.94,259.38,144.18,16350.65,9088.9,7261.75,1215195.3,675483.3,539712.0
Europe,Belgium,Dry Ginger,Odisha,Online,M,2/14/2021,687302553,2/26/2021,1063,72.66,3.84,2.78,279.01,201.99,4081.92,2955.14,1126.78,296587.63,214715.37,81872.26
Asia,Malaysia,Fennel Seeds,Gujarat,Offline,H,3/29/2023,790035451,4/1/2023,876,82.78,2.97,1.95,245.86,161.42,2601.72,1708.2,893.52,215373.36,141403.92,73969.44
Europe,Italy,Nutmeg,Kerala,Offline,L,1/30/2023,685179696,2/9/2023,120,81.95,13.09,12.5,1072.73,1024.38,1570.8,1500.0,70.8,128727.6,122925.6,5802.0
North America,United States,Fennel Seeds,Rajasthan,Offline,M,6/20/2019,643719386,7/2/2019,321,70.66,2.68,1.79,189.37,126.48,860.28,574.59,285.69,60787.77,40600.08,20187.69
Asia,Bangladesh,Cinnamon,Kerala,Offline,C,6/27/2024,175269117,7/2/2024,2060,83.14,5.39,3.51,448.12,291.82,11103.4,7230.6,3872.8,923127.2,601149.2,321978.0
North America,United States,Black Pepper,Karnataka,Offline,H,4/5/2022,891264062,4/8/2022,1514,78.54,9.69,7.05,761.05,553.71,14670.66,10673.7,3996.96,1152229.7,838316.94,313912.76
Middle East and North Africa,Turkey,Red Chilli,Andhra Pradesh,Online,C,9/27/2025,841246562,10/2/2025,500,87.79,3.78,3.13,331.85,274.78,1890.0,1565.0,325.0,165925.0,137390.0,28535.0
Middle East and North Africa,Saudi Arabia,Cumin Seeds,Rajasthan,Offline,H,2/25/2023,966877727,3/5/2023,1541,83.4,4.29,2.86,357.79,238.52,6610.89,4407.26,2203.63,551354.39,367559.32,183795.07
Central America and the Caribbean,Panama,Red Chilli,Telangana,Offline,L,1/12/2020,123797533,2/13/2020,4263,73.0,3.28,1.98,239.44,144.54,13982.64,8440.74,5541.9,1020732.72,616174.02,404558.7
Australia and Oceania,New Zealand,Fennel Seeds,Gujarat,Offline,H,4/12/2019,934779713,4/22/2019,309,69.51,2.35,1.43,163.35,99.4,726.15,441.87,284.28,50475.15,30714.6,19760.55
Middle East and North Africa,Iran,Dry Ginger,Sikkim,Offline,M,10/29/2022,829625524,11/23/2022,1212,79.78,3.84,3.0,306.36,239.34,4654.08,3636.0,1018.08,371308.32,290080.08,81228.24
Europe,United Kingdom,Mustard Seeds,Rajasthan,Offline,M,10/29/2024,369992352,11/13/2024,7746,83.48,1.38,0.86,115.2,71.79,10689.48,6661.56,4027.92,892339.2,556085.34,336253.86
Middle East and North Africa,Jordan,Cumin Seeds,Gujarat,Offline,M,8/20/2019,350803055,8/28/2019,564,70.17,3.72,2.55,261.03,178.93,2098.08,1438.2,659.88,147220.92,100916.52,46304.4
Middle East and North Africa,Qatar,Fennel Seeds,Gujarat,Online,H,10/30/2021,421658221,11/11/2021,1972,74.35,2.78,1.81,206.69,134.57,5482.16,3569.32,1912.84,407592.68,265372.04,142220.64
North America,United States,Cumin Seeds,Gujarat,Offline,H,11/28/2021,919416614,12/1/2021,511,73.97,4.25,2.76,314.37,204.16,2171.75,1410.36,761.39,160643.07,104325.76,56317.31
Sub-Saharan Africa,Nigeria,Cloves,Tamil Nadu,Online,M,11/10/2024,511724478,11/30/2024,240,83.31,11.11,8.91,925.57,742.29,2666.4,2138.4,528.0,222136.8,178149.6,43987.2
Asia,Vietnam,Cardamom,Karnataka,Offline,M,1/14/2023,863201122,1/25/2023,1147,82.63,22.17,16.97,1831.91,1402.23,25428.99,19464.59,5964.4,2101200.77,1608357.81,492842.96
Sub-Saharan Africa,Tanzania,Cloves,Tamil Nadu,Offline,L,8/2/2024,866666834,9/3/2024,162,84.03,10.79,7.73,906.68,649.55,1747.98,1252.26,495.72,146882.16,105227.1,41655.06
North America,United States,Coriander Seeds,Rajasthan,Online,L,10/5/2021,890673643,11/12/2021,500,73.4,1.88,1.19,137.99,87.35,940.0,595.0,345.0,68995.0,43675.0,25320.0
Sub-Saharan Africa,Nigeria,Turmeric,Telangana,Offline,M,10/6/2022,720381974,10/13/2022,2044,79.0,2.04,1.38,161.16,109.02,4169.76,2820.72,1349.04,329411.04,222836.88,106574.16
Asia,Singapore,Cumin Seeds,Rajasthan,Online,M,8/28/2023,325960667,9/12/2023,380,82.46,4.3,2.93,354.58,241.61,1634.0,1113.4,520.6,134740.4,91811.8,42928.6
Sub-Saharan Africa,Ghana,Cinnamon,Tamil Nadu,Offline,M,7/27/2024,753537271,8/2/2024,241,83.84,5.18,3.53,434.29,295.96,1248.38,850.73,397.65,104663.89,71326.36,33337.53
North America,United States,Black Pepper,Kerala,Online,M,10/3/2020,546459260,10/8/2020,208,74.99,8.51,6.82,638.16,511.43,1770.08,1418.56,351.52,132737.28,106377.44,26359.84
Asia,Pakistan,Fenugreek Seeds,Gujarat,Online,H,4/16/2024,593958328,4/19/2024,1129,83.75,2.68,2.31,224.45,193.46,3025.72,2607.99,417.73,253404.05,218416.34,34987.71
Australia and Oceania,New Zealand,Cinnamon,Kerala,Online,M,1/4/2024,927333270,1/23/2024,200,83.16,6.12,4.34,508.94,360.91,1224.0,868.0,356.0,101788.0,72182.0,29606.0
Asia,Bangladesh,Cardamom,Kerala,Online,M,12/29/2020,875213245,1/22/2021,121,74.41,22.68,20.17,1687.62,1500.85,2744.28,2440.57,303.71,204202.02,181602.85,22599.17
Asia,Vietnam,Turmeric,Andhra Pradesh,Offline,H,11/26/2025,605162174,11/30/2025,1327,87.89,2.49,1.63,218.85,143.26,3304.23,2163.01,1141.22,290413.95,190106.02,100307.93
Middle East and North Africa,Qatar,Black Pepper,Kerala,Online,L,1/8/2019,818948113,1/21/2019,1327,69.11,8.07,6.39,557.72,441.61,10708.89,8479.53,2229.36,740094.44,586016.47,154077.97
Sub-Saharan Africa,Tanzania,Red Chilli,Andhra Pradesh,Offline,H,2/27/2024,363601217,3/9/2024,2551,83.21,3.29,2.18,273.76,181.4,8392.79,5561.18,2831.61,698361.76,462751.4,235610.36
Asia,South Korea,Cumin Seeds,Gujarat,Offline,M,11/17/2020,541663980,12/9/2020,389,75.02,3.62,2.72,271.57,204.05,1408.18,1058.08,350.1,105640.73,79375.45,26265.28
North America,United States,Turmeric,Tamil Nadu,Offline,M,7/31/2023,682225416,8/14/2023,7934,82.65,2.64,1.83,218.2,151.25,20945.76,14519.22,6426.54,1731198.8,1200017.5,531181.3
Middle East and North Africa,Morocco,Coriander Seeds,Madhya Pradesh,Online,M,2/2/2021,639384392,2/19/2021,6574,73.65,1.66,1.35,122.26,99.43,10912.84,8874.9,2037.94,803737.24,653652.82,150084.42
Australia and Oceania,Australia,Cumin Seeds,Rajasthan,Online,M,9/30/2023,509687334,10/14/2023,322,82.8,4.5,3.19,372.6,264.13,1449.0,1027.18,421.82,119977.2,85049.86,34927.34
Middle East and North Africa,United Arab Emirates,Fennel Seeds,Rajasthan,Offline,M,9/19/2022,773915874,10/6/2022,459,78.6,3.25,2.16,255.45,169.78,1491.75,991.44,500.31,117251.55,77929.02,39322.53
Europe,Belgium,Garam Masala,Gujarat,Offline,C,2/7/2021,180162916,2/13/2021,1112,73.19,8.56,4.83,626.51,353.51,9518.72,5370.96,4147.76,696679.12,393103.12,303576.0
North America,United States,Cardamom,Sikkim,Offline,M,10/14/2021,475342824,11/8/2021,710,75.56,22.42,19.98,1694.06,1509.69,15918.2,14185.8,1732.4,1202782.6,1071879.9,130902.7
North America,United States,Black Pepper,Karnataka,Offline,L,4/23/2020,138185459,5/21/2020,1535,73.48,8.65,6.0,635.6,440.88,13277.75,9210.0,4067.75,975646.0,676750.8,298895.2
Middle East and North Africa,Turkey,Turmeric,Tamil Nadu,Online,C,11/29/2019,591231963,12/4/2019,815,70.55,2.14,1.4,150.98,98.77,1744.1,1141.0,603.1,123048.7,80497.55,42551.15
Australia and Oceania,Australia,Turmeric,Tamil Nadu,Online,H,12/31/2019,456525633,1/11/2020,500,70.81,2.18,1.49,154.37,105.51,1090.0,745.0,345.0,77185.0,52755.0,24430.0
Australia and Oceania,New Zealand,Cloves,Tamil Nadu,Offline,L,5/12/2025,404337557,6/1/2025,448,86.69,12.2,9.99,1057.62,866.03,5465.6,4475.52,990.08,473813.76,387981.44,85832.32
Middle East and North Africa,Oman,Red Chilli,Madhya Pradesh,Offline,H,4/1/2024,806923180,4/7/2024,8412,83.27,3.62,2.11,301.44,175.7,30451.44,17749.32,12702.12,2535713.28,1477988.4,1057724.88
North America,United States,Coriander Seeds,Rajasthan,Offline,C,8/15/2025,947908781,8/16/2025,2457,87.68,1.99,1.21,174.48,106.09,4889.43,2972.97,1916.46,428697.36,260663.13,168034.23
Sub-Saharan Africa,Ethiopia,Fennel Seeds,Gujarat,Online,H,3/22/2022,452615146,4/1/2022,4400,77.69,2.86,2.01,222.19,156.16,12584.0,8844.0,3740.0,977636.0,687104.0,290532.0
Europe,Russia,Garam Masala,Gujarat,Offline,M,6/7/2023,238632362,6/30/2023,141,82.08,8.79,5.02,721.48,412.04,1239.39,707.82,531.57,101728.68,58097.64,43631.04
Asia,Indonesia,Fenugreek Seeds,Madhya Pradesh,Online,L,3/13/2023,502679537,4/20/2023,451,82.05,2.62,1.66,214.97,136.2,1181.62,748.66,432.96,96951.47,61426.2,35525.27
Europe,Netherlands,Black Pepper,Tamil Nadu,Offline,L,12/31/2022,314259502,1/15/2023,915,78.79,8.26,6.4,650.81,504.26,7557.9,5856.0,1701.9,595491.15,461397.9,134093.25
Europe,Sweden,Turmeric,Tamil Nadu,Offline,M,12/18/2022,951300687,1/5/2023,5529,78.43,2.48,1.75,194.51,137.25,13711.92,9675.75,4036.17,1075445.79,758855.25,316590.54
Sub-Saharan Africa,Ghana,Mustard Seeds,Madhya Pradesh,Offline,C,6/15/2024,404067450,6/18/2024,1899,83.89,1.41,0.97,118.28,81.37,2677.59,1842.03,835.56,224613.72,154521.63,70092.09
North America,Canada,Dry Ginger,Kerala,Offline,L,12/18/2020,107360450,1/4/2021,1696,73.93,3.12,2.2,230.66,162.65,5291.52,3731.2,1560.32,391199.36,275854.4,115344.96
Europe,Germany,Turmeric,Tamil Nadu,Online,M,9/16/2022,138088907,9/28/2022,1232,78.36,2.43,1.71,190.41,134.0,2993.76,2106.72,887.04,234585.12,165088.0,69497.12
Sub-Saharan Africa,Nigeria,Red Chilli,Andhra Pradesh,Online,H,8/5/2023,654736555,8/10/2023,1022,82.6,3.21,1.99,265.15,164.37,3280.62,2033.78,1246.84,270983.3,167986.14,102997.16
Australia and Oceania,Australia,Saffron,Jammu and Kashmir,Offline,C,9/21/2022,941606470,9/26/2022,1,78.9,2018.21,1706.35,159236.77,134631.02,2018.21,1706.35,311.86,159236.77,134631.02,24605.75
North America,United States,Turmeric,Odisha,Online,M,3/8/2021,952640659,3/23/2021,500,73.2,2.49,1.88,182.27,137.62,1245.0,940.0,305.0,91135.0,68810.0,22325.0
North America,United States,Cloves,Kerala,Online,L,4/23/2019,355666782,5/9/2019,100,69.32,10.22,7.3,708.45,506.04,1022.0,730.0,292.0,70845.0,50604.0,20241.0
Middle East and North Africa,United Arab Emirates,Nutmeg,Kerala,Offline,L,8/13/2019,891308065,9/10/2019,783,70.12,11.51,8.26,807.08,579.19,9012.33,6467.58,2544.75,631943.64,453505.77,178437.87
Middle East and North Africa,Saudi Arabia,Cardamom,Karnataka,Offline,M,3/8/2023,179625603,3/26/2023,718,82.69,23.37,18.59,1932.47,1537.21,16779.66,13347.62,3432.04,1387513.46,1103716.78,283796.68
North America,United States,Garam Masala,Gujarat,Online,M,3/27/2023,517605579,4/10/2023,111,83.02,8.6,4.8,713.97,398.5,954.6,532.8,421.8,79250.67,44233.5,35017.17
Europe,Spain,Cumin Seeds,Gujarat,Online,M,1/19/2025,191899401,1/25/2025,311,86.12,5.34,3.6,459.88,310.03,1660.74,1119.6,541.14,143022.68,96419.33,46603.35
Australia and Oceania,Fiji,Red Chilli,Telangana,Offline,H,2/1/2023,564083661,2/4/2023,610,82.67,3.34,2.11,276.12,174.43,2037.4,1287.1,750.3,168433.2,106402.3,62030.9
Europe,France,Black Pepper,Kerala,Offline,M,7/6/2024,746115837,7/16/2024,2675,83.62,10.19,7.58,852.09,633.84,27258.25,20276.5,6981.75,2279340.75,1695522.0,583818.75
Asia,South Korea,Black Pepper,Karnataka,Online,L,6/26/2020,591861606,7/23/2020,200,73.29,8.23,6.15,603.18,450.73,1646.0,1230.0,416.0,120636.0,90146.0,30490.0
Europe,Belgium,Coriander Seeds,Madhya Pradesh,Online,C,4/19/2020,691882083,4/25/2020,500,74.37,1.79,1.11,133.12,82.55,895.0,555.0,340.0,66560.0,41275.0,25285.0
Middle East and North Africa,Iran,Cumin Seeds,Gujarat,Offline,C,4/21/2020,200696100,4/23/2020,2233,73.67,4.03,2.47,296.89,181.96,8998.99,5515.51,3483.48,662955.37,406316.68,256638.69
Asia,Malaysia,Dry Ginger,Kerala,Online,M,2/26/2022,564196988,3/19/2022,1909,77.75,4.11,3.0,319.55,233.25,7845.99,5727.0,2118.99,610020.95,445274.25,164746.7
Asia,India,Black Pepper,Kerala,Online,M,11/5/2025,813694113,11/27/2025,2955,87.27,9.58,7.19,836.05,627.47,28308.9,21246.45,7062.45,2470527.75,1854173.85,616353.9
Middle East and North Africa,United Arab Emirates,Red Chilli,Telangana,Offline,H,4/26/2020,779081366,5/1/2020,2047,73.17,2.75,1.77,201.22,129.51,5629.25,3623.19,2006.06,411897.34,265106.97,146790.37
Australia and Oceania,Australia,Cloves,Kerala,Offline,M,7/26/2022,246933137,8/10/2022,1137,78.77,10.91,8.54,859.38,672.7,12404.67,9709.98,2694.69,977115.06,764859.9,212255.16
Europe,Netherlands,Turmeric,Maharashtra,Online,M,6/7/2023,914635635,6/15/2023,563,82.14,2.67,1.71,219.31,140.46,1503.21,962.73,540.48,123471.53,79078.98,44392.55
Europe,Germany,Cumin Seeds,Rajasthan,Offline,C,6/22/2021,837728002,6/27/2021,1318,74.68,4.23,2.73,315.9,203.88,5575.14,3598.14,1977.0,416356.2,268713.84,147642.36
North America,Canada,Cumin Seeds,Rajasthan,Offline,C,7/3/2025,515695236,7/4/2025,431,86.75,5.03,3.2,436.35,277.6,2167.93,1379.2,788.73,188066.85,119645.6,68421.25
Europe,Germany,Cinnamon,Kerala,Offline,L,5/13/2023,200380075,5/31/2023,342,83.22,5.79,4.0,481.84,332.88,1980.18,1368.0,612.18,164789.28,113844.96,50944.32
North America,United States,Nutmeg,Kerala,Offline,M,6/1/2020,889357675,6/18/2020,181,73.84,11.12,8.18,821.1,604.01,2012.72,1480.58,532.14,148619.1,109325.81,39293.29
Europe,Belgium,Dry Ginger,Meghalaya,Online,C,9/29/2025,669452862,10/2/2025,1187,88.26,4.85,3.58,428.06,315.97,5756.95,4249.46,1507.49,508107.22,375056.39,133050.83
Europe,Netherlands,Red Chilli,Madhya Pradesh,Offline,H,8/22/2023,259790676,8/31/2023,1991,82.17,3.52,2.19,289.24,179.95,7008.32,4360.29,2648.03,575876.84,358280.45,217596.39
North America,United States,Coriander Seeds,Madhya Pradesh,Online,C,7/16/2022,150085663,7/18/2022,3196,79.71,1.8,1.14,143.48,90.87,5752.8,3643.44,2109.36,458562.08,290420.52,168141.56
North America,United States,Garam Masala,Kerala,Offline,H,10/7/2019,585691080,10/10/2019,142,70.82,8.23,4.9,582.85,347.02,1168.66,695.8,472.86,82764.7,49276.84,33487.86
North America,United States,Garam Masala,Gujarat,Online,M,5/4/2021,923032326,5/28/2021,1340,73.98,8.01,4.22,592.58,312.2,10733.4,5654.8,5078.6,794057.2,418348.0,375709.2
Australia and Oceania,New Zealand,Turmeric,Telangana,Online,M,2/13/2024,408069568,3/5/2024,2252,83.64,2.73,1.86,228.34,155.57,6147.96,4188.72,1959.24,514221.68,350343.64,163878.04
Asia,Vietnam,Red Chilli,Telangana,Offline,L,10/30/2021,885951591,11/22/2021,8196,74.18,2.81,1.82,208.45,135.01,23030.76,14916.72,8114.04,1708456.2,1106541.96,601914.24
Asia,Singapore,Black Pepper,Kerala,Offline,H,1/5/2022,901889414,1/10/2022,2507,77.85,8.08,6.14,629.03,478.0,20256.56,15392.98,4863.58,1576978.21,1198346.0,378632.21
North America,United States,Fennel Seeds,Gujarat,Offline,M,11/14/2025,227768964,11/26/2025,412,87.64,3.26,1.97,285.71,172.65,1343.12,811.64,531.48,117712.52,71131.8,46580.72
Asia,South Korea,Black Pepper,Karnataka,Online,M,1/11/2025,535915591,1/29/2025,489,85.62,9.91,6.55,848.49,560.81,4845.99,3202.95,1643.04,414911.61,274236.09,140675.52
Europe,Sweden,Fenugreek Seeds,Rajasthan,Offline,L,5/8/2021,602734307,6/11/2021,4370,73.86,2.7,1.66,199.42,122.61,11799.0,7254.2,4544.8,871465.4,535805.7,335659.7
Europe,Belgium,Cloves,Kerala,Online,L,4/4/2022,950391608,4/16/2022,181,77.88,11.57,9.4,901.07,732.07,2094.17,1701.4,392.77,163093.67,132504.67,30589.0
Asia,South Korea,Cloves,Kerala,Offline,M,3/8/2019,320833096,3/15/2019,539,70.37,9.49,7.65,667.81,538.33,5115.11,4123.35,991.76,359949.59,290159.87,69789.72
Sub-Saharan Africa,Nigeria,Cumin Seeds,Rajasthan,Online,L,9/16/2019,789358332,10/8/2019,2659,70.55,4.06,2.78,286.43,196.13,10795.54,7392.02,3403.52,761617.37,521509.67,240107.7
North America,United States,Fenugreek Seeds,Madhya Pradesh,Offline,H,2/13/2020,936510652,2/17/2020,538,73.71,2.54,1.69,187.22,124.57,1366.52,909.22,457.3,100724.36,67018.66,33705.7
Middle East and North Africa,Saudi Arabia,Fennel Seeds,Gujarat,Online,L,10/19/2019,127169622,11/22/2019,2957,71.34,2.84,1.88,202.61,134.12,8397.88,5559.16,2838.72,599117.77,396592.84,202524.93
Asia,Malaysia,Cinnamon,Tamil Nadu,Offline,L,11/3/2023,343706964,11/14/2023,374,82.79,5.5,3.89,455.35,322.05,2057.0,1454.86,602.14,170300.9,120446.7,49854.2
Middle East and North Africa,Egypt,Cumin Seeds,Gujarat,Online,L,7/26/2019,978486554,8/14/2019,1072,70.64,3.4,2.39,240.18,168.83,3644.8,2562.08,1082.72,257472.96,180985.76,76487.2
Asia,Indonesia,Cumin Seeds,Gujarat,Online,M,9/22/2023,415923238,10/4/2023,300,82.57,4.93,3.56,407.07,293.95,1479.0,1068.0,411.0,122121.0,88185.0,33936.0
Europe,Germany,Dry Ginger,Kerala,Offline,L,5/17/2025,865533064,5/29/2025,1134,87.31,4.13,2.84,360.59,247.96,4683.42,3220.56,1462.86,408909.06,281186.64,127722.42
Sub-Saharan Africa,Kenya,Saffron,Jammu and Kashmir,Offline,H,5/8/2025,556898225,5/15/2025,18,87.07,2272.26,1789.44,197845.68,155806.54,40900.68,32209.92,8690.76,3561222.24,2804517.72,756704.52
Middle East and North Africa,Morocco,Red Chilli,Andhra Pradesh,Offline,L,9/8/2023,956177498,10/7/2023,3422,83.8,3.01,1.79,252.24,150.0,10300.22,6125.38,4174.84,863165.28,513300.0,349865.28
Europe,United Kingdom,Coriander Seeds,Madhya Pradesh,Offline,L,5/4/2023,845811275,6/7/2023,519,82.93,1.77,1.16,146.79,96.2,918.63,602.04,316.59,76184.01,49927.8,26256.21
Europe,France,Black Pepper,Tamil Nadu,Online,M,7/28/2023,268477979,8/19/2023,1498,82.69,9.69,7.68,801.27,635.06,14515.62,11504.64,3010.98,1200302.46,951319.88,248982.58
Europe,United Kingdom,Red Chilli,Telangana,Offline,M,11/23/2021,320291425,12/16/2021,1032,73.78,3.1,2.03,228.72,149.77,3199.2,2094.96,1104.24,236039.04,154562.64,81476.4
Asia,Pakistan,Black Pepper,Kerala,Offline,M,3/17/2021,699826882,3/31/2021,2631,73.63,7.77,5.44,572.11,400.55,20442.87,14312.64,6130.23,1505221.41,1053847.05,451374.36
Asia,Vietnam,Red Chilli,Karnataka,Offline,L,4/22/2025,707959272,5/15/2025,753,86.55,3.17,1.99,274.36,172.23,2387.01,1498.47,888.54,206593.08,129689.19,76903.89
Europe,United Kingdom,Turmeric,Telangana,Offline,M,3/9/2025,309710684,3/24/2025,4936,85.69,2.52,1.64,215.94,140.53,12438.72,8095.04,4343.68,1065879.84,693656.08,372223.76
Middle East and North Africa,Morocco,Black Pepper,Karnataka,Offline,C,5/26/2021,520541560,6/1/2021,1092,73.58,7.38,5.28,543.02,388.5,8058.96,5765.76,2293.2,592977.84,424242.0,168735.84
Sub-Saharan Africa,Nigeria,Red Chilli,Telangana,Offline,M,5/16/2025,686421951,5/31/2025,3736,87.19,3.24,2.1,282.5,183.1,12104.64,7845.6,4259.04,1055420.0,684061.6,371358.4
Sub-Saharan Africa,Kenya,Cumin Seeds,Rajasthan,Offline,M,9/5/2024,980249377,9/16/2024,2970,84.54,4.67,2.98,394.8,251.93,13869.9,8850.6,5019.3,1172556.0,748232.1,424323.9
Central America and the Caribbean,Trinidad and Tobago,Black Pepper,Kerala,Online,L,10/19/2024,477622836,11/4/2024,2806,84.26,10.37,7.52,873.78,633.64,29098.22,21101.12,7997.1,2451826.68,1777993.84,673832.84
Europe,United Kingdom,Red Chilli,Andhra Pradesh,Offline,H,2/10/2023,828752924,2/20/2023,1480,81.89,3.39,2.23,277.61,182.61,5017.2,3300.4,1716.8,410862.8,270262.8,140600.0
Europe,Poland,Cumin Seeds,Rajasthan,Offline,L,7/10/2025,176820545,8/3/2025,2831,87.7,4.63,3.15,406.05,276.25,13107.53,8917.65,4189.88,1149527.55,782063.75,367463.8
Europe,Germany,Red Chilli,Andhra Pradesh,Offline,L,3/10/2025,237815367,4/7/2025,3336,85.79,3.61,2.05,309.7,175.87,12042.96,6838.8,5204.16,1033159.2,586702.32,446456.88
Middle East and North Africa,Egypt,Turmeric,Tamil Nadu,Offline,L,5/31/2020,215831515,7/10/2020,6192,73.44,2.15,1.41,157.9,103.55,13312.8,8730.72,4582.08,977716.8,641181.6,336535.2
North America,United States,Mustard Seeds,Rajasthan,Offline,M,7/3/2020,485749797,7/11/2020,1315,74.13,1.34,0.83,99.33,61.53,1762.1,1091.45,670.65,130618.95,80911.95,49707.0
Europe,Netherlands,Cinnamon,Kerala,Offline,M,8/24/2023,752129017,9/18/2023,244,83.16,5.58,4.12,464.03,342.62,1361.52,1005.28,356.24,113223.32,83599.28,29624.04
Australia and Oceania,Australia,Red Chilli,Telangana,Online,M,6/12/2020,888464302,6/30/2020,500,73.61,3.03,1.83,223.04,134.71,1515.0,915.0,600.0,111520.0,67355.0,44165.0
Central America and the Caribbean,Panama,Black Pepper,Kerala,Online,L,10/9/2020,931694013,10/19/2020,274,74.46,7.75,6.04,577.06,449.74,2123.5,1654.96,468.54,158114.44,123228.76,34885.68
Middle East and North Africa,Turkey,Cumin Seeds,Gujarat,Online,M,2/28/2022,741345629,3/7/2022,2526,78.26,4.37,3.18,342.0,248.87,11038.62,8032.68,3005.94,863892.0,628645.62,235246.38
Asia,Indonesia,Garam Masala,Kerala,Offline,L,9/1/2023,737090282,9/29/2023,2232,82.39,8.04,4.5,662.42,370.75,17945.28,10044.0,7901.28,1478521.44,827514.0,651007.44
Asia,Sri Lanka,Dry Ginger,Kerala,Online,H,4/15/2021,682921411,4/20/2021,331,73.45,3.89,2.43,285.72,178.48,1287.59,804.33,483.26,94573.32,59076.88,35496.44
Australia and Oceania,Australia,Red Chilli,Madhya Pradesh,Offline,L,7/28/2023,429678868,8/26/2023,5034,81.98,3.37,2.19,276.27,179.54,16964.58,11024.46,5940.12,1390743.18,903804.36,486938.82
Australia and Oceania,New Zealand,Dry Ginger,Sikkim,Offline,M,10/25/2025,482939183,11/12/2025,327,87.42,4.0,2.86,349.68,250.02,1308.0,935.22,372.78,114345.36,81756.54,32588.82
Europe,France,Cardamom,Sikkim,Online,M,7/9/2020,374427263,7/14/2020,95,73.66,24.16,21.29,1779.63,1568.22,2295.2,2022.55,272.65,169064.85,148980.9,20083.95
Middle East and North Africa,United Arab Emirates,Cardamom,Kerala,Online,H,3/8/2024,954744923,3/19/2024,223,82.88,24.05,18.18,1993.26,1506.76,5363.15,4054.14,1309.01,444496.98,336007.48,108489.5
Asia,India,Cardamom,Karnataka,Offline,M,3/31/2023,335397741,4/16/2023,50,83.29,21.89,16.74,1823.22,1394.27,1094.5,837.0,257.5,91161.0,69713.5,21447.5
Asia,Singapore,Dry Ginger,Odisha,Offline,M,10/28/2025,160973943,11/14/2025,490,86.92,4.07,2.99,353.76,259.89,1994.3,1465.1,529.2,173342.4,127346.1,45996.3
Sub-Saharan Africa,Nigeria,Red Chilli,Madhya Pradesh,Offline,L,2/5/2022,852041974,2/26/2022,905,77.79,2.8,1.71,217.81,133.02,2534.0,1547.55,986.45,197118.05,120383.1,76734.95
Asia,Nepal,Cardamom,Kerala,Offline,L,5/24/2022,940039168,6/26/2022,157,77.52,23.45,20.05,1817.84,1554.28,3681.65,3147.85,533.8,285400.88,244021.96,41378.92
Sub-Saharan Africa,Kenya,Dry Ginger,Karnataka,Offline,M,6/9/2021,199118906,7/4/2021,2388,73.88,3.36,2.19,248.24,161.8,8023.68,5229.72,2793.96,592797.12,386378.4,206418.72
North America,United States,Mustard Seeds,Rajasthan,Online,C,7/4/2024,319731383,7/5/2024,1266,83.43,1.37,0.91,114.3,75.92,1734.42,1152.06,582.36,144703.8,96114.72,48589.08
Europe,Netherlands,Cinnamon,Kerala,Online,L,11/11/2025,771823932,12/21/2025,431,87.46,6.32,4.8,552.75,419.81,2723.92,2068.8,655.12,238235.25,180938.11,57297.14
North America,United States,Red Chilli,Telangana,Offline,L,11/25/2023,490612572,1/2/2024,1986,83.01,3.28,2.26,272.27,187.6,6514.08,4488.36,2025.72,540728.22,372573.6,168154.62
Europe,Netherlands,Cardamom,Kerala,Online,M,1/23/2022,149258028,2/13/2022,1153,78.15,25.19,19.7,1968.6,1539.56,29044.07,22714.1,6329.97,2269795.8,1775112.68,494683.12
Sub-Saharan Africa,Ghana,Cumin Seeds,Rajasthan,Online,H,7/10/2025,126830583,7/17/2025,931,86.31,4.34,2.88,374.59,248.57,4040.54,2681.28,1359.26,348743.29,231418.67,117324.62
Asia,Vietnam,Cardamom,Kerala,Offline,M,10/27/2019,591762405,11/20/2019,63,70.72,22.13,15.66,1565.03,1107.48,1394.19,986.58,407.61,98596.89,69771.24,28825.65
Europe,Germany,Cinnamon,Kerala,Offline,C,3/2/2021,675921848,3/8/2021,907,73.39,4.78,3.43,350.8,251.73,4335.46,3111.01,1224.45,318175.6,228319.11,89856.49
Middle East and North Africa,United Arab Emirates,Turmeric,Tamil Nadu,Offline,H,11/13/2024,951992115,11/25/2024,555,83.61,2.36,1.63,197.32,136.28,1309.8,904.65,405.15,109512.6,75635.4,33877.2
Asia,Vietnam,Red Chilli,Maharashtra,Online,L,9/12/2021,975495931,10/18/2021,834,74.05,2.79,1.83,206.6,135.51,2326.86,1526.22,800.64,172304.4,113015.34,59289.06
Asia,Sri Lanka,Black Pepper,Kerala,Offline,H,9/25/2024,118397444,10/1/2024,1391,84.1,8.39,7.01,705.6,589.54,11670.49,9750.91,1919.58,981489.6,820050.14,161439.46
North America,United States,Cinnamon,Kerala,Online,M,9/24/2024,968574238,10/4/2024,824,84.82,6.38,4.76,541.15,403.74,5257.12,3922.24,1334.88,445907.6,332681.76,113225.84
Middle East and North Africa,Saudi Arabia,Turmeric,Telangana,Online,L,7/2/2024,755130499,7/28/2024,2494,84.27,2.35,1.91,198.03,160.96,5860.9,4763.54,1097.36,493886.82,401434.24,92452.58
Middle East and North Africa,United Arab Emirates,Saffron,Jammu and Kashmir,Offline,M,4/5/2021,671524557,4/26/2021,5,73.49,2120.07,1957.68,155803.94,143869.9,10600.35,9788.4,811.95,779019.7,719349.5,59670.2
North America,Mexico,Red Chilli,Karnataka,Online,M,3/12/2021,395438491,3/23/2021,1312,73.16,3.49,2.22,255.33,162.42,4578.88,2912.64,1666.24,334992.96,213095.04,121897.92
Asia,Japan,Cumin Seeds,Gujarat,Offline,H,9/22/2019,110966469,9/30/2019,479,71.07,3.51,2.28,249.46,162.04,1681.29,1092.12,589.17,119491.34,77617.16,41874.18
Asia,Vietnam,Red Chilli,Andhra Pradesh,Offline,M,1/19/2022,262446608,2/3/2022,1515,78.31,3.51,2.24,274.87,175.41,5317.65,3393.6,1924.05,416428.05,265746.15,150681.9
Middle East and North Africa,United Arab Emirates,Fennel Seeds,Gujarat,Offline,C,10/12/2019,926497743,10/18/2019,370,71.57,2.65,1.72,189.66,123.1,980.5,636.4,344.1,70174.2,45547.0,24627.2
Sub-Saharan Africa,Nigeria,Fenugreek Seeds,Gujarat,Online,M,1/15/2023,810911760,1/24/2023,2518,82.05,2.52,1.5,206.77,123.07,6345.36,3777.0,2568.36,520646.86,309890.26,210756.6
Middle East and North Africa,Jordan,Black Pepper,Kerala,Offline,C,7/15/2025,133827165,7/16/2025,4669,87.68,8.66,6.4,759.31,561.15,40433.54,29881.6,10551.94,3545218.39,2620009.35,925209.04
Asia,Vietnam,Fenugreek Seeds,Rajasthan,Online,L,7/27/2020,269759169,8/15/2020,352,73.75,2.47,1.67,182.16,123.16,869.44,587.84,281.6,64120.32,43352.32,20768.0
Europe,Sweden,Turmeric,Andhra Pradesh,Online,M,5/23/2020,319413703,6/1/2020,925,73.76,2.36,2.08,174.07,153.42,2183.0,1924.0,259.0,161014.75,141913.5,19101.25
Europe,Sweden,Cloves,Tamil Nadu,Online,M,12/13/2024,693745724,1/1/2025,900,84.79,10.96,8.72,929.3,739.37,9864.0,7848.0,2016.0,836370.0,665433.0,170937.0
Middle East and North Africa,United Arab Emirates,Cloves,Tamil Nadu,Offline,H,7/24/2021,332982247,8/5/2021,169,73.33,10.05,7.2,736.97,527.98,1698.45,1216.8,481.65,124547.93,89228.62,35319.31
Asia,Bangladesh,Cumin Seeds,Rajasthan,Offline,M,1/15/2022,174402920,2/2/2022,1903,78.32,3.88,2.6,303.88,203.63,7383.64,4947.8,2435.84,578283.64,387507.89,190775.75
Europe,Belgium,Cumin Seeds,Gujarat,Offline,L,6/24/2022,860894463,7/12/2022,1955,78.28,4.36,2.62,341.3,205.09,8523.8,5122.1,3401.7,667241.5,400950.95,266290.55
Asia,India,Cloves,Kerala,Offline,M,10/7/2022,423666770,10/31/2022,107,79.45,12.13,11.43,963.73,908.11,1297.91,1223.01,74.9,103119.11,97167.77,5951.34
North America,United States,Dry Ginger,Odisha,Offline,M,11/5/2024,678905607,11/26/2024,1049,83.59,4.02,2.63,336.03,219.84,4216.98,2758.87,1458.11,352495.47,230612.16,121883.31
Middle East and North Africa,Egypt,Red Chilli,Telangana,Offline,H,8/28/2020,862732643,9/4/2020,1831,73.49,2.77,1.54,203.57,113.17,5071.87,2819.74,2252.13,372736.67,207214.27,165522.4
Sub-Saharan Africa,Nigeria,Mustard Seeds,Rajasthan,Offline,M,3/24/2019,974107096,3/30/2019,8488,70.39,1.08,0.67,76.02,47.16,9167.04,5686.96,3480.08,645257.76,400294.08,244963.68
North America,United States,Cumin Seeds,Gujarat,Online,H,2/26/2025,184316943,3/3/2025,2001,86.84,4.89,3.47,424.65,301.33,9784.89,6943.47,2841.42,849724.65,602961.33,246763.32
Europe,Belgium,Cumin Seeds,Gujarat,Online,M,3/7/2024,311908165,3/23/2024,1315,82.38,5.03,3.23,414.37,266.09,6614.45,4247.45,2367.0,544896.55,349908.35,194988.2
Asia,Nepal,Red Chilli,Telangana,Online,M,10/15/2022,396072528,11/8/2022,4065,78.73,3.45,2.42,271.62,190.53,14024.25,9837.3,4186.95,1104135.3,774504.45,329630.85
Middle East and North Africa,Saudi Arabia,Cardamom,Karnataka,Online,L,10/21/2021,253204376,11/28/2021,642,73.73,22.72,17.56,1675.15,1294.7,14586.24,11273.52,3312.72,1075446.3,831197.4,244248.9
North America,Mexico,Cloves,Tamil Nadu,Online,C,12/27/2024,153751634,12/30/2024,162,84.66,12.62,9.36,1068.41,792.42,2044.44,1516.32,528.12,173082.42,128372.04,44710.38
Asia,South Korea,Red Chilli,Telangana,Online,H,5/23/2023,455986326,6/4/2023,3975,82.44,3.45,2.17,284.42,178.89,13713.75,8625.75,5088.0,1130569.5,711087.75,419481.75
Asia,Vietnam,Black Pepper,Kerala,Offline,L,3/22/2024,799172701,4/12/2024,213,83.68,8.34,6.32,697.89,528.86,1776.42,1346.16,430.26,148650.57,112647.18,36003.39
Europe,Spain,Dry Ginger,Odisha,Offline,M,9/12/2019,148579307,9/17/2019,4671,70.1,3.51,2.63,246.05,184.36,16395.21,12284.73,4110.48,1149299.55,861145.56,288153.99
Central America and the Caribbean,Panama,Coriander Seeds,Gujarat,Offline,L,11/8/2022,882485555,11/19/2022,1009,78.83,1.74,1.08,137.16,85.14,1755.66,1089.72,665.94,138394.44,85906.26,52488.18
Europe,Russia,Nutmeg,Kerala,Online,H,9/11/2020,837329087,9/16/2020,454,73.99,11.88,8.68,879.0,642.23,5393.52,3940.72,1452.8,399066.0,291572.42,107493.58
Europe,Italy,Cinnamon,Kerala,Online,L,2/18/2025,359074560,3/24/2025,275,87.06,5.99,4.24,521.49,369.13,1647.25,1166.0,481.25,143409.75,101510.75,41899.0
Asia,Malaysia,Fenugreek Seeds,Rajasthan,Online,C,4/8/2024,556592714,4/11/2024,410,84.16,2.99,2.12,251.64,178.42,1225.9,869.2,356.7,103172.4,73152.2,30020.2
Middle East and North Africa,Morocco,Cloves,Kerala,Offline,H,7/2/2020,126416420,7/5/2020,116,73.66,10.9,8.25,802.89,607.69,1264.4,957.0,307.4,93135.24,70492.04,22643.2
North America,Mexico,Cardamom,Sikkim,Online,L,9/24/2025,893712580,10/18/2025,229,87.6,25.93,23.73,2271.47,2078.75,5937.97,5434.17,503.8,520166.63,476033.75,44132.88
Middle East and North Africa,Iran,Red Chilli,Telangana,Offline,M,9/15/2019,117330280,9/24/2019,553,68.99,2.7,1.68,186.27,115.9,1493.1,929.04,564.06,103007.31,64092.7,38914.61
Central America and the Caribbean,Panama,Cinnamon,Kerala,Offline,M,5/5/2019,600090407,5/12/2019,637,70.91,4.6,3.16,326.19,224.08,2930.2,2012.92,917.28,207783.03,142738.96,65044.07
Europe,Netherlands,Fenugreek Seeds,Gujarat,Offline,L,5/1/2022,984505655,5/30/2022,920,77.53,2.85,1.99,220.96,154.28,2622.0,1830.8,791.2,203283.2,141937.6,61345.6
Middle East and North Africa,Saudi Arabia,Coriander Seeds,Madhya Pradesh,Offline,M,9/28/2021,786148902,10/3/2021,3734,73.43,1.78,1.11,130.71,81.51,6646.52,4144.74,2501.78,488071.14,304358.34,183712.8
Europe,Italy,Red Chilli,Telangana,Online,M,9/11/2022,253656798,9/19/2022,2272,79.07,3.27,2.01,258.56,158.93,7429.44,4566.72,2862.72,587448.32,361088.96,226359.36
North America,Mexico,Cumin Seeds,Gujarat,Offline,L,4/24/2024,933098642,5/4/2024,4719,83.79,4.86,3.1,407.22,259.75,22934.34,14628.9,8305.44,1921671.18,1225760.25,695910.93
Asia,Bangladesh,Fennel Seeds,Gujarat,Online,L,11/29/2020,293812185,12/14/2020,536,74.32,2.69,1.74,199.92,129.32,1441.84,932.64,509.2,107157.12,69315.52,37841.6
Sub-Saharan Africa,Ghana,Turmeric,Andhra Pradesh,Online,H,4/28/2021,601487068,5/8/2021,2414,73.48,2.17,1.43,159.45,105.08,5238.38,3452.02,1786.36,384912.3,253663.12,131249.18
Middle East and North Africa,Egypt,Saffron,Jammu and Kashmir,Online,M,6/11/2020,214890748,6/21/2020,3,73.84,1926.78,1710.01,142273.44,126267.14,5780.34,5130.03,650.31,426820.32,378801.42,48018.9
Middle East and North Africa,United Arab Emirates,Cumin Seeds,Gujarat,Online,M,3/19/2025,969488236,4/6/2025,3933,86.89,4.84,3.26,420.55,283.26,19035.72,12821.58,6214.14,1654023.15,1114061.58,539961.57
Middle East and North Africa,Turkey,Red Chilli,Karnataka,Offline,M,3/24/2020,768235789,4/2/2020,2349,74.2,2.85,1.84,211.47,136.53,6694.65,4322.16,2372.49,496743.03,320708.97,176034.06
Europe,Germany,Red Chilli,Andhra Pradesh,Offline,L,7/13/2019,900095247,8/16/2019,719,70.42,2.72,1.64,191.54,115.49,1955.68,1179.16,776.52,137717.26,83037.31,54679.95
Middle East and North Africa,Saudi Arabia,Dry Ginger,Odisha,Online,H,1/23/2024,227485636,2/2/2024,437,83.1,4.01,2.99,333.23,248.47,1752.37,1306.63,445.74,145621.51,108581.39,37040.12
Asia,Sri Lanka,Red Chilli,Telangana,Offline,L,9/27/2020,851472569,10/7/2020,6829,74.63,3.14,1.92,234.34,143.29,21443.06,13111.68,8331.38,1600307.86,978527.41,621780.45
Asia,Indonesia,Coriander Seeds,Madhya Pradesh,Online,H,5/29/2023,627975854,6/7/2023,3510,82.65,1.73,1.21,142.98,100.01,6072.3,4247.1,1825.2,501859.8,351035.1,150824.7
Middle East and North Africa,Jordan,Cinnamon,Kerala,Online,M,9/29/2024,603842133,10/6/2024,1274,83.85,5.54,4.11,464.53,344.62,7057.96,5236.14,1821.82,591811.22,439045.88,152765.34
Middle East and North Africa,Egypt,Cardamom,Karnataka,Offline,C,5/24/2019,464172476,5/25/2019,274,70.98,20.93,17.43,1485.61,1237.18,5734.82,4775.82,959.0,407057.14,338987.32,68069.82
Asia,Pakistan,Turmeric,Andhra Pradesh,Offline,M,11/6/2021,422594039,11/21/2021,3362,74.71,2.32,1.34,173.33,100.11,7799.84,4505.08,3294.76,582735.46,336569.82,246165.64
Europe,Spain,Turmeric,Maharashtra,Online,L,2/23/2021,329729866,3/29/2021,856,73.2,2.42,1.61,177.14,117.85,2071.52,1378.16,693.36,151631.84,100879.6,50752.24
Sub-Saharan Africa,Ghana,Garam Masala,Kerala,Offline,C,12/16/2024,218778909,12/22/2024,384,85.56,7.21,4.57,616.89,391.01,2768.64,1754.88,1013.76,236885.76,150147.84,86737.92
Middle East and North Africa,Saudi Arabia,Cumin Seeds,Gujarat,Online,H,3/4/2025,944756329,3/7/2025,748,86.71,4.8,3.36,416.21,291.35,3590.4,2513.28,1077.12,311325.08,217929.8,93395.28
Asia,Bangladesh,Black Pepper,Karnataka,Online,M,1/21/2025,962057755,1/27/2025,828,86.0,9.93,6.79,853.98,583.94,8222.04,5622.12,2599.92,707095.44,483502.32,223593.12
Europe,Germany,Red Chilli,Telangana,Offline,H,10/11/2021,450403178,10/17/2021,694,74.33,3.26,1.83,242.32,136.02,2262.44,1270.02,992.42,168170.08,94397.88,73772.2
Asia,Malaysia,Saffron,Jammu and Kashmir,Online,M,3/18/2025,442625715,4/1/2025,3,86.16,2290.24,2066.38,197327.08,178039.3,6870.72,6199.14,671.58,591981.24,534117.9,57863.34
Europe,Germany,Cloves,Tamil Nadu,Offline,C,3/13/2024,951493993,3/17/2024,122,83.42,11.51,8.14,960.16,679.04,1404.22,993.08,411.14,117139.52,82842.88,34296.64
Middle East and North Africa,United Arab Emirates,Black Pepper,Karnataka,Online,M,4/19/2019,697218019,5/2/2019,200,70.11,7.49,5.62,525.12,394.02,1498.0,1124.0,374.0,105024.0,78804.0,26220.0
Asia,Nepal,Dry Ginger,Meghalaya,Offline,M,7/21/2024,135081530,8/9/2024,929,84.47,4.14,2.9,349.71,244.96,3846.06,2694.1,1151.96,324880.59,227567.84,97312.75
Europe,Germany,Fenugreek Seeds,Rajasthan,Online,M,7/22/2019,366103800,7/31/2019,632,69.83,2.59,1.6,180.86,111.73,1636.88,1011.2,625.68,114303.52,70613.36,43690.16
Sub-Saharan Africa,South Africa,Cardamom,Karnataka,Online,L,1/22/2025,751763626,2/11/2025,147,86.79,26.06,20.57,2261.75,1785.27,3830.82,3023.79,807.03,332477.25,262434.69,70042.56
Asia,Bangladesh,Turmeric,Tamil Nadu,Offline,L,9/11/2019,888073078,10/19/2019,694,70.83,1.87,1.36,132.45,96.33,1297.78,943.84,353.94,91920.3,66853.02,25067.28
North America,Mexico,Cumin Seeds,Gujarat,Offline,L,9/26/2021,555607534,11/5/2021,1141,73.5,4.24,2.54,311.64,186.69,4837.84,2898.14,1939.7,355581.24,213013.29,142567.95
Middle East and North Africa,Morocco,Cumin Seeds,Gujarat,Online,L,4/11/2024,901960610,5/6/2024,365,83.09,4.72,3.26,392.18,270.87,1722.8,1189.9,532.9,143145.7,98867.55,44278.15
Asia,South Korea,Turmeric,Odisha,Online,M,12/29/2025,966161298,1/4/2026,1399,87.27,2.38,1.77,207.7,154.47,3329.62,2476.23,853.39,290572.3,216103.53,74468.77
North America,United States,Cumin Seeds,Rajasthan,Offline,H,2/9/2021,682457768,2/17/2021,2208,73.41,3.76,2.47,276.02,181.32,8302.08,5453.76,2848.32,609452.16,400354.56,209097.6
Europe,Germany,Cumin Seeds,Rajasthan,Offline,H,12/1/2021,693864196,12/6/2021,1503,73.97,3.82,2.71,282.57,200.46,5741.46,4073.13,1668.33,424702.71,301291.38,123411.33
Asia,Bangladesh,Cinnamon,Tamil Nadu,Offline,L,11/5/2022,466006970,11/21/2022,228,79.85,5.81,3.96,463.93,316.21,1324.68,902.88,421.8,105776.04,72095.88,33680.16
Europe,Netherlands,Cinnamon,Kerala,Online,M,4/6/2023,804263828,4/18/2023,986,81.18,5.88,4.38,477.34,355.57,5797.68,4318.68,1479.0,470657.24,350592.02,120065.22
Europe,Netherlands,Cumin Seeds,Gujarat,Online,L,12/26/2024,962746159,1/15/2025,396,84.62,4.59,4.56,388.41,385.87,1817.64,1805.76,11.88,153810.36,152804.52,1005.84
Europe,Sweden,Black Pepper,Karnataka,Online,M,12/24/2025,244707853,12/29/2025,560,86.85,10.01,7.29,869.37,633.14,5605.6,4082.4,1523.2,486847.2,354558.4,132288.8
Australia and Oceania,Fiji,Cardamom,Karnataka,Offline,M,12/27/2024,708518044,1/16/2025,1282,84.79,27.72,23.09,2350.38,1957.8,35537.04,29601.38,5935.66,3013187.16,2509899.6,503287.56
Central America and the Caribbean,Trinidad and Tobago,Cumin Seeds,Gujarat,Offline,M,11/20/2020,238773329,11/29/2020,2576,73.56,3.94,2.55,289.83,187.58,10149.44,6568.8,3580.64,746602.08,483206.08,263396.0
Asia,Bangladesh,Mustard Seeds,Rajasthan,Online,L,10/22/2024,781782907,11/28/2024,5192,84.05,1.38,0.96,115.99,80.69,7164.96,4984.32,2180.64,602220.08,418942.48,183277.6
Asia,Thailand,Turmeric,Maharashtra,Offline,M,10/24/2025,685920269,10/31/2025,1211,86.74,2.33,1.5,202.1,130.11,2821.63,1816.5,1005.13,244743.1,157563.21,87179.89
Sub-Saharan Africa,Kenya,Garam Masala,Kerala,Offline,H,12/23/2025,765910631,1/3/2026,600,87.41,7.17,4.5,626.73,393.34,4302.0,2700.0,1602.0,376038.0,236004.0,140034.0
Asia,Indonesia,Cinnamon,Kerala,Online,L,9/24/2023,778129385,10/20/2023,397,82.72,5.73,5.71,473.99,472.33,2274.81,2266.87,7.94,188174.03,187515.01,659.02
Asia,Singapore,Coriander Seeds,Rajasthan,Online,L,11/6/2021,896724627,11/16/2021,500,75.13,1.8,1.18,135.23,88.65,900.0,590.0,310.0,67615.0,44325.0,23290.0
Europe,Germany,Cardamom,Karnataka,Online,M,7/3/2024,669260530,7/19/2024,50,84.02,27.99,21.6,2351.72,1814.83,1399.5,1080.0,319.5,117586.0,90741.5,26844.5
Sub-Saharan Africa,Ghana,Cardamom,Kerala,Online,L,11/4/2021,368224809,11/22/2021,227,74.08,22.88,18.03,1694.95,1335.66,5193.76,4092.81,1100.95,384753.65,303194.82,81558.83
North America,Canada,Cardamom,Tamil Nadu,Online,M,10/7/2019,982006515,10/31/2019,192,70.71,24.81,19.55,1754.32,1382.38,4763.52,3753.6,1009.92,336829.44,265416.96,71412.48
Sub-Saharan Africa,Nigeria,Red Chilli,Karnataka,Offline,L,6/22/2019,452879276,7/31/2019,991,70.24,2.61,1.64,183.33,115.19,2586.51,1625.24,961.27,181680.03,114153.29,67526.74
Asia,Singapore,Garam Masala,Gujarat,Online,C,8/14/2019,461516471,8/20/2019,427,70.74,6.4,3.62,452.74,256.08,2732.8,1545.74,1187.06,193319.98,109346.16,83973.82
North America,United States,Turmeric,Telangana,Offline,L,11/2/2022,894874304,11/25/2022,2601,79.22,2.47,1.59,195.67,125.96,6424.47,4135.59,2288.88,508937.67,327621.96,181315.71
Asia,Malaysia,Cloves,Tamil Nadu,Offline,L,3/5/2025,758328753,4/4/2025,318,86.6,12.29,10.1,1064.31,874.66,3908.22,3211.8,696.42,338450.58,278141.88,60308.7
Middle East and North Africa,Turkey,Cardamom,Kerala,Offline,C,12/15/2025,629173194,12/17/2025,537,88.04,26.38,20.57,2322.5,1810.98,14166.06,11046.09,3119.97,1247182.5,972496.26,274686.24
Asia,Malaysia,Red Chilli,Madhya Pradesh,Offline,L,3/31/2025,891708014,4/23/2025,542,86.86,3.34,1.92,290.11,166.77,1810.28,1040.64,769.64,157239.62,90389.34,66850.28
Europe,Spain,Cardamom,Kerala,Offline,H,3/18/2024,312439496,3/22/2024,1014,83.37,26.34,22.66,2195.97,1889.16,26708.76,22977.24,3731.52,2226713.58,1915608.24,311105.34
Australia and Oceania,Australia,Cumin Seeds,Rajasthan,Offline,L,10/28/2020,145608897,12/1/2020,5883,73.4,3.87,2.47,284.06,181.3,22767.21,14531.01,8236.2,1671124.98,1066587.9,604537.08
Europe,Poland,Cumin Seeds,Rajasthan,Offline,M,2/23/2020,847951917,3/18/2020,344,74.57,3.54,2.25,263.98,167.78,1217.76,774.0,443.76,90809.12,57716.32,33092.8
Europe,Spain,Red Chilli,Maharashtra,Online,M,12/5/2021,513536810,12/28/2021,736,74.25,3.29,2.15,244.28,159.64,2421.44,1582.4,839.04,179790.08,117495.04,62295.04
Europe,United Kingdom,Cumin Seeds,Gujarat,Offline,L,12/31/2022,220205895,1/12/2023,2508,79.14,4.55,3.13,360.09,247.71,11411.4,7850.04,3561.36,903105.72,621256.68,281849.04
Europe,Germany,Nutmeg,Tamil Nadu,Online,L,8/24/2023,729264428,9/16/2023,1475,82.82,14.31,11.07,1185.15,916.82,21107.25,16328.25,4779.0,1748096.25,1352309.5,395786.75
Asia,Vietnam,Black Pepper,Karnataka,Offline,M,8/19/2020,183066247,9/6/2020,710,74.37,6.57,6.24,488.61,464.07,4664.7,4430.4,234.3,346913.1,329489.7,17423.4
Asia,Malaysia,Cinnamon,Kerala,Online,L,12/17/2024,924076181,1/5/2025,793,85.25,5.82,4.33,496.16,369.13,4615.26,3433.69,1181.57,393454.88,292720.09,100734.79
Middle East and North Africa,Turkey,Red Chilli,Andhra Pradesh,Offline,L,2/3/2024,802022584,2/26/2024,2117,82.56,3.57,2.28,294.74,188.24,7557.69,4826.76,2730.93,623964.58,398504.08,225460.5
Asia,Bangladesh,Coriander Seeds,Madhya Pradesh,Online,M,11/15/2023,545908739,11/21/2023,500,82.65,1.75,1.17,144.64,96.7,875.0,585.0,290.0,72320.0,48350.0,23970.0
Europe,Spain,Cinnamon,Kerala,Offline,L,12/16/2019,563394045,1/10/2020,236,70.61,5.03,3.37,355.17,237.96,1187.08,795.32,391.76,83820.12,56158.56,27661.56
Asia,South Korea,Turmeric,Telangana,Offline,C,11/4/2025,190824504,11/6/2025,1313,88.09,2.69,1.54,236.96,135.66,3531.97,2022.02,1509.95,311128.48,178121.58,133006.9
North America,United States,Cumin Seeds,Gujarat,Offline,H,8/15/2023,604374067,8/23/2023,3186,83.22,4.56,2.92,379.48,243.0,14528.16,9303.12,5225.04,1209023.28,774198.0,434825.28
Asia,Bangladesh,Cinnamon,Kerala,Online,L,9/13/2024,625451604,9/27/2024,554,84.1,5.24,3.8,440.68,319.58,2902.96,2105.2,797.76,244136.72,177047.32,67089.4
North America,Mexico,Cloves,Kerala,Online,L,4/14/2024,118836249,4/26/2024,603,83.37,12.7,9.91,1058.8,826.2,7658.1,5975.73,1682.37,638456.4,498198.6,140257.8
Sub-Saharan Africa,Kenya,Garam Masala,Gujarat,Offline,M,5/28/2022,954530800,6/21/2022,429,78.03,7.68,4.62,599.27,360.5,3294.72,1981.98,1312.74,257086.83,154654.5,102432.33
North America,Mexico,Red Chilli,Andhra Pradesh,Online,L,8/13/2021,520787241,8/29/2021,781,73.49,3.1,1.93,227.82,141.84,2421.1,1507.33,913.77,177927.42,110777.04,67150.38
Europe,United Kingdom,Cinnamon,Kerala,Offline,L,5/1/2020,828841800,6/1/2020,230,73.73,5.73,4.02,422.47,296.39,1317.9,924.6,393.3,97168.1,68169.7,28998.4
Sub-Saharan Africa,South Africa,Black Pepper,Karnataka,Offline,L,10/5/2025,191008679,10/20/2025,276,87.16,8.35,6.12,727.79,533.42,2304.6,1689.12,615.48,200870.04,147223.92,53646.12
Sub-Saharan Africa,Nigeria,Coriander Seeds,Madhya Pradesh,Online,H,5/22/2024,367938510,6/2/2024,548,83.71,1.71,1.13,143.14,94.59,937.08,619.24,317.84,78440.72,51835.32,26605.4
Sub-Saharan Africa,Ethiopia,Garam Masala,Gujarat,Online,H,11/10/2024,373036130,11/17/2024,805,83.92,7.62,4.72,639.47,396.1,6134.1,3799.6,2334.5,514773.35,318860.5,195912.85
Middle East and North Africa,Saudi Arabia,Fenugreek Seeds,Gujarat,Offline,C,5/29/2025,718005232,6/3/2025,4124,86.6,2.67,1.78,231.22,154.15,11011.08,7340.72,3670.36,953551.28,635714.6,317836.68
North America,United States,Coriander Seeds,Rajasthan,Offline,M,1/4/2024,460410710,1/25/2024,524,83.25,1.97,1.28,164.0,106.56,1032.28,670.72,361.56,85936.0,55837.44,30098.56
Asia,Indonesia,Cumin Seeds,Rajasthan,Offline,H,10/31/2023,987273263,11/8/2023,1084,82.86,4.46,2.92,369.56,241.95,4834.64,3165.28,1669.36,400603.04,262273.8,138329.24
Europe,France,Cinnamon,Kerala,Online,H,11/26/2023,649408220,12/6/2023,200,83.3,5.74,3.92,478.14,326.54,1148.0,784.0,364.0,95628.0,65308.0,30320.0
Sub-Saharan Africa,South Africa,Dry Ginger,Karnataka,Offline,L,2/22/2025,677261009,3/28/2025,1219,87.19,3.65,2.46,318.24,214.49,4449.35,2998.74,1450.61,387934.56,261463.31,126471.25
Europe,Germany,Turmeric,Maharashtra,Offline,L,12/26/2020,796707557,1/23/2021,6032,74.47,2.47,1.6,183.94,119.15,14899.04,9651.2,5247.84,1109526.08,718712.8,390813.28
Middle East and North Africa,United Arab Emirates,Fennel Seeds,Gujarat,Online,H,12/19/2022,705886628,12/29/2022,300,78.74,2.92,2.0,229.92,157.48,876.0,600.0,276.0,68976.0,47244.0,21732.0
Australia and Oceania,Australia,Turmeric,Odisha,Offline,M,10/11/2024,171312046,10/17/2024,3716,84.49,2.81,1.95,237.42,164.76,10441.96,7246.2,3195.76,882252.72,612248.16,270004.56
Asia,India,Fennel Seeds,Gujarat,Online,C,11/27/2021,686858288,12/2/2021,891,74.39,2.98,2.05,221.68,152.5,2655.18,1826.55,828.63,197516.88,135877.5,61639.38
Europe,France,Black Pepper,Tamil Nadu,Offline,M,9/1/2023,970403965,9/12/2023,215,82.65,8.87,6.42,733.11,530.61,1907.05,1380.3,526.75,157618.65,114081.15,43537.5
Asia,India,Turmeric,Odisha,Online,M,3/29/2024,573161168,4/8/2024,1001,82.74,2.56,1.8,211.81,148.93,2562.56,1801.8,760.76,212021.81,149078.93,62942.88
Europe,Sweden,Fenugreek Seeds,Madhya Pradesh,Offline,C,1/1/2023,452251941,1/2/2023,325,82.88,2.76,1.84,228.75,152.5,897.0,598.0,299.0,74343.75,49562.5,24781.25
Asia,Japan,Cinnamon,Kerala,Offline,C,6/9/2022,459637154,6/16/2022,533,78.06,5.04,3.65,393.42,284.92,2686.32,1945.45,740.87,209692.86,151862.36,57830.5
Sub-Saharan Africa,Kenya,Red Chilli,Karnataka,Offline,C,1/7/2024,487636302,1/12/2024,6543,82.67,3.22,2.13,266.2,176.09,21068.46,13936.59,7131.87,1741746.6,1152156.87,589589.73
North America,Canada,Turmeric,Tamil Nadu,Online,M,8/30/2025,819560864,9/4/2025,4848,87.16,2.92,1.95,254.51,169.96,14156.16,9453.6,4702.56,1233864.48,823966.08,409898.4
Europe,United Kingdom,Garam Masala,Maharashtra,Offline,L,1/2/2024,122396029,2/8/2024,1647,83.25,8.3,4.81,690.98,400.43,13670.1,7922.07,5748.03,1138044.06,659508.21,478535.85
Middle East and North Africa,Morocco,Cinnamon,Kerala,Offline,H,1/8/2020,102348875,1/14/2020,512,74.4,4.72,3.15,351.17,234.36,2416.64,1612.8,803.84,179799.04,119992.32,59806.72
Europe,Poland,Coriander Seeds,Gujarat,Online,H,11/4/2023,744747395,11/11/2023,4580,83.17,1.92,1.23,159.69,102.3,8793.6,5633.4,3160.2,731380.2,468534.0,262846.2
Europe,Netherlands,Cinnamon,Kerala,Offline,M,7/23/2019,628399519,8/8/2019,2780,70.88,4.96,3.51,351.56,248.79,13788.8,9757.8,4031.0,977336.8,691636.2,285700.6
Australia and Oceania,New Zealand,Cardamom,Kerala,Offline,H,4/9/2024,172386530,4/13/2024,96,82.97,26.87,20.01,2229.4,1660.23,2579.52,1920.96,658.56,214022.4,159382.08,54640.32
Middle East and North Africa,Qatar,Red Chilli,Karnataka,Offline,M,9/28/2024,334276665,10/5/2024,2708,83.87,3.31,2.05,277.61,171.93,8963.48,5551.4,3412.08,751767.88,465586.44,286181.44
North America,Canada,Dry Ginger,Kerala,Offline,H,8/26/2023,224352149,8/31/2023,520,83.15,3.94,2.86,327.61,237.81,2048.8,1487.2,561.6,170357.2,123661.2,46696.0
Australia and Oceania,New Zealand,Cumin Seeds,Gujarat,Online,H,7/25/2024,718355106,8/6/2024,300,83.4,5.02,3.67,418.67,306.08,1506.0,1101.0,405.0,125601.0,91824.0,33777.0
Asia,Pakistan,Cumin Seeds,Gujarat,Offline,C,1/22/2025,280899822,1/27/2025,357,87.12,4.98,3.27,433.86,284.88,1777.86,1167.39,610.47,154888.02,101702.16,53185.86
Asia,India,Cumin Seeds,Gujarat,Online,L,6/28/2019,904625648,7/8/2019,300,69.92,3.91,2.65,273.39,185.29,1173.0,795.0,378.0,82017.0,55587.0,26430.0
Europe,Italy,Coriander Seeds,Gujarat,Online,L,6/8/2020,771227475,7/3/2020,500,73.82,1.78,1.22,131.4,90.06,890.0,610.0,280.0,65700.0,45030.0,20670.0
Europe,Poland,Red Chilli,Andhra Pradesh,Offline,M,10/20/2024,692980508,11/7/2024,7457,84.71,3.26,1.93,276.15,163.49,24309.82,14392.01,9917.81,2059250.55,1219144.93,840105.62
Asia,Nepal,Garam Masala,Maharashtra,Offline,L,12/4/2020,643963258,1/5/2021,1411,74.93,7.14,6.08,535.0,455.57,10074.54,8578.88,1495.66,754885.0,642809.27,112075.73
Europe,Germany,Red Chilli,Andhra Pradesh,Online,H,10/1/2020,568506290,10/11/2020,500,74.25,3.32,2.07,246.51,153.7,1660.0,1035.0,625.0,123255.0,76850.0,46405.0
Asia,Thailand,Red Chilli,Andhra Pradesh,Offline,H,1/7/2024,490764009,1/18/2024,2417,83.54,3.33,2.12,278.19,177.1,8048.61,5124.04,2924.57,672385.23,428050.7,244334.53
North America,Mexico,Turmeric,Telangana,Offline,M,10/10/2025,490073823,10/16/2025,993,86.87,2.6,1.7,225.86,147.68,2581.8,1688.1,893.7,224278.98,146646.24,77632.74
Europe,Italy,Black Pepper,Karnataka,Online,C,12/6/2024,946736051,12/12/2024,606,83.9,8.78,6.38,736.64,535.28,5320.68,3866.28,1454.4,446403.84,324379.68,122024.16
Europe,Germany,Red Chilli,Karnataka,Online,M,8/4/2022,729426603,8/23/2022,500,78.97,3.49,2.35,275.61,185.58,1745.0,1175.0,570.0,137805.0,92790.0,45015.0
Asia,India,Coriander Seeds,Rajasthan,Online,M,12/21/2025,810581739,1/7/2026,1690,87.59,1.99,1.27,174.3,111.24,3363.1,2146.3,1216.8,294567.0,187995.6,106571.4
Middle East and North Africa,Morocco,Coriander Seeds,Gujarat,Offline,M,11/21/2022,840462688,12/14/2022,6197,78.78,1.75,1.4,137.87,110.29,10844.75,8675.8,2168.95,854380.39,683467.13,170913.26
Central America and the Caribbean,Guatemala,Nutmeg,Kerala,Offline,H,2/27/2021,749087719,3/5/2021,222,73.33,12.02,9.38,881.43,687.84,2668.44,2082.36,586.08,195677.46,152700.48,42976.98
Asia,Malaysia,Garam Masala,Gujarat,Offline,C,7/18/2022,166330090,7/23/2022,424,78.18,7.5,4.04,586.35,315.85,3180.0,1712.96,1467.04,248612.4,133920.4,114692.0
Middle East and North Africa,Saudi Arabia,Cardamom,Kerala,Online,C,6/4/2022,806333772,6/7/2022,165,78.4,25.58,21.57,2005.47,1691.09,4220.7,3559.05,661.65,330902.55,279029.85,51872.7
North America,United States,Turmeric,Maharashtra,Online,M,8/24/2021,220063431,9/18/2021,515,73.47,2.49,1.76,182.94,129.31,1282.35,906.4,375.95,94214.1,66594.65,27619.45
Asia,Malaysia,Coriander Seeds,Rajasthan,Offline,L,12/16/2020,856033137,1/18/2021,1702,74.46,1.54,0.96,114.67,71.48,2621.08,1633.92,987.16,195168.34,121658.96,73509.38
Middle East and North Africa,Egypt,Turmeric,Odisha,Offline,L,5/26/2025,173233100,6/24/2025,2932,86.8,2.61,1.77,226.55,153.64,7652.52,5189.64,2462.88,664244.6,450472.48,213772.12
North America,United States,Cinnamon,Kerala,Offline,H,10/13/2021,875925027,10/22/2021,569,74.71,5.93,4.03,443.03,301.08,3374.17,2293.07,1081.1,252084.07,171314.52,80769.55
Europe,Belgium,Black Pepper,Kerala,Online,L,12/17/2019,204188219,1/10/2020,1883,71.33,8.61,6.97,614.15,497.17,16212.63,13124.51,3088.12,1156444.45,936171.11,220273.34
Asia,Bangladesh,Fenugreek Seeds,Madhya Pradesh,Offline,L,6/19/2020,191891946,7/2/2020,1211,74.41,2.38,1.44,177.1,107.15,2882.18,1743.84,1138.34,214468.1,129758.65,84709.45
Sub-Saharan Africa,Tanzania,Cumin Seeds,Gujarat,Offline,L,3/13/2023,877340041,3/23/2023,1121,82.75,4.07,2.72,336.79,225.08,4562.47,3049.12,1513.35,377541.59,252314.68,125226.91
Middle East and North Africa,United Arab Emirates,Cumin Seeds,Gujarat,Offline,L,4/10/2023,463841763,4/28/2023,437,82.65,3.89,2.55,321.51,210.76,1699.93,1114.35,585.58,140499.87,92102.12,48397.75
Australia and Oceania,Fiji,Red Chilli,Andhra Pradesh,Online,L,4/11/2024,714141949,5/10/2024,1520,82.9,3.65,2.46,302.59,203.93,5548.0,3739.2,1808.8,459936.8,309973.6,149963.2
Asia,Nepal,Red Chilli,Andhra Pradesh,Offline,H,10/17/2024,661633220,10/24/2024,1278,83.39,3.4,2.14,283.53,178.45,4345.2,2734.92,1610.28,362351.34,228059.1,134292.24
Europe,United Kingdom,Fenugreek Seeds,Madhya Pradesh,Offline,M,6/1/2024,876928976,6/21/2024,1117,83.32,3.11,1.98,259.13,164.97,3473.87,2211.66,1262.21,289448.21,184271.49,105176.72
Europe,Belgium,Turmeric,Karnataka,Online,L,1/18/2020,388107970,2/25/2020,1894,73.62,2.15,1.49,158.28,109.69,4072.1,2822.06,1250.04,299782.32,207752.86,92029.46
North America,United States,Cumin Seeds,Gujarat,Offline,L,7/2/2025,620092263,7/19/2025,2300,86.2,4.74,2.87,408.59,247.39,10902.0,6601.0,4301.0,939757.0,568997.0,370760.0
North America,United States,Turmeric,Telangana,Online,H,4/7/2025,701733508,4/12/2025,4643,87.47,2.75,1.86,240.54,162.69,12768.25,8635.98,4132.27,1116827.22,755369.67,361457.55
Asia,Malaysia,Red Chilli,Maharashtra,Offline,L,2/14/2025,251041289,3/24/2025,670,85.87,3.24,2.06,278.22,176.89,2170.8,1380.2,790.6,186407.4,118516.3,67891.1
North America,Canada,Turmeric,Andhra Pradesh,Offline,L,1/21/2025,108316828,2/3/2025,1600,86.81,2.94,1.75,255.22,151.92,4704.0,2800.0,1904.0,408352.0,243072.0,165280.0
Middle East and North Africa,Saudi Arabia,Cumin Seeds,Gujarat,Offline,M,3/4/2025,926743380,3/12/2025,5926,85.86,4.67,3.01,400.97,258.44,27674.42,17837.26,9837.16,2376148.22,1531515.44,844632.78
Europe,United Kingdom,Garam Masala,Kerala,Offline,M,6/3/2020,193210554,6/28/2020,276,74.57,7.15,4.54,533.18,338.55,1973.4,1253.04,720.36,147157.68,93439.8,53717.88
Europe,Netherlands,Red Chilli,Karnataka,Online,L,11/30/2021,467530019,12/28/2021,3593,73.96,3.56,2.51,263.3,185.64,12791.08,9018.43,3772.65,946036.9,667004.52,279032.38
Europe,Sweden,Black Pepper,Kerala,Offline,M,4/22/2025,863162134,5/15/2025,890,86.87,8.78,6.17,762.72,535.99,7814.2,5491.3,2322.9,678820.8,477031.1,201789.7
Middle East and North Africa,Oman,Cinnamon,Kerala,Offline,M,8/9/2023,720330523,8/18/2023,3763,83.55,5.96,4.19,497.96,350.07,22427.48,15766.97,6660.51,1873823.48,1317313.41,556510.07
Asia,Pakistan,Cumin Seeds,Rajasthan,Offline,L,4/25/2025,725936095,5/6/2025,483,86.94,4.58,3.27,398.19,284.29,2212.14,1579.41,632.73,192325.77,137312.07,55013.7
Australia and Oceania,Australia,Black Pepper,Kerala,Online,L,9/2/2025,891700525,9/17/2025,200,87.07,9.4,7.34,818.46,639.09,1880.0,1468.0,412.0,163692.0,127818.0,35874.0
Europe,France,Cinnamon,Kerala,Offline,M,8/17/2020,157539912,8/24/2020,456,74.77,5.25,4.23,392.54,316.28,2394.0,1928.88,465.12,178998.24,144223.68,34774.56
Asia,Thailand,Black Pepper,Karnataka,Online,C,4/6/2022,307456630,4/11/2022,286,77.8,8.59,8.55,668.3,665.19,2456.74,2445.3,11.44,191133.8,190244.34,889.46
Middle East and North Africa,Morocco,Red Chilli,Andhra Pradesh,Online,C,1/6/2023,888093865,1/10/2023,1199,81.57,3.54,2.35,288.76,191.69,4244.46,2817.65,1426.81,346223.24,229836.31,116386.93
Europe,Belgium,Fennel Seeds,Gujarat,Online,M,1/12/2019,555214916,1/26/2019,2275,69.32,2.86,1.96,198.26,135.87,6506.5,4459.0,2047.5,451041.5,309104.25,141937.25
Sub-Saharan Africa,Nigeria,Cumin Seeds,Gujarat,Online,M,10/13/2022,676988630,10/27/2022,1362,78.56,3.91,2.53,307.17,198.76,5325.42,3445.86,1879.56,418365.54,270711.12,147654.42
Europe,Spain,Cardamom,Kerala,Online,L,3/1/2024,595820280,3/17/2024,50,83.25,27.26,23.87,2269.39,1987.18,1363.0,1193.5,169.5,113469.5,99359.0,14110.5
Sub-Saharan Africa,South Africa,Black Pepper,Karnataka,Offline,H,1/25/2025,124608381,1/31/2025,843,86.9,8.35,5.73,725.62,497.94,7039.05,4830.39,2208.66,611697.66,419763.42,191934.24
Europe,Italy,Nutmeg,Kerala,Online,H,4/30/2022,350933787,5/3/2022,100,77.81,13.31,10.89,1035.65,847.35,1331.0,1089.0,242.0,103565.0,84735.0,18830.0
Asia,Indonesia,Black Pepper,Karnataka,Online,M,9/17/2019,436269449,10/8/2019,598,70.29,7.19,5.96,505.39,418.93,4299.62,3564.08,735.54,302223.22,250520.14,51703.08
Middle East and North Africa,Egypt,Cumin Seeds,Rajasthan,Online,L,12/29/2024,520130918,2/4/2025,854,83.76,4.67,3.04,391.16,254.63,3988.18,2596.16,1392.02,334050.64,217454.02,116596.62
Asia,South Korea,Garam Masala,Gujarat,Online,H,11/8/2021,546656972,11/11/2021,542,73.1,7.63,4.75,557.75,347.22,4135.46,2574.5,1560.96,302300.5,188193.24,114107.26
Central America and the Caribbean,Trinidad and Tobago,Cumin Seeds,Rajasthan,Offline,L,12/24/2025,195471923,1/8/2026,1675,88.1,4.91,3.25,432.57,286.32,8224.25,5443.75,2780.5,724554.75,479586.0,244968.75
Asia,Thailand,Cinnamon,Kerala,Offline,L,1/7/2025,939618372,2/15/2025,275,86.6,5.45,3.87,471.97,335.14,1498.75,1064.25,434.5,129791.75,92163.5,37628.25
Middle East and North Africa,Saudi Arabia,Coriander Seeds,Madhya Pradesh,Offline,H,4/17/2019,564812410,4/22/2019,1440,70.82,1.5,0.82,106.23,58.07,2160.0,1180.8,979.2,152971.2,83620.8,69350.4
Asia,India,Black Pepper,Karnataka,Offline,H,2/24/2023,856712062,3/5/2023,1453,81.41,8.11,5.96,660.24,485.2,11783.83,8659.88,3123.95,959328.72,704995.6,254333.12
Europe,United Kingdom,Red Chilli,Madhya Pradesh,Online,M,12/29/2019,402418190,1/18/2020,1131,70.87,3.04,1.84,215.44,130.4,3438.24,2081.04,1357.2,243662.64,147482.4,96180.24
Europe,Spain,Turmeric,Andhra Pradesh,Online,C,5/9/2025,119113818,5/15/2025,500,86.02,3.0,2.06,258.06,177.2,1500.0,1030.0,470.0,129030.0,88600.0,40430.0
Europe,United Kingdom,Turmeric,Andhra Pradesh,Offline,L,12/13/2019,316671125,1/18/2020,5047,71.4,2.2,1.29,157.08,92.11,11103.4,6510.63,4592.77,792782.76,464879.17,327903.59
Middle East and North Africa,Turkey,Cardamom,Kerala,Offline,L,3/18/2022,858648238,4/13/2022,141,78.37,25.09,20.8,1966.3,1630.1,3537.69,2932.8,604.89,277248.3,229844.1,47404.2
Middle East and North Africa,Saudi Arabia,Cloves,Tamil Nadu,Offline,C,1/30/2024,552133898,2/5/2024,354,82.85,11.27,7.77,933.72,643.74,3989.58,2750.58,1239.0,330536.88,227883.96,102652.92
North America,Mexico,Red Chilli,Maharashtra,Online,M,12/6/2019,355803783,12/25/2019,3539,70.32,2.83,1.91,199.01,134.31,10015.37,6759.49,3255.88,704296.39,475323.09,228973.3
North America,United States,Turmeric,Karnataka,Online,L,11/27/2022,808344396,12/9/2022,1681,78.04,2.66,1.76,207.59,137.35,4471.46,2958.56,1512.9,348958.79,230885.35,118073.44
North America,United States,Fenugreek Seeds,Rajasthan,Online,H,3/10/2022,590691786,3/13/2022,579,78.17,2.96,1.92,231.38,150.09,1713.84,1111.68,602.16,133969.02,86902.11,47066.91
Europe,France,Red Chilli,Andhra Pradesh,Online,M,7/2/2022,284902163,7/16/2022,1548,78.39,3.36,1.99,263.39,156.0,5201.28,3080.52,2120.76,407727.72,241488.0,166239.72
Europe,Sweden,Turmeric,Tamil Nadu,Online,L,7/20/2022,570549156,7/30/2022,1025,79.03,2.36,1.69,186.51,133.56,2419.0,1732.25,686.75,191172.75,136899.0,54273.75
Middle East and North Africa,Morocco,Cardamom,Kerala,Offline,C,12/8/2025,169847834,12/12/2025,120,87.13,28.41,24.92,2475.36,2171.28,3409.2,2990.4,418.8,297043.2,260553.6,36489.6
Asia,Vietnam,Cinnamon,Kerala,Offline,H,12/29/2022,444123483,1/5/2023,3749,79.17,4.85,3.35,383.97,265.22,18182.65,12559.15,5623.5,1439503.53,994309.78,445193.75
Asia,Japan,Cumin Seeds,Gujarat,Online,H,5/12/2021,790875020,5/16/2021,1610,73.59,4.23,2.81,311.29,206.79,6810.3,4524.1,2286.2,501176.9,332931.9,168245.0
Asia,Malaysia,Garam Masala,Gujarat,Online,M,6/13/2025,941720229,6/25/2025,2035,86.71,7.88,4.86,683.27,421.41,16035.8,9890.1,6145.7,1390454.45,857569.35,532885.1
Middle East and North Africa,Jordan,Dry Ginger,Kerala,Online,M,9/18/2021,497939009,10/8/2021,312,74.16,4.05,2.83,300.35,209.87,1263.6,882.96,380.64,93709.2,65479.44,28229.76
Asia,Vietnam,Nutmeg,Kerala,Online,C,3/22/2020,506683211,3/27/2020,100,73.65,12.62,9.86,929.46,726.19,1262.0,986.0,276.0,92946.0,72619.0,20327.0
North America,Mexico,Black Pepper,Kerala,Offline,H,9/30/2023,133783761,10/6/2023,548,82.78,8.93,7.2,739.23,596.02,4893.64,3945.6,948.04,405098.04,326618.96,78479.08
Asia,Malaysia,Dry Ginger,Odisha,Offline,C,12/12/2025,470707066,12/17/2025,986,87.26,3.72,2.63,324.61,229.49,3667.92,2593.18,1074.74,320065.46,226277.14,93788.32
Europe,Italy,Cumin Seeds,Gujarat,Offline,M,11/10/2025,442879792,11/17/2025,407,87.93,4.84,3.35,425.58,294.57,1969.88,1363.45,606.43,173211.06,119889.99,53321.07
Asia,Singapore,Coriander Seeds,Rajasthan,Offline,L,9/8/2021,720368805,9/23/2021,1198,74.66,1.85,1.07,138.12,79.89,2216.3,1281.86,934.44,165467.76,95708.22,69759.54
Europe,United Kingdom,Turmeric,Telangana,Offline,H,10/5/2024,892573813,10/10/2024,6591,84.36,2.71,1.74,228.62,146.79,17861.61,11468.34,6393.27,1506834.42,967492.89,539341.53
Asia,Vietnam,Cinnamon,Tamil Nadu,Online,L,2/7/2021,822215787,2/28/2021,1178,73.55,4.73,3.38,347.89,248.6,5571.94,3981.64,1590.3,409814.42,292850.8,116963.62
Sub-Saharan Africa,Nigeria,Red Chilli,Andhra Pradesh,Online,M,5/10/2020,994515677,6/1/2020,2341,73.64,3.16,2.09,232.7,153.91,7397.56,4892.69,2504.87,544750.7,360303.31,184447.39
Asia,Japan,Mustard Seeds,Rajasthan,Online,L,8/6/2025,402347368,8/24/2025,800,88.0,1.43,0.91,125.84,80.08,1144.0,728.0,416.0,100672.0,64064.0,36608.0
Europe,Spain,Dry Ginger,Sikkim,Offline,M,4/1/2022,403156366,4/6/2022,485,77.49,3.83,2.76,296.79,213.87,1857.55,1338.6,518.95,143943.15,103726.95,40216.2
Europe,Germany,Cloves,Tamil Nadu,Online,H,12/30/2025,254301210,1/4/2026,631,87.82,12.45,9.93,1093.36,872.05,7855.95,6265.83,1590.12,689910.16,550263.55,139646.61
Asia,Sri Lanka,Red Chilli,Madhya Pradesh,Online,M,5/20/2019,430911481,6/11/2019,500,70.26,2.58,1.72,181.27,120.85,1290.0,860.0,430.0,90635.0,60425.0,30210.0
Europe,Netherlands,Red Chilli,Andhra Pradesh,Online,H,11/2/2020,459498701,11/7/2020,4891,74.21,3.5,2.35,259.73,174.39,17118.5,11493.85,5624.65,1270339.43,852941.49,417397.94
Asia,Vietnam,Cumin Seeds,Gujarat,Online,L,3/29/2020,803667663,5/3/2020,818,73.23,4.01,2.64,293.65,193.33,3280.18,2159.52,1120.66,240205.7,158143.94,82061.76
Middle East and North Africa,Iran,Fennel Seeds,Gujarat,Offline,C,11/11/2024,302631439,11/14/2024,2352,83.95,2.88,1.9,241.78,159.5,6773.76,4468.8,2304.96,568666.56,375144.0,193522.56
Asia,Japan,Red Chilli,Karnataka,Online,H,10/15/2019,951073538,10/26/2019,500,71.49,2.87,1.77,205.18,126.54,1435.0,885.0,550.0,102590.0,63270.0,39320.0
Asia,Sri Lanka,Cumin Seeds,Rajasthan,Online,L,4/24/2024,175552448,5/18/2024,804,84.13,4.55,3.16,382.79,265.85,3658.2,2540.64,1117.56,307763.16,213743.4,94019.76
Europe,United Kingdom,Turmeric,Tamil Nadu,Online,C,12/8/2023,214188469,12/9/2023,4843,82.94,2.94,2.05,243.84,170.03,14238.42,9928.15,4310.27,1180917.12,823455.29,357461.83
Asia,Malaysia,Coriander Seeds,Gujarat,Online,M,11/30/2020,118850359,12/23/2020,720,74.35,1.65,1.0,122.68,74.35,1188.0,720.0,468.0,88329.6,53532.0,34797.6
North America,Canada,Black Pepper,Karnataka,Online,H,10/6/2025,156951780,10/11/2025,498,87.12,8.98,6.68,782.34,581.96,4472.04,3326.64,1145.4,389605.32,289816.08,99789.24
Asia,Nepal,Dry Ginger,Sikkim,Online,H,12/1/2022,227740390,12/9/2022,2042,78.71,3.41,2.51,268.4,197.56,6963.22,5125.42,1837.8,548072.8,403417.52,144655.28
Asia,Singapore,Cardamom,Sikkim,Offline,C,11/1/2022,727181103,11/4/2022,1004,78.84,25.62,22.39,2019.88,1765.23,25722.48,22479.56,3242.92,2027959.52,1772290.92,255668.6
Asia,Indonesia,Cinnamon,Kerala,Offline,M,10/12/2022,638965596,10/18/2022,3097,78.62,4.88,3.39,383.67,266.52,15113.36,10498.83,4614.53,1188225.99,825412.44,362813.55
Asia,Sri Lanka,Cumin Seeds,Gujarat,Offline,H,3/2/2020,491068798,3/7/2020,1512,74.26,3.94,2.73,292.58,202.73,5957.28,4127.76,1829.52,442380.96,306527.76,135853.2
Asia,Indonesia,Turmeric,Tamil Nadu,Offline,L,6/16/2025,506016618,7/9/2025,1665,86.86,2.2,1.37,191.09,119.0,3663.0,2281.05,1381.95,318164.85,198135.0,120029.85
Sub-Saharan Africa,Ethiopia,Cloves,Tamil Nadu,Offline,M,12/26/2024,323857647,1/8/2025,122,83.32,10.22,6.95,851.53,579.07,1246.84,847.9,398.94,103886.66,70646.54,33240.12
Middle East and North Africa,United Arab Emirates,Red Chilli,Madhya Pradesh,Online,M,6/23/2021,953915281,7/12/2021,636,74.55,2.98,1.96,222.16,146.12,1895.28,1246.56,648.72,141293.76,92932.32,48361.44
Middle East and North Africa,Saudi Arabia,Black Pepper,Kerala,Offline,L,7/4/2025,868417683,8/3/2025,1404,87.21,9.23,7.67,804.95,668.9,12958.92,10768.68,2190.24,1130149.8,939135.6,191014.2
Australia and Oceania,Australia,Turmeric,Telangana,Offline,L,4/26/2024,259914808,6/4/2024,2912,83.49,2.76,1.79,230.43,149.45,8037.12,5212.48,2824.64,671012.16,435198.4,235813.76
Middle East and North Africa,Egypt,Red Chilli,Telangana,Online,H,9/3/2024,914167723,9/11/2024,3950,84.39,3.41,2.06,287.77,173.84,13469.5,8137.0,5332.5,1136691.5,686668.0,450023.5
Asia,Indonesia,Cinnamon,Kerala,Online,H,11/28/2025,923010508,12/10/2025,232,88.13,5.32,5.52,468.85,486.48,1234.24,1280.64,-46.4,108773.2,112863.36,-4090.16
Europe,United Kingdom,Turmeric,Andhra Pradesh,Offline,M,7/31/2020,610580613,8/18/2020,4097,74.25,2.32,1.5,172.26,111.38,9505.04,6145.5,3359.54,705749.22,456323.86,249425.36
Asia,Indonesia,Cumin Seeds,Gujarat,Offline,H,4/16/2023,287132818,4/26/2023,1299,81.95,4.72,3.24,386.8,265.52,6131.28,4208.76,1922.52,502453.2,344910.48,157542.72
Asia,Indonesia,Red Chilli,Telangana,Offline,M,12/22/2025,149310580,1/14/2026,860,87.85,2.98,2.06,261.79,180.97,2562.8,1771.6,791.2,225139.4,155634.2,69505.2
Middle East and North Africa,Turkey,Red Chilli,Andhra Pradesh,Offline,M,4/25/2022,250896309,5/2/2022,1711,78.05,2.88,1.71,224.78,133.47,4927.68,2925.81,2001.87,384598.58,228367.17,156231.41
Europe,France,Garam Masala,Gujarat,Online,M,11/8/2022,444960426,11/26/2022,165,78.87,8.19,5.01,645.95,395.14,1351.35,826.65,524.7,106581.75,65198.1,41383.65
North America,United States,Cumin Seeds,Gujarat,Offline,M,4/1/2021,152861695,4/14/2021,4963,74.03,3.8,2.64,281.31,195.44,18859.4,13102.32,5757.08,1396141.53,969968.72,426172.81
Europe,Spain,Cardamom,Karnataka,Online,M,9/22/2020,170857203,10/8/2020,69,74.7,23.14,18.39,1728.56,1373.73,1596.66,1268.91,327.75,119270.64,94787.37,24483.27
Middle East and North Africa,Saudi Arabia,Mustard Seeds,Rajasthan,Offline,M,9/24/2019,194697105,10/18/2019,2107,71.39,1.23,0.8,87.81,57.11,2591.61,1685.6,906.01,185015.67,120330.77,64684.9
Asia,Thailand,Coriander Seeds,Madhya Pradesh,Online,H,1/16/2022,704005578,1/24/2022,1507,78.43,1.77,1.12,138.82,87.84,2667.39,1687.84,979.55,209201.74,132374.88,76826.86
Middle East and North Africa,United Arab Emirates,Turmeric,Maharashtra,Offline,L,5/18/2023,901413196,6/12/2023,1406,82.59,2.3,1.63,189.96,134.62,3233.8,2291.78,942.02,267083.76,189275.72,77808.04
Middle East and North Africa,Saudi Arabia,Red Chilli,Madhya Pradesh,Online,C,6/1/2019,286025692,6/6/2019,1596,71.13,2.81,1.73,199.88,123.05,4484.76,2761.08,1723.68,319008.48,196387.8,122620.68
Middle East and North Africa,Iran,Garam Masala,Maharashtra,Offline,M,5/11/2023,878585401,6/3/2023,894,82.7,7.95,4.46,657.47,368.84,7107.3,3987.24,3120.06,587778.18,329742.96,258035.22
Europe,Belgium,Red Chilli,Karnataka,Online,M,6/11/2024,765889979,6/18/2024,2642,83.32,3.31,2.28,275.79,189.97,8745.02,6023.76,2721.26,728637.18,501900.74,226736.44
Middle East and North Africa,Saudi Arabia,Cloves,Kerala,Online,L,8/29/2022,740789518,9/24/2022,100,79.4,11.05,9.03,877.37,716.98,1105.0,903.0,202.0,87737.0,71698.0,16039.0
Central America and the Caribbean,Guatemala,Turmeric,Maharashtra,Online,M,12/26/2021,747988547,1/18/2022,500,75.27,2.53,1.59,190.43,119.68,1265.0,795.0,470.0,95215.0,59840.0,35375.0
Europe,Sweden,Coriander Seeds,Madhya Pradesh,Offline,M,7/4/2020,197604390,7/24/2020,2032,73.8,1.67,1.07,123.25,78.97,3393.44,2174.24,1219.2,250444.0,160467.04,89976.96
Australia and Oceania,New Zealand,Turmeric,Maharashtra,Online,M,7/22/2021,768117275,7/27/2021,3102,73.87,2.52,1.91,186.15,141.09,7817.04,5924.82,1892.22,577437.3,437661.18,139776.12
Europe,United Kingdom,Cinnamon,Kerala,Offline,H,12/28/2025,436135427,1/2/2026,515,86.88,6.12,4.36,531.71,378.8,3151.8,2245.4,906.4,273830.65,195082.0,78748.65
North America,United States,Cinnamon,Kerala,Online,C,7/22/2023,758010458,7/23/2023,395,82.99,5.84,4.12,484.66,341.92,2306.8,1627.4,679.4,191440.7,135058.4,56382.3
Middle East and North Africa,Saudi Arabia,Nutmeg,Tamil Nadu,Online,L,4/2/2024,946772044,4/16/2024,965,83.5,11.24,8.37,938.54,698.89,10846.6,8077.05,2769.55,905691.1,674428.85,231262.25
Middle East and North Africa,United Arab Emirates,Fenugreek Seeds,Rajasthan,Offline,M,2/18/2023,671308930,2/25/2023,1795,82.62,2.5,1.66,206.55,137.15,4487.5,2979.7,1507.8,370757.25,246184.25,124573.0
North America,United States,Fenugreek Seeds,Rajasthan,Offline,M,6/14/2021,452033171,7/2/2021,1903,73.49,2.98,1.99,219.0,146.25,5670.94,3786.97,1883.97,416757.0,278313.75,138443.25
Asia,Japan,Turmeric,Tamil Nadu,Offline,C,12/9/2022,136404247,12/12/2022,4104,79.33,2.52,1.71,199.91,135.65,10342.08,7017.84,3324.24,820430.64,556707.6,263723.04
Asia,Singapore,Cinnamon,Tamil Nadu,Offline,H,1/27/2023,332662945,2/7/2023,1367,81.31,5.15,3.38,418.75,274.83,7040.05,4620.46,2419.59,572431.25,375692.61,196738.64
Europe,Germany,Red Chilli,Karnataka,Offline,L,7/31/2023,605004894,8/11/2023,1108,83.02,3.48,2.21,288.91,183.47,3855.84,2448.68,1407.16,320112.28,203284.76,116827.52
Europe,Germany,Dry Ginger,Kerala,Online,H,3/9/2024,435028553,3/13/2024,360,83.44,4.32,3.12,360.46,260.33,1555.2,1123.2,432.0,129765.6,93718.8,36046.8
Sub-Saharan Africa,Ethiopia,Fenugreek Seeds,Gujarat,Online,H,5/22/2019,986065273,5/28/2019,736,70.52,2.3,1.42,162.2,100.14,1692.8,1045.12,647.68,119379.2,73703.04,45676.16
Middle East and North Africa,Iran,Black Pepper,Kerala,Online,M,9/14/2025,685234033,10/7/2025,200,86.51,9.84,7.93,851.26,686.02,1968.0,1586.0,382.0,170252.0,137204.0,33048.0
Europe,Germany,Turmeric,Andhra Pradesh,Online,L,9/3/2024,545191034,9/26/2024,1719,84.52,2.33,1.46,196.93,123.4,4005.27,2509.74,1495.53,338522.67,212124.6,126398.07
Asia,Bangladesh,Cinnamon,Kerala,Online,L,10/9/2025,627760760,11/4/2025,1672,86.53,5.72,4.23,494.95,366.02,9563.84,7072.56,2491.28,827556.4,611985.44,215570.96
Europe,France,Garam Masala,Maharashtra,Offline,M,11/13/2020,978248811,12/1/2020,112,74.69,7.16,4.43,534.78,330.88,801.92,496.16,305.76,59895.36,37058.56,22836.8
Europe,France,Coriander Seeds,Gujarat,Online,M,10/16/2020,635379283,10/23/2020,1091,75.07,1.78,1.12,133.62,84.08,1941.98,1221.92,720.06,145779.42,91731.28,54048.14
Asia,India,Garam Masala,Gujarat,Online,M,10/1/2024,865496132,10/6/2024,100,83.77,8.29,4.98,694.45,417.17,829.0,498.0,331.0,69445.0,41717.0,27728.0
Europe,Germany,Turmeric,Andhra Pradesh,Online,H,8/10/2024,929788879,8/17/2024,3138,83.69,2.81,1.77,235.17,148.13,8817.78,5554.26,3263.52,737963.46,464831.94,273131.52
Central America and the Caribbean,Jamaica,Red Chilli,Madhya Pradesh,Online,L,7/7/2025,591454206,8/1/2025,3988,87.04,3.54,2.22,308.12,193.23,14117.52,8853.36,5264.16,1228782.56,770601.24,458181.32
Asia,India,Mustard Seeds,Rajasthan,Offline,L,10/29/2020,153635039,11/15/2020,823,74.2,1.15,0.63,85.33,46.75,946.45,518.49,427.96,70226.59,38475.25,31751.34
Asia,Sri Lanka,Black Pepper,Karnataka,Online,H,1/13/2022,454143474,1/19/2022,757,78.11,7.98,5.81,623.32,453.82,6040.86,4398.17,1642.69,471853.24,343541.74,128311.5
North America,United States,Cinnamon,Kerala,Offline,L,4/24/2021,387679992,5/19/2021,414,74.44,5.54,4.26,412.4,317.11,2293.56,1763.64,529.92,170733.6,131283.54,39450.06
Asia,India,Garam Masala,Kerala,Online,L,4/18/2023,261041331,5/22/2023,153,82.46,7.17,4.36,591.24,359.53,1097.01,667.08,429.93,90459.72,55008.09,35451.63
Middle East and North Africa,Egypt,Cardamom,Karnataka,Online,C,2/24/2024,777447610,2/27/2024,522,82.65,23.74,19.17,1962.11,1584.4,12392.28,10006.74,2385.54,1024221.42,827056.8,197164.62
Sub-Saharan Africa,Kenya,Black Pepper,Kerala,Online,M,10/6/2025,799914112,10/28/2025,200,87.38,8.85,6.73,773.31,588.07,1770.0,1346.0,424.0,154662.0,117614.0,37048.0
Asia,Sri Lanka,Black Pepper,Kerala,Online,M,9/25/2025,193779804,10/6/2025,958,86.97,9.3,7.08,808.82,615.75,8909.4,6782.64,2126.76,774849.56,589888.5,184961.06
North America,United States,Turmeric,Tamil Nadu,Offline,L,7/15/2024,531340958,8/9/2024,1860,83.93,2.61,1.7,219.06,142.68,4854.6,3162.0,1692.6,407451.6,265384.8,142066.8
Asia,Malaysia,Fennel Seeds,Gujarat,Online,H,8/14/2023,510748086,8/18/2023,2741,82.72,3.0,2.15,248.16,177.85,8223.0,5893.15,2329.85,680206.56,487486.85,192719.71
Asia,Bangladesh,Coriander Seeds,Madhya Pradesh,Online,H,6/3/2024,784844558,6/11/2024,3118,83.71,2.03,1.33,169.93,111.33,6329.54,4146.94,2182.6,529841.74,347126.94,182714.8
Australia and Oceania,Australia,Turmeric,Telangana,Offline,L,4/19/2022,936621765,5/8/2022,1181,77.93,2.51,1.56,195.6,121.57,2964.31,1842.36,1121.95,231003.6,143574.17,87429.43
Sub-Saharan Africa,South Africa,Cloves,Kerala,Offline,L,3/4/2023,817404086,3/27/2023,163,82.64,10.5,7.75,867.72,640.46,1711.5,1263.25,448.25,141438.36,104394.98,37043.38
Europe,Poland,Red Chilli,Karnataka,Offline,H,11/6/2019,926203552,11/15/2019,2504,70.56,2.92,1.79,206.04,126.3,7311.68,4482.16,2829.52,515924.16,316255.2,199668.96
Asia,Bangladesh,Black Pepper,Karnataka,Online,M,12/25/2020,838287676,1/19/2021,633,73.96,7.39,5.23,546.56,386.81,4677.87,3310.59,1367.28,345972.48,244850.73,101121.75
Central America and the Caribbean,Trinidad and Tobago,Red Chilli,Karnataka,Online,M,9/13/2025,494381242,9/24/2025,1841,85.98,3.59,2.08,308.67,178.84,6609.19,3829.28,2779.91,568261.47,329244.44,239017.03
North America,United States,Red Chilli,Madhya Pradesh,Online,H,7/28/2024,114140725,8/1/2024,500,83.62,3.58,2.28,299.36,190.65,1790.0,1140.0,650.0,149680.0,95325.0,54355.0
Asia,Indonesia,Turmeric,Andhra Pradesh,Online,H,8/26/2024,176053800,9/1/2024,500,83.72,2.53,1.76,211.81,147.35,1265.0,880.0,385.0,105905.0,73675.0,32230.0
Asia,Vietnam,Garam Masala,Maharashtra,Online,L,11/11/2024,601424385,11/24/2024,165,84.27,7.48,4.37,630.34,368.26,1234.2,721.05,513.15,104006.1,60762.9,43243.2
Europe,United Kingdom,Turmeric,Maharashtra,Online,H,11/23/2024,214489624,12/2/2024,3988,83.37,2.67,1.75,222.6,145.9,10647.96,6979.0,3668.96,887728.8,581849.2,305879.6
North America,United States,Coriander Seeds,Rajasthan,Online,H,10/29/2022,458985380,11/10/2022,648,79.14,1.86,1.18,147.2,93.39,1205.28,764.64,440.64,95385.6,60516.72,34868.88
Europe,Poland,Turmeric,Karnataka,Online,M,10/25/2025,526386498,11/4/2025,644,87.34,2.88,1.9,251.54,165.95,1854.72,1223.6,631.12,161991.76,106871.8,55119.96
Asia,India,Cinnamon,Kerala,Online,C,10/26/2025,844127181,10/29/2025,373,87.04,6.61,4.97,575.33,432.59,2465.53,1853.81,611.72,214598.09,161356.07,53242.02
Middle East and North Africa,United Arab Emirates,Cumin Seeds,Gujarat,Online,H,6/3/2025,409406990,6/12/2025,1692,87.05,4.77,3.42,415.23,297.71,8070.84,5786.64,2284.2,702569.16,503725.32,198843.84
Asia,Japan,Saffron,Jammu and Kashmir,Online,L,5/27/2023,993404121,6/28/2023,7,82.46,2371.31,1948.46,195538.22,160670.01,16599.17,13639.22,2959.95,1368767.54,1124690.07,244077.47
Europe,Russia,Cardamom,Karnataka,Offline,M,7/22/2020,794939780,8/13/2020,1264,74.1,23.4,17.9,1733.94,1326.39,29577.6,22625.6,6952.0,2191700.16,1676556.96,515143.2
Sub-Saharan Africa,Nigeria,Mustard Seeds,Rajasthan,Online,H,1/21/2022,925750192,1/28/2022,1301,77.56,1.17,0.8,90.75,62.05,1522.17,1040.8,481.37,118065.75,80727.05,37338.7
Asia,Pakistan,Cloves,Tamil Nadu,Online,H,12/30/2023,115128241,1/3/2024,431,83.26,11.01,9.07,916.69,755.17,4745.31,3909.17,836.14,395093.39,325478.27,69615.12
North America,Canada,Black Pepper,Karnataka,Offline,H,1/6/2024,277580144,1/10/2024,4219,83.41,8.52,6.57,710.65,548.0,35945.88,27718.83,8227.05,2998232.35,2312012.0,686220.35
Europe,United Kingdom,Turmeric,Tamil Nadu,Online,L,9/28/2024,349874347,11/6/2024,1201,84.56,2.55,2.12,215.63,179.27,3062.55,2546.12,516.43,258971.63,215303.27,43668.36
Europe,Germany,Turmeric,Tamil Nadu,Online,M,4/21/2021,769883973,5/12/2021,500,73.68,2.45,1.64,180.52,120.84,1225.0,820.0,405.0,90260.0,60420.0,29840.0
Europe,Italy,Cinnamon,Kerala,Offline,M,10/18/2019,609804222,10/31/2019,720,70.51,4.31,3.19,303.9,224.93,3103.2,2296.8,806.4,218808.0,161949.6,56858.4
Asia,Vietnam,Fenugreek Seeds,Rajasthan,Online,M,12/8/2021,420682191,12/18/2021,563,74.13,2.48,2.21,183.84,163.83,1396.24,1244.23,152.01,103501.92,92236.29,11265.63
Middle East and North Africa,Turkey,Mustard Seeds,Rajasthan,Online,L,2/22/2023,822392761,3/24/2023,800,81.49,1.38,0.96,112.46,78.23,1104.0,768.0,336.0,89968.0,62584.0,27384.0
Asia,Japan,Cardamom,Sikkim,Offline,L,10/3/2020,965266598,10/23/2020,754,74.37,21.08,18.41,1567.72,1369.15,15894.32,13881.14,2013.18,1182060.88,1032339.1,149721.78
Australia and Oceania,New Zealand,Coriander Seeds,Madhya Pradesh,Online,H,3/12/2020,290530412,3/17/2020,3959,73.05,1.84,1.26,134.41,92.04,7284.56,4988.34,2296.22,532129.19,364386.36,167742.83
Asia,Vietnam,Cardamom,Kerala,Offline,L,2/15/2020,145737148,3/17/2020,299,73.47,24.26,20.72,1782.38,1522.3,7253.74,6195.28,1058.46,532931.62,455167.7,77763.92
Middle East and North Africa,Kuwait,Nutmeg,Tamil Nadu,Offline,H,10/7/2023,162839509,10/10/2023,1226,82.89,11.82,8.66,979.76,717.83,14491.32,10617.16,3874.16,1201185.76,880059.58,321126.18
North America,Canada,Red Chilli,Karnataka,Online,M,1/20/2021,502931710,1/30/2021,3645,73.59,3.14,2.05,231.07,150.86,11445.3,7472.25,3973.05,842250.15,549884.7,292365.45
Asia,Bangladesh,Cinnamon,Tamil Nadu,Online,M,10/26/2024,656514492,11/11/2024,999,84.72,5.36,3.77,454.1,319.39,5354.64,3766.23,1588.41,453645.9,319070.61,134575.29
Europe,Belgium,Cumin Seeds,Gujarat,Online,M,12/8/2022,726326280,12/25/2022,304,78.08,4.42,3.07,345.11,239.71,1343.68,933.28,410.4,104913.44,72871.84,32041.6
Asia,Pakistan,Mustard Seeds,Rajasthan,Offline,C,2/6/2020,457445541,2/12/2020,4815,72.92,1.2,0.79,87.5,57.61,5778.0,3803.85,1974.15,421312.5,277392.15,143920.35
Middle East and North Africa,Saudi Arabia,Red Chilli,Andhra Pradesh,Online,L,11/14/2024,250222022,12/13/2024,6734,83.75,3.6,2.22,301.5,185.93,24242.4,14949.48,9292.92,2030301.0,1252052.62,778248.38
Europe,Germany,Coriander Seeds,Rajasthan,Offline,L,10/17/2021,809411111,11/24/2021,2033,74.84,1.83,1.13,136.96,84.57,3720.39,2297.29,1423.1,278439.68,171930.81,106508.87
Asia,Thailand,Cumin Seeds,Rajasthan,Online,H,9/2/2022,821862346,9/6/2022,300,78.31,4.39,2.98,343.78,233.36,1317.0,894.0,423.0,103134.0,70008.0,33126.0
Europe,Sweden,Coriander Seeds,Madhya Pradesh,Offline,M,12/3/2025,480349820,12/13/2025,2972,86.8,1.92,1.25,166.66,108.5,5706.24,3715.0,1991.24,495313.52,322462.0,172851.52
Australia and Oceania,New Zealand,Black Pepper,Kerala,Online,M,5/12/2023,717395502,6/1/2023,2065,82.68,8.2,6.43,677.98,531.63,16933.0,13277.95,3655.05,1400028.7,1097815.95,302212.75
Middle East and North Africa,United Arab Emirates,Cardamom,Kerala,Offline,L,12/5/2025,173370587,1/10/2026,1204,87.72,29.62,24.22,2598.27,2124.58,35662.48,29160.88,6501.6,3128317.08,2557994.32,570322.76
Middle East and North Africa,Oman,Coriander Seeds,Rajasthan,Offline,M,11/11/2022,375424910,12/3/2022,1948,79.16,1.94,1.24,153.57,98.16,3779.12,2415.52,1363.6,299154.36,191215.68,107938.68
Asia,Singapore,Black Pepper,Karnataka,Online,M,11/16/2021,357234715,12/5/2021,267,73.51,7.79,6.21,572.64,456.5,2079.93,1658.07,421.86,152894.88,121885.5,31009.38
Europe,Italy,Black Pepper,Karnataka,Online,L,10/4/2020,520930075,10/30/2020,1488,74.19,9.27,7.18,687.74,532.68,13793.76,10683.84,3109.92,1023357.12,792627.84,230729.28
Middle East and North Africa,Turkey,Cloves,Tamil Nadu,Offline,M,2/23/2022,458847042,3/5/2022,472,78.96,9.35,7.12,738.28,562.2,4413.2,3360.64,1052.56,348468.16,265358.4,83109.76
Sub-Saharan Africa,Kenya,Fenugreek Seeds,Rajasthan,Online,C,7/23/2022,806921005,7/26/2022,1324,79.01,2.73,1.78,215.7,140.64,3614.52,2356.72,1257.8,285586.8,186207.36,99379.44
Asia,Singapore,Cloves,Kerala,Online,M,7/22/2024,156836654,7/31/2024,100,83.54,11.28,9.47,942.33,791.12,1128.0,947.0,181.0,94233.0,79112.0,15121.0
Middle East and North Africa,Jordan,Red Chilli,Karnataka,Online,M,7/2/2020,397899493,7/21/2020,3231,73.05,2.91,1.98,212.58,144.64,9402.21,6397.38,3004.83,686845.98,467331.84,219514.14
Europe,United Kingdom,Fennel Seeds,Gujarat,Online,M,1/6/2025,896605934,1/27/2025,334,87.0,3.11,2.17,270.57,188.79,1038.74,724.78,313.96,90370.38,63055.86,27314.52
Asia,Vietnam,Red Chilli,Telangana,Online,L,8/28/2024,910238874,9/11/2024,1536,83.61,3.27,1.99,273.4,166.38,5022.72,3056.64,1966.08,419942.4,255559.68,164382.72
North America,Mexico,Red Chilli,Karnataka,Offline,H,12/11/2023,904670123,12/19/2023,735,83.31,3.52,2.16,293.25,179.95,2587.2,1587.6,999.6,215538.75,132263.25,83275.5
Sub-Saharan Africa,Ethiopia,Dry Ginger,Odisha,Offline,L,2/10/2019,149876383,3/19/2019,564,70.08,3.1,2.21,217.25,154.88,1748.4,1246.44,501.96,122529.0,87352.32,35176.68
Middle East and North Africa,Saudi Arabia,Cinnamon,Kerala,Online,L,9/5/2025,529796669,10/6/2025,434,86.89,5.57,4.21,483.98,365.81,2417.38,1827.14,590.24,210047.32,158761.54,51285.78
North America,Canada,Dry Ginger,Kerala,Online,L,10/19/2022,753303966,11/24/2022,832,78.65,3.83,2.75,301.23,216.29,3186.56,2288.0,898.56,250623.36,179953.28,70670.08
Middle East and North Africa,Iran,Cloves,Tamil Nadu,Online,M,12/15/2020,904976644,12/29/2020,100,74.5,9.78,7.14,728.61,531.93,978.0,714.0,264.0,72861.0,53193.0,19668.0
Europe,Italy,Fennel Seeds,Rajasthan,Online,L,2/16/2019,966610007,3/12/2019,2337,70.64,2.99,2.09,211.21,147.64,6987.63,4884.33,2103.3,493597.77,345034.68,148563.09
Asia,India,Cloves,Tamil Nadu,Online,M,4/27/2020,400520205,5/20/2020,541,74.4,10.29,8.32,765.58,619.01,5566.89,4501.12,1065.77,414178.78,334884.41,79294.37
Australia and Oceania,Australia,Red Chilli,Telangana,Online,M,5/28/2025,635531913,6/17/2025,1199,86.58,3.46,2.35,299.57,203.46,4148.54,2817.65,1330.89,359184.43,243948.54,115235.89
Asia,Bangladesh,Black Pepper,Kerala,Offline,L,3/20/2025,417260157,4/17/2025,528,87.19,8.64,6.26,753.32,545.81,4561.92,3305.28,1256.64,397752.96,288187.68,109565.28
Sub-Saharan Africa,South Africa,Cumin Seeds,Gujarat,Offline,M,10/12/2024,942204614,10/19/2024,1356,83.82,4.5,2.73,377.19,228.83,6102.0,3701.88,2400.12,511469.64,310293.48,201176.16
Middle East and North Africa,Morocco,Red Chilli,Andhra Pradesh,Offline,M,11/3/2021,942117899,11/22/2021,2479,74.2,3.02,1.95,224.08,144.69,7486.58,4834.05,2652.53,555494.32,358686.51,196807.81
Asia,Singapore,Garam Masala,Gujarat,Online,L,9/28/2022,302465147,10/23/2022,504,78.99,8.12,5.34,641.4,421.81,4092.48,2691.36,1401.12,323265.6,212592.24,110673.36
Asia,Thailand,Black Pepper,Karnataka,Online,L,10/26/2021,786627271,12/3/2021,285,75.07,7.94,5.56,596.06,417.39,2262.9,1584.6,678.3,169877.1,118956.15,50920.95
Asia,Sri Lanka,Cloves,Tamil Nadu,Offline,M,11/4/2023,600514149,11/14/2023,847,83.91,11.11,8.55,932.24,717.43,9410.17,7241.85,2168.32,789607.28,607663.21,181944.07
Sub-Saharan Africa,Ghana,Cinnamon,Kerala,Online,H,5/19/2025,140771240,5/29/2025,332,86.61,5.67,4.07,491.08,352.5,1882.44,1351.24,531.2,163038.56,117030.0,46008.56
Europe,Russia,Cinnamon,Kerala,Offline,C,11/21/2025,786191417,11/28/2025,1090,86.99,5.58,3.76,485.4,327.08,6082.2,4098.4,1983.8,529086.0,356517.2,172568.8
Asia,Pakistan,Dry Ginger,Karnataka,Online,H,7/19/2025,691465845,7/28/2025,300,86.35,3.89,2.65,335.9,228.83,1167.0,795.0,372.0,100770.0,68649.0,32121.0
Middle East and North Africa,Saudi Arabia,Red Chilli,Telangana,Online,M,7/25/2025,198071124,8/19/2025,500,86.88,3.59,2.26,311.9,196.35,1795.0,1130.0,665.0,155950.0,98175.0,57775.0
North America,United States,Turmeric,Tamil Nadu,Offline,L,4/26/2025,502301566,5/12/2025,5097,86.83,3.06,1.99,265.7,172.79,15596.82,10143.03,5453.79,1354272.9,880710.63,473562.27
Asia,Singapore,Coriander Seeds,Madhya Pradesh,Offline,L,3/28/2025,934270035,4/23/2025,788,86.19,2.01,1.3,173.24,112.05,1583.88,1024.4,559.48,136513.12,88295.4,48217.72
Middle East and North Africa,Turkey,Cumin Seeds,Rajasthan,Online,H,1/4/2025,627348694,1/15/2025,326,85.65,4.58,2.97,392.28,254.38,1493.08,968.22,524.86,127883.28,82927.88,44955.4
Central America and the Caribbean,Guatemala,Black Pepper,Kerala,Online,M,5/21/2024,310355057,5/27/2024,612,83.37,9.07,6.79,756.17,566.08,5550.84,4155.48,1395.36,462776.04,346440.96,116335.08
North America,Canada,Dry Ginger,Kerala,Online,M,8/2/2025,924682589,8/14/2025,1276,87.53,4.19,3.04,366.75,266.09,5346.44,3879.04,1467.4,467973.0,339530.84,128442.16
Asia,Thailand,Dry Ginger,Sikkim,Online,M,3/31/2022,814144840,4/18/2022,300,77.76,3.25,2.34,252.72,181.96,975.0,702.0,273.0,75816.0,54588.0,21228.0
Asia,Bangladesh,Turmeric,Telangana,Online,H,12/26/2023,718326605,1/2/2024,1286,84.26,2.48,1.8,208.96,151.67,3189.28,2314.8,874.48,268722.56,195047.62,73674.94
Australia and Oceania,Fiji,Mustard Seeds,Gujarat,Online,M,9/7/2022,861862288,9/16/2022,800,78.21,1.24,0.84,96.98,65.7,992.0,672.0,320.0,77584.0,52560.0,25024.0
Asia,Indonesia,Cardamom,Sikkim,Online,L,9/22/2023,551861847,10/8/2023,395,82.97,24.38,23.29,2022.81,1932.37,9630.1,9199.55,430.55,799009.95,763286.15,35723.8
Asia,Japan,Coriander Seeds,Rajasthan,Offline,M,10/13/2025,390377397,11/2/2025,6168,87.58,1.94,1.17,169.91,102.47,11965.92,7216.56,4749.36,1048004.88,632034.96,415969.92
North America,Canada,Coriander Seeds,Madhya Pradesh,Offline,M,11/28/2025,729023653,12/7/2025,2057,86.5,2.21,1.35,191.16,116.78,4545.97,2776.95,1769.02,393216.12,240216.46,152999.66
Middle East and North Africa,Oman,Coriander Seeds,Gujarat,Online,H,10/21/2024,635676251,10/25/2024,838,84.89,2.08,1.42,176.57,120.54,1743.04,1189.96,553.08,147965.66,101012.52,46953.14
Asia,Singapore,Nutmeg,Kerala,Offline,M,2/25/2019,813160857,3/15/2019,1227,70.47,10.77,8.0,758.96,563.76,13214.79,9816.0,3398.79,931243.92,691733.52,239510.4
Asia,South Korea,Coriander Seeds,Gujarat,Offline,H,3/14/2020,499240526,3/23/2020,1389,74.05,1.54,0.95,114.04,70.35,2139.06,1319.55,819.51,158401.56,97716.15,60685.41
Asia,Japan,Fenugreek Seeds,Rajasthan,Online,M,12/5/2019,882323384,12/30/2019,2208,70.99,2.4,1.49,170.38,105.78,5299.2,3289.92,2009.28,376199.04,233562.24,142636.8
Asia,Singapore,Coriander Seeds,Gujarat,Online,L,9/10/2019,859024227,9/27/2019,1345,70.88,1.51,1.0,107.03,70.88,2030.95,1345.0,685.95,143955.35,95333.6,48621.75
Sub-Saharan Africa,Nigeria,Coriander Seeds,Gujarat,Online,M,4/12/2025,271184285,4/18/2025,521,86.46,1.85,1.74,159.95,150.44,963.85,906.54,57.31,83333.95,78379.24,4954.71
Asia,Bangladesh,Mustard Seeds,Rajasthan,Offline,H,6/29/2020,412623442,7/4/2020,2031,73.82,1.2,0.82,88.58,60.53,2437.2,1665.42,771.78,179905.98,122936.43,56969.55
Asia,Japan,Dry Ginger,Kerala,Offline,M,10/5/2021,763266924,10/21/2021,547,73.82,3.46,2.58,255.42,190.46,1892.62,1411.26,481.36,139714.74,104181.62,35533.12
Australia and Oceania,Australia,Fennel Seeds,Gujarat,Offline,L,5/13/2022,943983032,6/12/2022,2688,78.88,2.96,1.78,233.48,140.41,7956.48,4784.64,3171.84,627594.24,377422.08,250172.16
North America,United States,Turmeric,Andhra Pradesh,Online,L,7/7/2020,985003899,7/31/2020,547,74.1,2.43,1.65,180.06,122.26,1329.21,902.55,426.66,98492.82,66876.22,31616.6
Europe,Russia,Coriander Seeds,Rajasthan,Offline,H,1/8/2023,880573446,1/14/2023,874,81.94,1.8,1.08,147.49,88.5,1573.2,943.92,629.28,128906.26,77349.0,51557.26
Asia,Indonesia,Cumin Seeds,Rajasthan,Offline,M,11/16/2024,472437897,12/3/2024,1659,83.6,4.04,2.87,337.74,239.93,6702.36,4761.33,1941.03,560310.66,398043.87,162266.79
Asia,Vietnam,Garam Masala,Gujarat,Offline,M,10/15/2021,449486706,11/3/2021,329,73.39,6.61,3.78,485.11,277.41,2174.69,1243.62,931.07,159601.19,91267.89,68333.3
Europe,Belgium,Black Pepper,Kerala,Online,M,5/26/2024,600941366,6/14/2024,883,83.5,8.92,7.13,744.82,595.36,7876.36,6295.79,1580.57,657676.06,525702.88,131973.18
Asia,Bangladesh,Red Chilli,Telangana,Online,M,10/29/2023,936775650,11/20/2023,500,82.97,3.41,2.22,282.93,184.19,1705.0,1110.0,595.0,141465.0,92095.0,49370.0
North America,Canada,Cardamom,Karnataka,Offline,C,9/22/2024,633546329,9/23/2024,340,83.78,25.92,21.23,2171.58,1778.65,8812.8,7218.2,1594.6,738337.2,604741.0,133596.2
Australia and Oceania,Australia,Garam Masala,Maharashtra,Offline,H,6/22/2025,821277567,6/29/2025,139,87.34,8.66,5.21,756.36,455.04,1203.74,724.19,479.55,105134.04,63250.56,41883.48
Asia,Malaysia,Turmeric,Karnataka,Online,M,9/15/2021,779175568,10/8/2021,1209,74.09,2.24,1.43,165.96,105.95,2708.16,1728.87,979.29,200645.64,128093.55,72552.09
North America,Canada,Turmeric,Tamil Nadu,Offline,H,10/2/2019,158069781,10/6/2019,695,70.62,2.42,1.61,170.9,113.7,1681.9,1118.95,562.95,118775.5,79021.5,39754.0
North America,Mexico,Turmeric,Telangana,Offline,L,9/5/2021,346300728,9/21/2021,528,73.79,2.46,1.69,181.52,124.71,1298.88,892.32,406.56,95842.56,65846.88,29995.68
Australia and Oceania,New Zealand,Cumin Seeds,Gujarat,Offline,L,10/18/2021,763872342,10/31/2021,1259,74.04,3.81,2.7,282.09,199.91,4796.79,3399.3,1397.49,355151.31,251686.69,103464.62
Asia,India,Cardamom,Tamil Nadu,Online,H,12/19/2020,917518113,12/27/2020,162,74.7,21.67,17.29,1618.75,1291.56,3510.54,2800.98,709.56,262237.5,209232.72,53004.78
Middle East and North Africa,United Arab Emirates,Cloves,Kerala,Offline,L,11/27/2024,445029444,12/31/2024,114,84.04,10.63,8.47,893.35,711.82,1211.82,965.58,246.24,101841.9,81147.48,20694.42
Europe,Belgium,Black Pepper,Karnataka,Online,M,12/8/2025,226621560,12/30/2025,567,87.81,9.53,6.94,836.83,609.4,5403.51,3934.98,1468.53,474482.61,345529.8,128952.81
Asia,Japan,Cardamom,Karnataka,Online,L,11/27/2025,774947374,12/26/2025,65,87.79,25.39,21.6,2228.99,1896.26,1650.35,1404.0,246.35,144884.35,123256.9,21627.45
Europe,Germany,Dry Ginger,Odisha,Online,C,3/16/2025,452145306,3/18/2025,2204,86.78,4.08,2.71,354.06,235.17,8992.32,5972.84,3019.48,780348.24,518314.68,262033.56
Asia,Japan,Mustard Seeds,Madhya Pradesh,Offline,L,6/10/2022,517087010,6/21/2022,5606,78.99,1.4,0.97,110.59,76.62,7848.4,5437.82,2410.58,619967.54,429531.72,190435.82
Australia and Oceania,Fiji,Nutmeg,Tamil Nadu,Offline,H,5/15/2023,417587805,5/26/2023,124,82.19,13.65,9.7,1121.89,797.24,1692.6,1202.8,489.8,139114.36,98857.76,40256.6
Sub-Saharan Africa,Tanzania,Red Chilli,Andhra Pradesh,Offline,M,10/2/2023,557762908,10/25/2023,1699,83.2,3.14,2.08,261.25,173.06,5334.86,3533.92,1800.94,443863.75,294028.94,149834.81
Europe,Spain,Cumin Seeds,Gujarat,Online,L,11/28/2022,573200469,12/10/2022,1090,78.94,5.04,3.5,397.86,276.29,5493.6,3815.0,1678.6,433667.4,301156.1,132511.3
Asia,Thailand,Coriander Seeds,Gujarat,Offline,M,11/19/2021,535717818,12/8/2021,1341,74.86,1.74,1.12,130.26,83.84,2333.34,1501.92,831.42,174678.66,112429.44,62249.22
Australia and Oceania,New Zealand,Dry Ginger,Odisha,Online,C,6/6/2020,307716474,6/13/2020,1202,75.0,3.89,2.86,291.75,214.5,4675.78,3437.72,1238.06,350683.5,257829.0,92854.5
Middle East and North Africa,Iran,Fennel Seeds,Rajasthan,Online,M,3/6/2025,619218318,3/20/2025,689,86.97,3.54,2.08,307.87,180.9,2439.06,1433.12,1005.94,212122.43,124640.1,87482.33
Asia,Nepal,Fennel Seeds,Gujarat,Online,H,10/9/2023,269729217,10/12/2023,1609,82.6,2.64,1.74,218.06,143.72,4247.76,2799.66,1448.1,350858.54,231245.48,119613.06
Australia and Oceania,Australia,Mustard Seeds,Rajasthan,Offline,H,3/13/2023,720120025,3/17/2023,3763,82.83,1.65,1.08,136.67,89.46,6208.95,4064.04,2144.91,514289.21,336637.98,177651.23
North America,Mexico,Black Pepper,Karnataka,Offline,M,9/4/2021,305102780,9/15/2021,405,74.39,8.2,5.89,610.0,438.16,3321.0,2385.45,935.55,247050.0,177454.8,69595.2
Europe,United Kingdom,Garam Masala,Kerala,Online,H,7/8/2024,306324040,7/11/2024,109,84.91,9.12,5.82,774.38,494.18,994.08,634.38,359.7,84407.42,53865.62,30541.8
Europe,Russia,Cumin Seeds,Gujarat,Online,L,5/22/2022,990177020,6/26/2022,3673,79.07,4.23,2.85,334.47,225.35,15536.79,10468.05,5068.74,1228508.31,827710.55,400797.76
Asia,Japan,Garam Masala,Gujarat,Offline,M,11/18/2020,885371928,12/11/2020,1118,74.07,7.22,4.19,534.79,310.35,8071.96,4684.42,3387.54,597895.22,346971.3,250923.92
Europe,Spain,Black Pepper,Kerala,Offline,H,12/1/2024,816937429,12/13/2024,1776,84.65,9.44,6.92,799.1,585.78,16765.44,12289.92,4475.52,1419201.6,1040345.28,378856.32
North America,United States,Nutmeg,Kerala,Offline,M,11/13/2020,868025672,12/1/2020,749,74.39,12.45,10.06,926.16,748.36,9325.05,7534.94,1790.11,693693.84,560521.64,133172.2
Asia,Bangladesh,Cardamom,Kerala,Offline,M,8/19/2019,839504723,9/13/2019,157,70.18,21.1,17.58,1480.8,1233.76,3312.7,2760.06,552.64,232485.6,193700.32,38785.28
Europe,France,Black Pepper,Kerala,Online,M,11/22/2024,789432706,12/14/2024,3883,84.01,9.87,8.1,829.18,680.48,38325.21,31452.3,6872.91,3219705.94,2642303.84,577402.1
Europe,Italy,Coriander Seeds,Gujarat,Online,L,7/5/2019,502652073,8/4/2019,670,71.42,1.71,1.07,122.13,76.42,1145.7,716.9,428.8,81827.1,51201.4,30625.7
North America,United States,Fenugreek Seeds,Rajasthan,Online,L,8/12/2025,479194505,8/29/2025,300,86.96,3.21,2.1,279.14,182.62,963.0,630.0,333.0,83742.0,54786.0,28956.0
Asia,Japan,Nutmeg,Tamil Nadu,Online,C,4/14/2023,136160168,4/19/2023,100,83.16,12.64,9.79,1051.14,814.14,1264.0,979.0,285.0,105114.0,81414.0,23700.0
Middle East and North Africa,Turkey,Cumin Seeds,Gujarat,Online,H,12/27/2023,638467159,1/6/2024,2334,82.48,4.79,3.55,395.08,292.8,11179.86,8285.7,2894.16,922116.72,683395.2,238721.52
Middle East and North Africa,United Arab Emirates,Cinnamon,Kerala,Offline,H,5/31/2024,314677476,6/10/2024,1217,83.52,5.87,3.99,490.26,333.24,7143.79,4855.83,2287.96,596646.42,405553.08,191093.34
Asia,Sri Lanka,Cardamom,Kerala,Offline,M,11/8/2021,523020269,11/22/2021,56,72.88,21.95,16.96,1599.72,1236.04,1229.2,949.76,279.44,89584.32,69218.24,20366.08
Asia,Thailand,Mustard Seeds,Rajasthan,Offline,M,5/5/2024,659444216,5/30/2024,1367,84.37,1.47,0.95,124.02,80.15,2009.49,1298.65,710.84,169535.34,109565.05,59970.29
Middle East and North Africa,United Arab Emirates,Coriander Seeds,Madhya Pradesh,Online,M,8/23/2025,641922552,9/17/2025,679,86.94,2.09,1.41,181.7,122.59,1419.11,957.39,461.72,123374.3,83238.61,40135.69
Middle East and North Africa,Kuwait,Black Pepper,Kerala,Offline,H,8/11/2024,229829788,8/15/2024,400,83.54,8.25,5.83,689.21,487.04,3300.0,2332.0,968.0,275684.0,194816.0,80868.0
Middle East and North Africa,Turkey,Coriander Seeds,Rajasthan,Online,H,9/14/2025,855924486,9/22/2025,1335,87.17,2.06,1.31,179.57,114.19,2750.1,1748.85,1001.25,239725.95,152443.65,87282.3
Asia,Vietnam,Mustard Seeds,Rajasthan,Online,L,12/22/2023,260248351,1/11/2024,1924,83.99,1.4,0.94,117.59,78.95,2693.6,1808.56,885.04,226243.16,151899.8,74343.36
North America,United States,Garam Masala,Gujarat,Online,L,2/23/2023,257411099,3/15/2023,104,82.49,9.01,5.15,743.23,424.82,937.04,535.6,401.44,77295.92,44181.28,33114.64
Australia and Oceania,New Zealand,Cardamom,Kerala,Offline,M,11/28/2021,246106605,12/13/2021,973,74.18,23.13,19.11,1715.78,1417.58,22505.49,18594.03,3911.46,1669453.94,1379305.34,290148.6
North America,Canada,Cardamom,Sikkim,Offline,L,6/17/2025,111696950,7/21/2025,319,87.34,27.49,23.03,2400.98,2011.44,8769.31,7346.57,1422.74,765912.62,641649.36,124263.26
Europe,United Kingdom,Cinnamon,Kerala,Online,L,8/17/2022,661539738,9/24/2022,783,79.65,6.18,4.48,492.24,356.83,4838.94,3507.84,1331.1,385423.92,279397.89,106026.03
Middle East and North Africa,United Arab Emirates,Cinnamon,Kerala,Online,L,2/3/2025,720917689,3/9/2025,1159,86.5,5.97,4.33,516.4,374.55,6919.23,5018.47,1900.76,598507.6,434103.45,164404.15
Asia,Sri Lanka,Cardamom,Karnataka,Online,M,8/11/2021,459900562,8/28/2021,145,74.36,21.71,18.07,1614.36,1343.69,3147.95,2620.15,527.8,234082.2,194835.05,39247.15
Asia,Malaysia,Cumin Seeds,Gujarat,Offline,L,10/1/2024,745159514,10/20/2024,1408,84.93,4.53,3.17,384.73,269.23,6378.24,4463.36,1914.88,541699.84,379075.84,162624.0
Europe,Poland,Cumin Seeds,Gujarat,Offline,M,4/11/2020,223877795,4/25/2020,1198,72.98,4.05,2.51,295.57,183.18,4851.9,3006.98,1844.92,354092.86,219449.64,134643.22
Sub-Saharan Africa,Kenya,Turmeric,Andhra Pradesh,Offline,M,3/29/2023,756327387,4/14/2023,544,81.45,2.31,1.56,188.15,127.06,1256.64,848.64,408.0,102353.6,69120.64,33232.96
Sub-Saharan Africa,Ghana,Cumin Seeds,Gujarat,Offline,L,10/25/2021,644913038,11/21/2021,2186,74.19,4.1,2.75,304.18,204.02,8962.6,6011.5,2951.1,664937.48,445987.72,218949.76
Europe,Netherlands,Cumin Seeds,Gujarat,Offline,M,12/6/2022,368242145,12/31/2022,4301,79.14,4.42,2.79,349.8,220.8,19010.42,11999.79,7010.63,1504489.8,949660.8,554829.0
North America,Canada,Garam Masala,Maharashtra,Offline,M,5/23/2023,888663938,6/4/2023,188,82.11,7.23,4.72,593.66,387.56,1359.24,887.36,471.88,111608.08,72861.28,38746.8
Europe,France,Dry Ginger,Meghalaya,Offline,M,11/13/2022,822950138,11/26/2022,3464,78.82,3.59,2.45,282.96,193.11,12435.76,8486.8,3948.96,980173.44,668933.04,311240.4
Europe,Spain,Cumin Seeds,Gujarat,Online,M,12/22/2023,280551682,1/12/2024,3002,83.26,5.29,3.61,440.45,300.57,15880.58,10837.22,5043.36,1322230.9,902311.14,419919.76
Asia,Japan,Red Chilli,Madhya Pradesh,Online,M,12/6/2024,736204472,12/13/2024,500,83.72,3.13,2.08,262.04,174.14,1565.0,1040.0,525.0,131020.0,87070.0,43950.0
Europe,France,Red Chilli,Madhya Pradesh,Offline,H,5/23/2024,208706813,5/26/2024,3693,83.9,3.4,2.2,285.26,184.58,12556.2,8124.6,4431.6,1053465.18,681653.94,371811.24
Middle East and North Africa,United Arab Emirates,Cardamom,Karnataka,Offline,H,7/26/2021,206030775,7/30/2021,1101,74.79,23.43,19.8,1752.33,1480.84,25796.43,21799.8,3996.63,1929315.33,1630404.84,298910.49
North America,Canada,Mustard Seeds,Rajasthan,Offline,M,12/24/2025,859176273,1/10/2026,956,87.4,1.52,0.95,132.85,83.03,1453.12,908.2,544.92,127004.6,79376.68,47627.92
Europe,Poland,Cumin Seeds,Gujarat,Offline,M,12/11/2025,711110119,12/17/2025,2591,86.86,4.2,2.67,364.81,231.92,10882.2,6917.97,3964.23,945222.71,600904.72,344317.99
Middle East and North Africa,Turkey,Dry Ginger,Kerala,Online,C,11/23/2019,254814656,11/29/2019,300,70.32,3.7,2.74,260.18,192.68,1110.0,822.0,288.0,78054.0,57804.0,20250.0
Europe,Belgium,Cardamom,Kerala,Online,L,10/29/2023,374581298,11/21/2023,50,83.57,26.98,20.63,2254.72,1724.05,1349.0,1031.5,317.5,112736.0,86202.5,26533.5
Australia and Oceania,Fiji,Cumin Seeds,Gujarat,Offline,H,8/25/2025,810779516,9/5/2025,1009,87.55,4.77,3.28,417.61,287.16,4812.93,3309.52,1503.41,421368.49,289744.44,131624.05
North America,Mexico,Cloves,Tamil Nadu,Offline,H,5/29/2021,738380325,6/5/2021,398,74.45,10.39,8.3,773.54,617.94,4135.22,3303.4,831.82,307868.92,245940.12,61928.8
Europe,Russia,Black Pepper,Kerala,Online,H,12/22/2025,805826566,12/28/2025,735,87.46,10.43,8.27,912.21,723.29,7666.05,6078.45,1587.6,670474.35,531618.15,138856.2
Asia,Nepal,Coriander Seeds,Madhya Pradesh,Online,L,8/26/2023,759406509,10/2/2023,2162,82.25,1.89,1.23,155.45,101.17,4086.18,2659.26,1426.92,336082.9,218729.54,117353.36
Asia,Malaysia,Turmeric,Andhra Pradesh,Online,M,3/3/2022,600632447,3/22/2022,1459,79.88,2.52,1.8,201.3,143.78,3676.68,2626.2,1050.48,293696.7,209775.02,83921.68
Sub-Saharan Africa,Nigeria,Cloves,Kerala,Online,C,4/3/2021,893576301,4/9/2021,1053,73.59,10.32,7.16,759.45,526.9,10866.96,7539.48,3327.48,799700.85,554825.7,244875.15
Europe,United Kingdom,Mustard Seeds,Madhya Pradesh,Offline,H,10/7/2025,872961200,10/14/2025,3219,87.16,1.59,1.07,138.58,93.26,5118.21,3444.33,1673.88,446089.02,300203.94,145885.08
Middle East and North Africa,Saudi Arabia,Cinnamon,Kerala,Offline,C,9/21/2024,437653912,9/25/2024,319,84.62,4.62,2.9,390.94,245.4,1473.78,925.1,548.68,124709.86,78282.6,46427.26
Middle East and North Africa,Qatar,Black Pepper,Tamil Nadu,Online,H,2/9/2023,814701661,2/18/2023,491,81.78,9.51,7.09,777.73,579.82,4669.41,3481.19,1188.22,381865.43,284691.62,97173.81
North America,Canada,Cardamom,Kerala,Offline,L,7/16/2025,298461277,7/28/2025,117,86.61,29.22,23.62,2530.74,2045.73,3418.74,2763.54,655.2,296096.58,239350.41,56746.17
Europe,Italy,Black Pepper,Tamil Nadu,Offline,M,6/15/2021,942958315,6/20/2021,3615,73.99,7.51,5.68,555.66,420.26,27148.65,20533.2,6615.45,2008710.9,1519239.9,489471.0
Middle East and North Africa,Morocco,Red Chilli,Andhra Pradesh,Offline,M,8/5/2021,129446540,8/13/2021,8338,73.76,2.89,1.81,213.17,133.51,24096.82,15091.78,9005.04,1777411.46,1113206.38,664205.08
Sub-Saharan Africa,Kenya,Dry Ginger,Kerala,Online,M,11/27/2025,358637368,12/3/2025,300,86.96,3.56,2.75,309.58,239.14,1068.0,825.0,243.0,92874.0,71742.0,21132.0
North America,United States,Cardamom,Karnataka,Online,L,12/16/2023,121269185,1/1/2024,186,84.04,26.21,20.33,2202.69,1708.53,4875.06,3781.38,1093.68,409700.34,317786.58,91913.76
Europe,Netherlands,Fennel Seeds,Rajasthan,Online,L,12/24/2025,689368536,1/29/2026,1077,86.75,3.71,2.42,321.84,209.94,3995.67,2606.34,1389.33,346621.68,226105.38,120516.3
Asia,Japan,Turmeric,Maharashtra,Offline,M,11/23/2023,852046312,12/5/2023,1284,82.91,2.41,1.63,199.81,135.14,3094.44,2092.92,1001.52,256556.04,173519.76,83036.28
Europe,France,Red Chilli,Andhra Pradesh,Online,L,7/8/2024,513883740,8/7/2024,500,82.94,3.39,2.12,281.17,175.83,1695.0,1060.0,635.0,140585.0,87915.0,52670.0
North America,Canada,Turmeric,Tamil Nadu,Offline,M,10/30/2022,933918743,11/13/2022,6339,79.03,2.66,2.29,210.22,180.98,16861.74,14516.31,2345.43,1332584.58,1147232.22,185352.36
North America,Canada,Black Pepper,Karnataka,Online,C,6/29/2021,386351476,7/1/2021,200,73.73,8.13,5.91,599.42,435.74,1626.0,1182.0,444.0,119884.0,87148.0,32736.0
Middle East and North Africa,Oman,Red Chilli,Karnataka,Offline,M,8/16/2023,301205744,9/6/2023,5066,82.59,3.28,3.07,270.9,253.55,16616.48,15552.62,1063.86,1372379.4,1284484.3,87895.1
Asia,Thailand,Saffron,Jammu and Kashmir,Offline,H,11/14/2025,684843469,11/19/2025,9,87.62,2274.45,1961.89,199287.31,171900.8,20470.05,17657.01,2813.04,1793585.79,1547107.2,246478.59
North America,United States,Turmeric,Tamil Nadu,Offline,M,3/6/2025,791414653,3/26/2025,1790,86.51,2.9,1.82,250.88,157.45,5191.0,3257.8,1933.2,449075.2,281835.5,167239.7
Asia,India,Red Chilli,Telangana,Offline,L,12/23/2023,851627559,1/22/2024,1278,82.83,3.07,1.68,254.29,139.15,3923.46,2147.04,1776.42,324982.62,177833.7,147148.92
Asia,Indonesia,Red Chilli,Telangana,Offline,H,6/2/2025,690851412,6/13/2025,2284,86.4,3.73,2.35,322.27,203.04,8519.32,5367.4,3151.92,736064.68,463743.36,272321.32
Middle East and North Africa,Saudi Arabia,Black Pepper,Kerala,Online,L,10/26/2021,802055580,11/9/2021,1519,73.75,8.88,7.38,654.9,544.27,13488.72,11210.22,2278.5,994793.1,826746.13,168046.97
Asia,Malaysia,Cumin Seeds,Gujarat,Offline,H,10/29/2022,718397007,11/8/2022,5422,79.25,4.41,2.84,349.49,225.07,23911.02,15398.48,8512.54,1894934.78,1220329.54,674605.24
Asia,Sri Lanka,Black Pepper,Kerala,Online,C,8/13/2024,659862766,8/19/2024,450,84.31,7.9,6.21,666.05,523.57,3555.0,2794.5,760.5,299722.5,235606.5,64116.0
Asia,Bangladesh,Black Pepper,Kerala,Online,H,12/27/2023,648541064,1/3/2024,267,83.54,9.44,7.03,788.62,587.29,2520.48,1877.01,643.47,210561.54,156806.43,53755.11
Europe,United Kingdom,Cardamom,Sikkim,Offline,C,10/19/2023,173856253,10/20/2023,1181,82.62,24.05,21.3,1987.01,1759.81,28403.05,25155.3,3247.75,2346658.81,2078335.61,268323.2
Europe,Russia,Cumin Seeds,Gujarat,Online,M,4/26/2023,798566335,5/1/2023,647,82.81,4.43,3.2,366.85,264.99,2866.21,2070.4,795.81,237351.95,171448.53,65903.42
Europe,Poland,Black Pepper,Karnataka,Online,L,12/3/2022,252132089,12/16/2022,210,78.92,8.69,6.34,685.81,500.35,1824.9,1331.4,493.5,144020.1,105073.5,38946.6
Europe,France,Coriander Seeds,Madhya Pradesh,Offline,C,7/22/2025,544895174,7/28/2025,7582,87.35,2.15,2.06,187.8,179.94,16301.3,15618.92,682.38,1423899.6,1364305.08,59594.52
Middle East and North Africa,Oman,Turmeric,Tamil Nadu,Online,M,7/24/2022,563829506,8/11/2022,3115,78.45,2.59,1.75,203.19,137.29,8067.85,5451.25,2616.6,632936.85,427658.35,205278.5
Europe,Spain,Red Chilli,Madhya Pradesh,Offline,L,12/20/2023,926896860,1/26/2024,547,83.54,3.31,1.92,276.52,160.4,1810.57,1050.24,760.33,151256.44,87738.8,63517.64
Australia and Oceania,Australia,Fenugreek Seeds,Rajasthan,Offline,L,11/19/2019,913110938,12/29/2019,4290,70.67,2.77,1.7,195.76,120.14,11883.3,7293.0,4590.3,839810.4,515400.6,324409.8
Sub-Saharan Africa,Nigeria,Red Chilli,Telangana,Offline,M,1/13/2022,283860050,1/21/2022,1641,78.04,2.96,1.75,231.0,136.57,4857.36,2871.75,1985.61,379071.0,224111.37,154959.63
North America,United States,Turmeric,Andhra Pradesh,Offline,H,11/8/2025,167674983,11/18/2025,2675,86.6,3.01,1.98,260.67,171.47,8051.75,5296.5,2755.25,697292.25,458682.25,238610.0
Middle East and North Africa,Morocco,Turmeric,Telangana,Offline,C,12/3/2021,143561644,12/7/2021,5437,75.38,2.3,1.48,173.37,111.56,12505.1,8046.76,4458.34,942612.69,606551.72,336060.97
Europe,Sweden,Cumin Seeds,Rajasthan,Online,L,1/11/2021,687867649,2/10/2021,919,73.5,4.83,3.5,355.0,257.25,4438.77,3216.5,1222.27,326245.0,236412.75,89832.25
Europe,Netherlands,Coriander Seeds,Rajasthan,Online,H,2/3/2020,290870782,2/7/2020,1596,73.63,1.69,1.05,124.43,77.31,2697.24,1675.8,1021.44,198590.28,123386.76,75203.52
Europe,Germany,Red Chilli,Andhra Pradesh,Offline,L,12/9/2019,810449860,1/16/2020,4903,71.8,2.77,1.65,198.89,118.47,13581.31,8089.95,5491.36,975157.67,580858.41,394299.26
Europe,Sweden,Cardamom,Kerala,Offline,M,12/14/2024,894478204,1/7/2025,79,84.52,28.52,23.82,2410.51,2013.27,2253.08,1881.78,371.3,190430.29,159048.33,31381.96
Middle East and North Africa,United Arab Emirates,Black Pepper,Tamil Nadu,Offline,L,12/19/2021,375223672,1/27/2022,870,74.71,7.69,5.7,574.52,425.85,6690.3,4959.0,1731.3,499832.4,370489.5,129342.9
Europe,Russia,Turmeric,Maharashtra,Online,M,11/4/2021,365208879,11/28/2021,500,74.47,2.41,2.13,179.47,158.62,1205.0,1065.0,140.0,89735.0,79310.0,10425.0
Middle East and North Africa,Egypt,Nutmeg,Kerala,Online,H,10/25/2021,621156574,10/30/2021,692,73.76,12.73,9.22,938.96,680.07,8809.16,6380.24,2428.92,649760.32,470608.44,179151.88
Sub-Saharan Africa,South Africa,Black Pepper,Kerala,Online,M,3/27/2025,233645558,4/10/2025,200,87.23,9.78,7.92,853.11,690.86,1956.0,1584.0,372.0,170622.0,138172.0,32450.0
Europe,United Kingdom,Cinnamon,Kerala,Online,L,11/27/2023,525704374,12/20/2023,1057,82.48,5.73,4.18,472.61,344.77,6056.61,4418.26,1638.35,499548.77,364421.89,135126.88
Asia,South Korea,Cumin Seeds,Gujarat,Online,H,9/29/2025,874018736,10/5/2025,2426,87.19,4.32,4.51,376.66,393.23,10480.32,10941.26,-460.94,913777.16,953975.98,-40198.82
Europe,France,Cardamom,Kerala,Online,M,12/5/2023,342163125,12/10/2023,338,82.07,25.47,21.91,2090.32,1798.15,8608.86,7405.58,1203.28,706528.16,607774.7,98753.46
Asia,Bangladesh,Turmeric,Telangana,Online,H,10/20/2022,147041368,10/23/2022,1639,78.65,2.44,1.72,191.91,135.28,3999.16,2819.08,1180.08,314540.49,221723.92,92816.57
Middle East and North Africa,United Arab Emirates,Dry Ginger,Meghalaya,Offline,M,3/30/2025,286379662,4/23/2025,876,86.35,3.24,2.32,279.77,200.33,2838.24,2032.32,805.92,245078.52,175489.08,69589.44
Europe,Netherlands,Cumin Seeds,Gujarat,Online,L,11/15/2021,892321741,12/14/2021,613,74.6,4.5,3.28,335.7,244.69,2758.5,2010.64,747.86,205784.1,149994.97,55789.13
Asia,India,Cinnamon,Kerala,Offline,L,10/12/2022,206064679,10/24/2022,228,78.29,5.29,3.98,414.15,311.59,1206.12,907.44,298.68,94426.2,71042.52,23383.68
Europe,Germany,Cloves,Kerala,Online,M,10/5/2021,719660275,10/17/2021,535,74.44,11.26,8.18,838.19,608.92,6024.1,4376.3,1647.8,448431.65,325772.2,122659.45
Asia,Bangladesh,Garam Masala,Kerala,Online,H,4/23/2019,895719226,4/28/2019,143,70.62,7.19,4.79,507.76,338.27,1028.17,684.97,343.2,72609.68,48372.61,24237.07
Asia,Sri Lanka,Turmeric,Karnataka,Online,M,6/1/2019,218216580,6/13/2019,500,69.76,2.11,1.45,147.19,101.15,1055.0,725.0,330.0,73595.0,50575.0,23020.0
Sub-Saharan Africa,Nigeria,Black Pepper,Karnataka,Online,H,11/18/2025,545509548,11/24/2025,1527,87.81,8.32,6.45,730.58,566.37,12704.64,9849.15,2855.49,1115595.66,864846.99,250748.67
Central America and the Caribbean,Panama,Garam Masala,Kerala,Offline,H,4/26/2021,992087292,5/1/2021,298,73.55,7.65,4.7,562.66,345.69,2279.7,1400.6,879.1,167672.68,103015.62,64657.06
Middle East and North Africa,United Arab Emirates,Black Pepper,Karnataka,Online,L,9/5/2021,361413654,10/8/2021,406,74.85,7.93,6.09,593.56,455.84,3219.58,2472.54,747.04,240985.36,185071.04,55914.32
Asia,Bangladesh,Cinnamon,Kerala,Online,L,2/2/2019,857337901,2/17/2019,200,70.22,5.22,3.98,366.55,279.48,1044.0,796.0,248.0,73310.0,55896.0,17414.0
Asia,Bangladesh,Fennel Seeds,Gujarat,Offline,L,9/3/2024,576092385,10/6/2024,3057,83.52,2.92,1.9,243.88,158.69,8926.44,5808.3,3118.14,745541.16,485115.33,260425.83
Europe,Germany,Cardamom,Karnataka,Offline,L,6/7/2024,648015905,6/19/2024,232,84.06,26.26,22.15,2207.42,1861.93,6092.32,5138.8,953.52,512121.44,431967.76,80153.68
North America,Canada,Mustard Seeds,Rajasthan,Offline,M,11/30/2024,627300562,12/24/2024,4811,84.49,1.6,1.01,135.18,85.33,7697.6,4859.11,2838.49,650350.98,410522.63,239828.35
Asia,Thailand,Turmeric,Odisha,Online,L,12/5/2024,650224743,1/3/2025,1690,83.43,2.53,1.76,211.08,146.84,4275.7,2974.4,1301.3,356725.2,248159.6,108565.6
North America,Mexico,Cumin Seeds,Gujarat,Online,M,5/14/2021,111556433,5/29/2021,439,74.62,5.06,3.25,377.58,242.52,2221.34,1426.75,794.59,165757.62,106466.28,59291.34
Europe,United Kingdom,Red Chilli,Karnataka,Offline,L,12/14/2020,567786089,1/11/2021,2256,74.32,3.23,2.09,240.05,155.33,7286.88,4715.04,2571.84,541552.8,350424.48,191128.32
Europe,Spain,Cumin Seeds,Rajasthan,Online,H,6/3/2025,837442961,6/11/2025,1100,86.51,5.41,3.72,468.02,321.82,5951.0,4092.0,1859.0,514822.0,354002.0,160820.0
North America,Mexico,Dry Ginger,Odisha,Offline,M,9/22/2022,577092703,10/4/2022,888,78.92,4.2,2.87,331.46,226.5,3729.6,2548.56,1181.04,294336.48,201132.0,93204.48
Asia,Pakistan,Dry Ginger,Karnataka,Offline,L,10/25/2020,759509792,11/20/2020,497,74.35,3.62,2.35,269.15,174.72,1799.14,1167.95,631.19,133767.55,86835.84,46931.71
Middle East and North Africa,Morocco,Turmeric,Andhra Pradesh,Offline,M,10/18/2025,357841968,11/2/2025,5254,87.39,2.64,1.68,230.71,146.82,13870.56,8826.72,5043.84,1212150.34,771392.28,440758.06
Australia and Oceania,Australia,Cinnamon,Kerala,Offline,H,8/22/2022,854285764,9/3/2022,1657,78.12,5.31,3.84,414.82,299.98,8798.67,6362.88,2435.79,687356.74,497066.86,190289.88
North America,United States,Coriander Seeds,Madhya Pradesh,Online,M,3/5/2025,766614263,3/25/2025,510,87.04,2.64,1.67,229.79,145.36,1346.4,851.7,494.7,117192.9,74133.6,43059.3
Europe,Netherlands,Red Chilli,Andhra Pradesh,Offline,M,10/31/2021,414887424,11/23/2021,870,73.82,3.14,2.02,231.79,149.12,2731.8,1757.4,974.4,201657.3,129734.4,71922.9
Asia,Vietnam,Cumin Seeds,Rajasthan,Offline,C,8/15/2019,500566835,8/17/2019,1934,70.42,3.69,2.43,259.85,171.12,7136.46,4699.62,2436.84,502549.9,330946.08,171603.82
Middle East and North Africa,United Arab Emirates,Cumin Seeds,Rajasthan,Online,M,9/12/2022,498525687,9/24/2022,300,79.0,4.72,3.32,372.88,262.28,1416.0,996.0,420.0,111864.0,78684.0,33180.0
Asia,Singapore,Dry Ginger,Sikkim,Offline,M,8/14/2020,830255895,8/26/2020,590,74.25,3.2,2.32,237.6,172.26,1888.0,1368.8,519.2,140184.0,101633.4,38550.6
Asia,South Korea,Dry Ginger,Karnataka,Online,C,10/23/2024,716076519,10/29/2024,310,84.53,3.67,2.51,310.23,212.17,1137.7,778.1,359.6,96171.3,65772.7,30398.6
Europe,Germany,Cardamom,Sikkim,Offline,H,4/15/2024,734249049,4/18/2024,146,83.84,23.86,20.12,2000.42,1686.86,3483.56,2937.52,546.04,292061.32,246281.56,45779.76
Europe,Netherlands,Mustard Seeds,Rajasthan,Online,M,9/27/2019,450096660,10/3/2019,2879,69.92,1.44,1.01,100.68,70.62,4145.76,2907.79,1237.97,289857.72,203314.98,86542.74
Europe,Belgium,Fennel Seeds,Gujarat,Online,H,7/3/2025,397581664,7/7/2025,300,87.62,3.31,2.14,290.02,187.51,993.0,642.0,351.0,87006.0,56253.0,30753.0
Sub-Saharan Africa,Ghana,Cumin Seeds,Rajasthan,Online,M,10/14/2022,514344189,11/3/2022,603,79.23,4.34,2.98,343.86,236.11,2617.02,1796.94,820.08,207347.58,142374.33,64973.25
North America,Canada,Black Pepper,Kerala,Online,M,9/27/2019,880194873,10/4/2019,669,70.72,7.77,6.25,549.49,442.0,5198.13,4181.25,1016.88,367608.81,295698.0,71910.81
Middle East and North Africa,Saudi Arabia,Nutmeg,Kerala,Offline,M,11/1/2024,546151989,11/13/2024,403,84.5,12.85,9.69,1085.83,818.8,5178.55,3905.07,1273.48,437589.49,329976.4,107613.09
Australia and Oceania,Fiji,Cinnamon,Kerala,Offline,M,9/14/2025,665513075,9/22/2025,316,86.74,6.21,4.3,538.66,372.98,1962.36,1358.8,603.56,170216.56,117861.68,52354.88
Asia,India,Cardamom,Kerala,Offline,L,9/14/2023,750214566,10/2/2023,103,83.19,24.26,22.06,2018.19,1835.17,2498.78,2272.18,226.6,207873.57,189022.51,18851.06
Europe,Russia,Cardamom,Kerala,Offline,H,2/4/2019,392624141,2/8/2019,1005,69.07,22.17,17.19,1531.28,1187.31,22280.85,17275.95,5004.9,1538936.4,1193246.55,345689.85
Europe,Italy,Cloves,Tamil Nadu,Offline,C,5/19/2021,704643382,5/20/2021,862,74.09,10.34,7.97,766.09,590.5,8913.08,6870.14,2042.94,660369.58,509011.0,151358.58
Sub-Saharan Africa,South Africa,Fenugreek Seeds,Gujarat,Online,L,8/13/2021,438197151,9/3/2021,2624,74.21,2.54,1.69,188.49,125.41,6664.96,4434.56,2230.4,494597.76,329075.84,165521.92
Europe,United Kingdom,Turmeric,Andhra Pradesh,Online,M,8/8/2019,773042955,8/26/2019,1345,71.06,2.39,1.59,169.83,112.99,3214.55,2138.55,1076.0,228421.35,151971.55,76449.8
Europe,France,Red Chilli,Andhra Pradesh,Online,L,6/10/2020,674069819,7/5/2020,2390,74.4,3.1,1.88,230.64,139.87,7409.0,4493.2,2915.8,551229.6,334289.3,216940.3
Asia,Indonesia,Dry Ginger,Karnataka,Offline,M,10/20/2024,138059166,11/6/2024,3663,84.3,3.57,2.45,300.95,206.53,13076.91,8974.35,4102.56,1102379.85,756519.39,345860.46
Middle East and North Africa,Oman,Dry Ginger,Odisha,Offline,M,4/21/2023,942412645,5/14/2023,2509,81.99,3.8,2.64,311.56,216.45,9534.2,6623.76,2910.44,781704.04,543073.05,238630.99
Europe,Germany,Fennel Seeds,Gujarat,Offline,H,11/13/2021,438712599,11/25/2021,656,74.0,2.93,1.76,216.82,130.24,1922.08,1154.56,767.52,142233.92,85437.44,56796.48
Europe,France,Red Chilli,Telangana,Online,M,10/27/2021,170535614,11/11/2021,500,74.15,3.15,2.08,233.57,154.23,1575.0,1040.0,535.0,116785.0,77115.0,39670.0
Asia,Sri Lanka,Red Chilli,Telangana,Offline,C,8/10/2023,111503100,8/12/2023,864,82.56,3.26,1.95,269.15,160.99,2816.64,1684.8,1131.84,232545.6,139095.36,93450.24
Asia,Vietnam,Turmeric,Maharashtra,Online,L,8/29/2025,375477708,10/8/2025,952,87.05,2.44,1.78,212.4,154.95,2322.88,1694.56,628.32,202204.8,147512.4,54692.4
Europe,Russia,Black Pepper,Karnataka,Online,H,3/19/2022,471734524,3/29/2022,279,78.69,8.83,6.5,694.83,511.49,2463.57,1813.5,650.07,193857.57,142705.71,51151.86
Asia,Singapore,Fenugreek Seeds,Gujarat,Offline,M,12/23/2020,874548471,1/8/2021,1739,74.55,2.41,1.62,179.67,120.77,4190.99,2817.18,1373.81,312446.13,210019.03,102427.1
Asia,Japan,Black Pepper,Tamil Nadu,Offline,L,3/2/2022,902639586,3/19/2022,3385,77.35,7.29,5.51,563.88,426.2,24676.65,18651.35,6025.3,1908733.8,1442687.0,466046.8
Asia,Thailand,Mustard Seeds,Gujarat,Offline,H,12/23/2025,557275129,12/28/2025,1284,86.76,1.28,1.28,111.05,111.05,1643.52,1643.52,0.0,142588.2,142588.2,0.0
North America,Canada,Cinnamon,Kerala,Offline,M,4/12/2021,449673750,4/29/2021,249,74.04,5.59,4.21,413.88,311.71,1391.91,1048.29,343.62,103056.12,77615.79,25440.33
North America,Mexico,Dry Ginger,Meghalaya,Offline,L,10/1/2024,647462445,10/16/2024,763,84.76,3.85,3.06,326.33,259.37,2937.55,2334.78,602.77,248989.79,197899.31,51090.48
Europe,Poland,Black Pepper,Kerala,Offline,L,12/13/2023,581015516,1/2/2024,1276,83.59,9.24,6.81,772.37,569.25,11790.24,8689.56,3100.68,985544.12,726363.0,259181.12
Asia,Bangladesh,Black Pepper,Kerala,Online,M,8/30/2020,893067560,9/21/2020,899,75.05,7.92,6.24,594.4,468.31,7120.08,5609.76,1510.32,534365.6,421010.69,113354.91
Middle East and North Africa,Oman,Cumin Seeds,Gujarat,Offline,H,8/1/2020,753545645,8/11/2020,3473,73.74,3.86,2.47,284.64,182.14,13405.78,8578.31,4827.47,988554.72,632572.22,355982.5
Sub-Saharan Africa,Kenya,Fenugreek Seeds,Rajasthan,Online,M,3/2/2019,290249113,3/12/2019,2875,69.94,2.54,1.61,177.65,112.6,7302.5,4628.75,2673.75,510743.75,323725.0,187018.75
Asia,Sri Lanka,Coriander Seeds,Madhya Pradesh,Online,C,11/16/2020,537513197,11/17/2020,500,74.05,1.75,1.05,129.59,77.75,875.0,525.0,350.0,64795.0,38875.0,25920.0
Central America and the Caribbean,Panama,Mustard Seeds,Rajasthan,Online,L,4/19/2023,811052770,5/14/2023,1860,82.19,1.26,0.94,103.56,77.26,2343.6,1748.4,595.2,192621.6,143703.6,48918.0
Europe,Belgium,Black Pepper,Karnataka,Offline,M,9/26/2021,840996861,10/1/2021,2809,74.69,7.78,4.98,581.09,371.96,21854.02,13988.82,7865.2,1632281.81,1044835.64,587446.17
Asia,Singapore,Fennel Seeds,Gujarat,Online,C,10/16/2022,618957610,10/17/2022,1194,78.43,3.09,1.97,242.35,154.51,3689.46,2352.18,1337.28,289365.9,184484.94,104880.96
Europe,Belgium,Turmeric,Telangana,Online,L,4/10/2025,810763850,4/24/2025,500,87.01,2.67,1.8,232.32,156.62,1335.0,900.0,435.0,116160.0,78310.0,37850.0
Sub-Saharan Africa,Tanzania,Cumin Seeds,Rajasthan,Offline,C,8/20/2025,703084079,8/27/2025,337,87.21,3.78,2.77,329.65,241.57,1273.86,933.49,340.37,111092.05,81409.09,29682.96
Europe,Germany,Garam Masala,Gujarat,Online,H,8/27/2020,500686683,9/2/2020,375,74.53,7.89,4.76,588.04,354.76,2958.75,1785.0,1173.75,220515.0,133035.0,87480.0
Europe,Spain,Black Pepper,Kerala,Online,H,8/17/2023,343612810,8/23/2023,200,82.6,9.1,7.46,751.66,616.2,1820.0,1492.0,328.0,150332.0,123240.0,27092.0
Middle East and North Africa,United Arab Emirates,Fennel Seeds,Rajasthan,Offline,M,4/28/2019,565517548,5/15/2019,921,69.97,2.86,1.77,200.11,123.85,2634.06,1630.17,1003.89,184301.31,114065.85,70235.46
North America,Canada,Cumin Seeds,Rajasthan,Online,H,8/31/2019,576204622,9/5/2019,1030,71.11,4.18,2.79,297.24,198.4,4305.4,2873.7,1431.7,306157.2,204352.0,101805.2
Asia,Nepal,Cardamom,Kerala,Online,L,10/1/2021,594524401,10/23/2021,50,74.53,24.51,21.17,1826.73,1577.8,1225.5,1058.5,167.0,91336.5,78890.0,12446.5
Australia and Oceania,Australia,Garam Masala,Maharashtra,Online,L,6/22/2019,567445798,7/24/2019,209,71.25,7.13,4.35,508.01,309.94,1490.17,909.15,581.02,106174.09,64777.46,41396.63
Middle East and North Africa,Iran,Cinnamon,Kerala,Offline,H,1/16/2023,165219860,1/23/2023,2072,81.77,5.25,3.46,429.29,282.92,10878.0,7169.12,3708.88,889488.88,586210.24,303278.64
Asia,Vietnam,Turmeric,Andhra Pradesh,Online,M,11/4/2021,281193673,11/26/2021,500,74.8,2.43,1.56,181.76,116.69,1215.0,780.0,435.0,90880.0,58345.0,32535.0
Asia,India,Cloves,Kerala,Offline,L,10/29/2021,905831741,12/2/2021,204,73.92,10.55,8.74,779.86,646.06,2152.2,1782.96,369.24,159091.44,131796.24,27295.2
Middle East and North Africa,Jordan,Turmeric,Odisha,Online,L,10/30/2021,442009698,11/27/2021,3226,74.44,2.22,1.45,165.26,107.94,7161.72,4677.7,2484.02,533128.76,348214.44,184914.32
Europe,United Kingdom,Black Pepper,Karnataka,Online,H,7/11/2025,850288057,7/17/2025,280,87.28,9.42,6.93,822.18,604.85,2637.6,1940.4,697.2,230210.4,169358.0,60852.4
Sub-Saharan Africa,Nigeria,Turmeric,Andhra Pradesh,Offline,L,10/22/2021,323199878,12/1/2021,6538,73.78,2.13,1.29,157.15,95.18,13925.94,8434.02,5491.92,1027446.7,622286.84,405159.86
Asia,Indonesia,Black Pepper,Kerala,Online,L,11/23/2025,771508199,12/23/2025,231,88.01,8.91,7.18,784.17,631.91,2058.21,1658.58,399.63,181143.27,145971.21,35172.06
North America,Mexico,Garam Masala,Kerala,Online,L,12/6/2021,793709678,1/13/2022,592,74.8,8.67,5.15,648.52,385.22,5132.64,3048.8,2083.84,383923.84,228050.24,155873.6
Middle East and North Africa,Iran,Coriander Seeds,Gujarat,Online,C,10/26/2025,742850696,11/2/2025,1277,86.99,2.04,1.29,177.46,112.22,2605.08,1647.33,957.75,226616.42,143304.94,83311.48
Asia,Indonesia,Cinnamon,Kerala,Offline,M,11/10/2021,556349968,11/24/2021,1203,74.02,4.82,3.36,356.78,248.71,5798.46,4042.08,1756.38,429206.34,299198.13,130008.21
Central America and the Caribbean,Jamaica,Dry Ginger,Sikkim,Offline,H,7/27/2025,728735266,7/30/2025,338,87.24,4.03,3.07,351.58,267.83,1362.14,1037.66,324.48,118834.04,90526.54,28307.5
Australia and Oceania,Fiji,Cumin Seeds,Gujarat,Online,C,4/1/2021,872242175,4/7/2021,391,73.46,4.18,3.04,307.06,223.32,1634.38,1188.64,445.74,120060.46,87318.12,32742.34
Europe,Germany,Fennel Seeds,Rajasthan,Offline,L,12/14/2024,566139798,1/16/2025,1184,83.28,3.07,1.95,255.67,162.4,3634.88,2308.8,1326.08,302713.28,192281.6,110431.68
Middle East and North Africa,Iran,Black Pepper,Kerala,Offline,C,6/9/2022,227403346,6/12/2022,655,77.89,8.15,5.8,634.8,451.76,5338.25,3799.0,1539.25,415794.0,295902.8,119891.2
Asia,South Korea,Turmeric,Odisha,Online,L,3/1/2022,184101339,3/14/2022,596,78.17,2.13,1.45,166.5,113.35,1269.48,864.2,405.28,99234.0,67556.6,31677.4
Europe,Germany,Dry Ginger,Kerala,Online,H,3/14/2020,316563437,3/19/2020,505,74.23,3.92,2.64,290.98,195.97,1979.6,1333.2,646.4,146944.9,98964.85,47980.05
North America,Mexico,Cinnamon,Kerala,Offline,L,12/7/2025,792756273,1/15/2026,1227,87.0,6.36,4.72,553.32,410.64,7803.72,5791.44,2012.28,678923.64,503855.28,175068.36
Middle East and North Africa,Turkey,Dry Ginger,Kerala,Online,L,7/2/2019,925090547,7/20/2019,448,70.47,3.34,2.67,235.37,188.15,1496.32,1196.16,300.16,105445.76,84291.2,21154.56
Europe,Germany,Coriander Seeds,Rajasthan,Offline,H,11/23/2023,706024177,12/1/2023,2065,82.62,1.86,1.16,153.67,95.84,3840.9,2395.4,1445.5,317328.55,197909.6,119418.95
Asia,Singapore,Dry Ginger,Kerala,Online,L,11/23/2019,402214304,12/15/2019,439,70.84,3.26,2.59,230.94,183.48,1431.14,1137.01,294.13,101382.66,80547.72,20834.94
Europe,Spain,Red Chilli,Madhya Pradesh,Offline,M,3/5/2022,474913865,3/26/2022,7952,77.87,3.12,3.12,242.95,242.95,24810.24,24810.24,0.0,1931938.4,1931938.4,0.0
Central America and the Caribbean,Jamaica,Garam Masala,Kerala,Offline,L,10/24/2022,740474498,11/29/2022,128,78.61,7.19,4.28,565.21,336.45,920.32,547.84,372.48,72346.88,43065.6,29281.28
Europe,Italy,Nutmeg,Kerala,Online,M,11/25/2022,291976727,12/19/2022,100,79.8,12.94,10.21,1032.61,814.76,1294.0,1021.0,273.0,103261.0,81476.0,21785.0
Europe,Germany,Turmeric,Odisha,Online,M,4/26/2022,709977171,5/21/2022,832,77.62,2.34,1.63,181.63,126.52,1946.88,1356.16,590.72,151116.16,105264.64,45851.52
Europe,Netherlands,Cumin Seeds,Gujarat,Offline,L,3/1/2023,963800366,3/16/2023,315,82.4,4.84,3.19,398.82,262.86,1524.6,1004.85,519.75,125628.3,82800.9,42827.4
Asia,Nepal,Cinnamon,Kerala,Online,H,4/28/2024,874022515,5/6/2024,390,84.0,5.74,4.51,482.16,378.84,2238.6,1758.9,479.7,188042.4,147747.6,40294.8
Asia,Bangladesh,Cumin Seeds,Gujarat,Online,L,10/1/2024,780353948,11/4/2024,373,84.21,3.93,2.69,330.95,226.52,1465.89,1003.37,462.52,123444.35,84491.96,38952.39
Australia and Oceania,New Zealand,Black Pepper,Kerala,Online,L,11/19/2024,103870171,12/15/2024,3384,84.31,10.05,7.68,847.32,647.5,34009.2,25989.12,8020.08,2867330.88,2191140.0,676190.88
Asia,Malaysia,Black Pepper,Karnataka,Online,L,8/24/2022,737098790,9/14/2022,1002,77.67,7.73,5.07,600.39,393.79,7745.46,5080.14,2665.32,601590.78,394577.58,207013.2
Central America and the Caribbean,Guatemala,Coriander Seeds,Rajasthan,Offline,M,11/4/2022,856923528,11/23/2022,7194,78.54,1.68,1.09,131.95,85.61,12085.92,7841.46,4244.46,949248.3,615878.34,333369.96
Europe,Spain,Red Chilli,Karnataka,Online,H,11/3/2025,187370041,11/13/2025,500,87.2,3.6,2.36,313.92,205.79,1800.0,1180.0,620.0,156960.0,102895.0,54065.0
Asia,Indonesia,Black Pepper,Kerala,Online,H,7/8/2019,592597758,7/11/2019,2215,70.17,7.2,6.01,505.22,421.72,15948.0,13312.15,2635.85,1119062.3,934109.8,184952.5
Europe,Netherlands,Red Chilli,Madhya Pradesh,Offline,L,2/15/2024,508395321,3/18/2024,3328,83.65,3.32,2.09,277.72,174.83,11048.96,6955.52,4093.44,924252.16,581834.24,342417.92
Middle East and North Africa,Egypt,Dry Ginger,Kerala,Online,L,5/3/2021,386814823,6/8/2021,409,73.69,3.38,2.29,249.07,168.75,1382.42,936.61,445.81,101869.63,69018.75,32850.88
Middle East and North Africa,Jordan,Coriander Seeds,Madhya Pradesh,Online,L,7/28/2024,444164496,8/26/2024,863,83.76,2.03,1.4,170.03,117.26,1751.89,1208.2,543.69,146735.89,101195.38,45540.51
Europe,United Kingdom,Dry Ginger,Meghalaya,Online,H,1/19/2022,215509960,1/24/2022,300,77.25,3.79,2.55,292.78,196.99,1137.0,765.0,372.0,87834.0,59097.0,28737.0
Middle East and North Africa,Turkey,Red Chilli,Telangana,Offline,H,12/11/2022,128290076,12/19/2022,3831,79.11,3.11,2.42,246.03,191.45,11914.41,9271.02,2643.39,942540.93,733444.95,209095.98
Asia,Thailand,Turmeric,Tamil Nadu,Offline,M,2/17/2022,247436013,3/7/2022,2668,78.58,2.33,1.65,183.09,129.66,6216.44,4402.2,1814.24,488484.12,345932.88,142551.24
Sub-Saharan Africa,Nigeria,Cumin Seeds,Rajasthan,Online,L,6/24/2019,527704438,7/17/2019,492,69.79,3.82,2.81,266.6,196.11,1879.44,1382.52,496.92,131167.2,96486.12,34681.08
Australia and Oceania,Australia,Turmeric,Odisha,Online,M,10/23/2021,709565279,11/5/2021,3333,73.74,2.38,1.71,175.5,126.1,7932.54,5699.43,2233.11,584941.5,420291.3,164650.2
Europe,Spain,Cumin Seeds,Gujarat,Online,C,10/2/2019,851936336,10/3/2019,434,69.79,4.29,3.08,299.4,214.95,1861.86,1336.72,525.14,129939.6,93288.3,36651.3
Europe,Belgium,Fennel Seeds,Rajasthan,Offline,M,4/12/2023,313476805,4/22/2023,2630,82.07,2.88,1.75,236.36,143.62,7574.4,4602.5,2971.9,621626.8,377720.6,243906.2
North America,Canada,Turmeric,Telangana,Offline,M,1/6/2020,437305284,1/17/2020,4514,73.88,2.62,2.53,193.57,186.92,11826.68,11420.42,406.26,873774.98,843756.88,30018.1
Sub-Saharan Africa,Kenya,Cinnamon,Kerala,Online,M,12/12/2020,763290603,12/29/2020,968,75.11,4.86,3.54,365.03,265.89,4704.48,3426.72,1277.76,353349.04,257381.52,95967.52
Asia,India,Fenugreek Seeds,Rajasthan,Offline,M,9/12/2023,502920073,10/1/2023,4953,82.67,2.57,1.61,212.46,133.1,12729.21,7974.33,4754.88,1052314.38,659244.3,393070.08
Asia,Malaysia,Turmeric,Odisha,Offline,H,1/6/2022,604099001,1/13/2022,963,78.2,2.18,1.53,170.48,119.65,2099.34,1473.39,625.95,164172.24,115222.95,48949.29
Asia,Thailand,Cardamom,Kerala,Online,M,5/30/2021,804820895,6/24/2021,289,73.29,23.69,20.38,1736.24,1493.65,6846.41,5889.82,956.59,501773.36,431664.85,70108.51
Asia,India,Dry Ginger,Kerala,Offline,H,11/23/2025,339850562,12/1/2025,5544,85.85,4.15,2.68,356.28,230.08,23007.6,14857.92,8149.68,1975216.32,1275563.52,699652.8
Asia,Malaysia,Black Pepper,Karnataka,Offline,L,9/22/2024,952509271,10/7/2024,540,84.22,8.14,5.8,685.55,488.48,4395.6,3132.0,1263.6,370197.0,263779.2,106417.8
North America,Canada,Cumin Seeds,Rajasthan,Online,C,10/14/2023,480651439,10/21/2023,1900,82.31,4.8,3.16,395.09,260.1,9120.0,6004.0,3116.0,750671.0,494190.0,256481.0
Europe,Netherlands,Dry Ginger,Kerala,Offline,L,8/22/2022,715615739,9/18/2022,1612,78.18,3.88,2.58,303.34,201.7,6254.56,4158.96,2095.6,488984.08,325140.4,163843.68
Middle East and North Africa,Egypt,Black Pepper,Karnataka,Offline,C,6/18/2021,703754936,6/24/2021,1013,73.23,8.22,6.0,601.95,439.38,8326.86,6078.0,2248.86,609775.35,445091.94,164683.41
Europe,United Kingdom,Red Chilli,Madhya Pradesh,Offline,M,2/7/2023,495294681,2/18/2023,5781,82.05,3.42,2.24,280.61,183.79,19771.02,12949.44,6821.58,1622206.41,1062489.99,559716.42
Asia,Bangladesh,Dry Ginger,Kerala,Offline,M,12/4/2024,373218324,12/25/2024,588,83.88,4.03,2.78,338.04,233.19,2369.64,1634.64,735.0,198767.52,137115.72,61651.8
Asia,Vietnam,Cinnamon,Kerala,Offline,L,3/26/2022,884653404,4/27/2022,2863,78.67,4.82,3.43,379.19,269.84,13799.66,9820.09,3979.57,1085620.97,772551.92,313069.05
Asia,Malaysia,Cardamom,Kerala,Offline,M,11/19/2025,650943712,12/10/2025,406,86.26,25.99,21.12,2241.9,1821.81,10551.94,8574.72,1977.22,910211.4,739654.86,170556.54
Sub-Saharan Africa,Ghana,Red Chilli,Andhra Pradesh,Offline,C,5/10/2025,371665928,5/12/2025,1644,87.04,3.43,2.82,298.55,245.45,5638.92,4636.08,1002.84,490816.2,403519.8,87296.4
North America,Canada,Nutmeg,Kerala,Online,M,9/19/2022,978748536,10/3/2022,467,79.55,13.43,9.64,1068.36,766.86,6271.81,4501.88,1769.93,498924.12,358123.62,140800.5
Asia,Malaysia,Mustard Seeds,Madhya Pradesh,Online,H,11/28/2025,920537542,12/4/2025,5321,88.08,1.35,0.88,118.91,77.51,7183.35,4682.48,2500.87,632720.11,412430.71,220289.4
Europe,United Kingdom,Black Pepper,Kerala,Online,L,1/12/2022,259617872,1/31/2022,1160,78.77,9.15,6.61,720.75,520.67,10614.0,7667.6,2946.4,836070.0,603977.2,232092.8
Asia,Malaysia,Mustard Seeds,Madhya Pradesh,Offline,M,9/19/2024,360448864,10/12/2024,1589,83.8,1.22,0.85,102.24,71.23,1938.58,1350.65,587.93,162459.36,113184.47,49274.89
Europe,Netherlands,Red Chilli,Karnataka,Offline,H,8/17/2024,363950669,8/23/2024,3871,84.78,3.47,2.44,294.19,206.86,13432.37,9445.24,3987.13,1138809.49,800755.06,338054.43
North America,Mexico,Mustard Seeds,Rajasthan,Offline,M,12/6/2023,800617556,12/30/2023,11571,83.6,1.53,1.06,127.91,88.62,17703.63,12265.26,5438.37,1480046.61,1025422.02,454624.59
North America,United States,Red Chilli,Karnataka,Online,H,3/7/2020,858037899,3/13/2020,1460,74.98,3.2,2.04,239.94,152.96,4672.0,2978.4,1693.6,350312.4,223321.6,126990.8
Europe,Russia,Red Chilli,Andhra Pradesh,Offline,M,3/2/2020,373255237,3/8/2020,1810,73.31,3.26,2.08,238.99,152.48,5900.6,3764.8,2135.8,432571.9,275988.8,156583.1
Sub-Saharan Africa,Ghana,Cardamom,Kerala,Online,M,2/20/2020,664242528,3/10/2020,84,72.79,23.21,17.4,1689.46,1266.55,1949.64,1461.6,488.04,141914.64,106390.2,35524.44
Europe,Russia,Cinnamon,Kerala,Offline,M,10/14/2021,772848391,11/4/2021,1269,74.04,5.66,3.77,419.07,279.13,7182.54,4784.13,2398.41,531799.83,354215.97,177583.86
Asia,Thailand,Cinnamon,Kerala,Offline,H,1/22/2021,696665203,2/3/2021,3065,73.97,5.75,3.96,425.33,292.92,17623.75,12137.4,5486.35,1303636.45,897799.8,405836.65
Asia,Singapore,Coriander Seeds,Rajasthan,Online,M,12/7/2020,680843417,12/19/2020,1060,75.41,1.71,1.11,128.95,83.71,1812.6,1176.6,636.0,136687.0,88732.6,47954.4
Asia,Bangladesh,Dry Ginger,Kerala,Offline,M,1/26/2019,569564489,2/2/2019,1020,69.56,3.19,2.37,221.9,164.86,3253.8,2417.4,836.4,226338.0,168157.2,58180.8
Europe,Russia,Turmeric,Tamil Nadu,Online,M,7/12/2024,713235720,7/21/2024,596,84.26,2.64,1.8,222.45,151.67,1573.44,1072.8,500.64,132580.2,90395.32,42184.88
Middle East and North Africa,Turkey,Coriander Seeds,Rajasthan,Online,M,3/11/2021,451212770,3/25/2021,4236,73.02,1.72,1.16,125.59,84.7,7285.92,4913.76,2372.16,531999.24,358789.2,173210.04
North America,Mexico,Dry Ginger,Meghalaya,Offline,L,6/21/2019,913878269,7/30/2019,1253,70.57,3.49,2.39,246.29,168.66,4372.97,2994.67,1378.3,308601.37,211330.98,97270.39
Europe,Spain,Dry Ginger,Odisha,Offline,L,4/7/2024,484808087,4/23/2024,1972,82.78,3.9,2.52,322.84,208.61,7690.8,4969.44,2721.36,636640.48,411378.92,225261.56
Europe,United Kingdom,Dry Ginger,Kerala,Online,H,8/11/2020,632131892,8/19/2020,337,74.2,3.79,2.48,281.22,184.02,1277.23,835.76,441.47,94771.14,62014.74,32756.4
Asia,South Korea,Mustard Seeds,Rajasthan,Online,H,4/12/2020,962975800,4/16/2020,6295,73.68,1.34,0.81,98.73,59.68,8435.3,5098.95,3336.35,621505.35,375685.6,245819.75
Europe,Netherlands,Black Pepper,Kerala,Offline,M,10/21/2022,994291166,11/7/2022,724,78.93,8.79,6.61,693.79,521.73,6363.96,4785.64,1578.32,502303.96,377732.52,124571.44
Europe,Spain,Turmeric,Tamil Nadu,Offline,M,5/27/2021,342055805,6/20/2021,643,74.66,2.5,1.63,186.65,121.7,1607.5,1048.09,559.41,120015.95,78253.1,41762.85
Asia,India,Mustard Seeds,Rajasthan,Offline,M,5/16/2025,357803847,6/10/2025,1195,87.14,1.34,1.15,116.77,100.21,1601.3,1374.25,227.05,139540.15,119750.95,19789.2
Sub-Saharan Africa,South Africa,Cumin Seeds,Gujarat,Offline,H,7/30/2022,749628077,8/10/2022,3392,79.23,3.87,2.39,306.62,189.36,13127.04,8106.88,5020.16,1040055.04,642309.12,397745.92
North America,United States,Turmeric,Telangana,Online,M,8/29/2023,811497701,9/19/2023,500,82.8,2.76,1.93,228.53,159.8,1380.0,965.0,415.0,114265.0,79900.0,34365.0
Asia,Indonesia,Fenugreek Seeds,Rajasthan,Offline,M,11/28/2019,634223147,12/22/2019,2566,71.07,2.35,1.53,167.01,108.74,6030.1,3925.98,2104.12,428547.66,279026.84,149520.82
Australia and Oceania,Australia,Mustard Seeds,Madhya Pradesh,Online,C,2/1/2025,419260109,2/2/2025,4381,85.68,1.49,1.01,127.66,86.54,6527.69,4424.81,2102.88,559278.46,379131.74,180146.72
Asia,Thailand,Turmeric,Karnataka,Online,M,6/25/2025,509297536,7/6/2025,1003,86.17,2.66,1.8,229.21,155.11,2667.98,1805.4,862.58,229897.63,155575.33,74322.3
Europe,Poland,Red Chilli,Andhra Pradesh,Online,H,7/30/2023,345696957,8/9/2023,1483,82.33,3.8,2.32,312.85,191.01,5635.4,3440.56,2194.84,463956.55,283267.83,180688.72
Australia and Oceania,Australia,Black Pepper,Kerala,Online,M,12/29/2022,738402291,1/17/2023,200,79.02,8.34,6.39,659.03,504.94,1668.0,1278.0,390.0,131806.0,100988.0,30818.0
Asia,India,Dry Ginger,Kerala,Offline,M,3/21/2020,414967768,4/4/2020,483,72.53,3.38,2.32,245.15,168.27,1632.54,1120.56,511.98,118407.45,81274.41,37133.04
Europe,United Kingdom,Dry Ginger,Odisha,Online,H,7/30/2023,455401068,8/9/2023,704,82.7,3.77,2.5,311.78,206.75,2654.08,1760.0,894.08,219493.12,145552.0,73941.12
Asia,Sri Lanka,Garam Masala,Maharashtra,Online,L,1/23/2025,600743996,2/25/2025,596,85.53,8.31,4.97,710.75,425.08,4952.76,2962.12,1990.64,423607.0,253347.68,170259.32
Asia,Malaysia,Cloves,Tamil Nadu,Online,L,8/10/2022,726103743,9/6/2022,1077,78.62,10.15,7.66,797.99,602.23,10931.55,8249.82,2681.73,859435.23,648601.71,210833.52
Europe,Germany,Cloves,Kerala,Offline,L,11/6/2023,268887644,11/29/2023,308,83.97,12.42,9.55,1042.91,801.91,3825.36,2941.4,883.96,321216.28,246988.28,74228.0
Middle East and North Africa,United Arab Emirates,Cardamom,Kerala,Offline,M,2/4/2021,755645225,2/13/2021,251,74.23,22.63,18.31,1679.82,1359.15,5680.13,4595.81,1084.32,421634.82,341146.65,80488.17
North America,Canada,Fenugreek Seeds,Rajasthan,Offline,L,2/7/2025,985354648,2/19/2025,3930,86.36,2.91,1.77,251.31,152.86,11436.3,6956.1,4480.2,987648.3,600739.8,386908.5
Europe,Sweden,Turmeric,Telangana,Offline,C,2/6/2019,622824184,2/13/2019,5947,71.29,2.55,1.65,181.79,117.63,15164.85,9812.55,5352.3,1081105.13,699545.61,381559.52
Europe,Netherlands,Turmeric,Andhra Pradesh,Online,M,11/6/2024,891230117,11/16/2024,2642,83.47,2.55,1.66,212.85,138.56,6737.1,4385.72,2351.38,562349.7,366075.52,196274.18
Asia,Bangladesh,Fennel Seeds,Rajasthan,Online,L,11/1/2021,783529563,12/11/2021,728,74.57,2.84,1.87,211.78,139.45,2067.52,1361.36,706.16,154175.84,101519.6,52656.24
Asia,Singapore,Fennel Seeds,Rajasthan,Offline,M,4/23/2019,857472410,5/6/2019,1548,70.14,2.79,1.9,195.69,133.27,4318.92,2941.2,1377.72,302928.12,206301.96,96626.16
North America,Mexico,Cardamom,Kerala,Offline,C,1/4/2022,587993388,1/10/2022,433,78.07,25.15,19.46,1963.46,1519.24,10889.95,8426.18,2463.77,850178.18,657830.92,192347.26
Middle East and North Africa,United Arab Emirates,Cumin Seeds,Rajasthan,Online,C,6/4/2024,504433019,6/10/2024,300,83.23,4.91,3.35,408.66,278.82,1473.0,1005.0,468.0,122598.0,83646.0,38952.0
Europe,Netherlands,Cardamom,Kerala,Online,M,8/9/2024,916417763,8/20/2024,149,83.59,25.31,20.81,2115.66,1739.51,3771.19,3100.69,670.5,315233.34,259186.99,56046.35
Middle East and North Africa,United Arab Emirates,Cumin Seeds,Gujarat,Online,C,1/3/2019,329414787,1/4/2019,469,70.4,3.9,2.73,274.56,192.19,1829.1,1280.37,548.73,128768.64,90137.11,38631.53
Europe,Poland,Cloves,Tamil Nadu,Online,H,2/16/2023,151981777,2/19/2023,100,81.97,13.44,9.27,1101.68,759.86,1344.0,927.0,417.0,110168.0,75986.0,34182.0
Middle East and North Africa,United Arab Emirates,Cumin Seeds,Gujarat,Offline,C,3/10/2024,284609414,3/17/2024,3005,84.15,4.32,3.01,363.53,253.29,12981.6,9045.05,3936.55,1092407.65,761136.45,331271.2
Europe,Poland,Dry Ginger,Odisha,Offline,C,1/31/2020,715793868,2/1/2020,2790,73.29,3.38,2.43,247.72,178.09,9430.2,6779.7,2650.5,691138.8,496871.1,194267.7
Asia,Japan,Cumin Seeds,Gujarat,Offline,H,7/22/2023,489852122,7/29/2023,1002,82.79,4.33,2.76,358.48,228.5,4338.66,2765.52,1573.14,359196.96,228957.0,130239.96
North America,United States,Turmeric,Karnataka,Offline,M,11/22/2019,563171095,12/3/2019,7580,71.36,2.53,1.51,180.54,107.75,19177.4,11445.8,7731.6,1368493.2,816745.0,551748.2
Europe,Netherlands,Red Chilli,Telangana,Offline,C,10/26/2023,994531088,10/30/2023,2226,83.15,3.44,2.99,286.04,248.62,7657.44,6655.74,1001.7,636725.04,553428.12,83296.92
North America,United States,Coriander Seeds,Rajasthan,Offline,M,10/9/2022,608484192,10/26/2022,764,77.66,1.96,1.23,152.21,95.52,1497.44,939.72,557.72,116288.44,72977.28,43311.16
Asia,Nepal,Cumin Seeds,Rajasthan,Offline,H,9/15/2023,634521519,9/23/2023,1084,82.42,4.18,2.68,344.52,220.89,4531.12,2905.12,1626.0,373459.68,239444.76,134014.92
Middle East and North Africa,Turkey,Black Pepper,Karnataka,Offline,H,2/20/2023,815379936,2/26/2023,1167,81.92,7.65,5.2,626.69,425.98,8927.55,6068.4,2859.15,731347.23,497118.66,234228.57
Central America and the Caribbean,Panama,Cinnamon,Tamil Nadu,Online,L,11/6/2020,587319100,11/17/2020,2462,74.73,5.41,3.97,404.29,296.68,13319.42,9774.14,3545.28,995361.98,730426.16,264935.82
Asia,Bangladesh,Cloves,Kerala,Offline,C,3/26/2024,226607975,4/2/2024,178,82.93,10.96,8.17,908.91,677.54,1950.88,1454.26,496.62,161785.98,120602.12,41183.86
Central America and the Caribbean,Trinidad and Tobago,Cumin Seeds,Rajasthan,Online,M,8/13/2025,673110184,8/31/2025,1987,86.68,5.39,3.97,467.21,344.12,10709.93,7888.39,2821.54,928346.27,683766.44,244579.83
Sub-Saharan Africa,Kenya,Red Chilli,Karnataka,Offline,M,5/1/2022,419425600,5/15/2022,4411,78.17,2.83,1.84,221.22,143.83,12483.13,8116.24,4366.89,975801.42,634434.13,341367.29
